area,bedrooms,bathrooms,location,house_age,parking,price,district,land_size,town
1600,3,1,Matara,8,2,5400000.0,Matara,50.0,Matara City
1480,3,3,Colombo,17,2,16800000.0,Colombo,8.0,Athurugiriya
2800,3,2,Gampaha,7,2,20000000.0,Gampaha,20.0,Kelaniya
4000,5,5,Colombo,47,2,187000000.0,Colombo,22.0,Colombo 6
3300,4,4,Colombo,8,2,55000000.0,Colombo,11.0,Talawatugoda
4100,4,4,Kandy,16,2,45000000.0,Kandy,10.0,Kandy City
1400,3,3,Colombo,47,2,16700000.0,Colombo,9.0,Piliyandala
4000,4,4,Colombo,31,2,50000000.0,Colombo,10.0,Talawatugoda
2000,3,1,Gampaha,5,2,16000000.0,Gampaha,3000.0,Kadawatha
5000,4,2,Gampaha,20,2,19500000.0,Gampaha,10.0,Gampaha City
1800,3,1,Kandy,22,2,11500000.0,Kandy,9.85,Katugastota
3100,4,3,Gampaha,10,2,26500000.0,Gampaha,10.5,Negombo
1900,4,2,Colombo,42,2,19000000.0,Colombo,11.4,Malabe
1100,3,1,Jaffna,4,2,11000000.0,Jaffna,80.0,Jaffna City
1250,3,2,Colombo,13,2,16500000.0,Colombo,7.5,Malabe
950,2,1,Colombo,32,1,6500000.0,Colombo,3.0,Rajagiriya
3000,4,5,Colombo,7,2,55000000.0,Colombo,11.0,Battaramulla
2900,4,3,Colombo,48,2,50000000.0,Colombo,20.5,Battaramulla
1400,3,2,Colombo,42,2,13500000.0,Colombo,15.0,Moratuwa
2900,4,2,Colombo,10,2,24500000.0,Colombo,7.42,Moratuwa
2880,4,2,Colombo,43,2,32500000.0,Colombo,21.5,Piliyandala
2042,5,4,Colombo,7,2,32500000.0,Colombo,7.5,Dehiwala
3200,4,3,Colombo,18,2,33000000.0,Colombo,8.0,Kottawa
2800,5,3,Colombo,40,2,28500000.0,Colombo,10.2,Homagama
2600,5,3,Gampaha,8,2,17000000.0,Gampaha,10.3,Minuwangoda
2882,4,4,Gampaha,39,2,31000000.0,Gampaha,12.5,Negombo
750,3,1,Galle,20,2,4500000.0,Galle,150.0,Elpitiya
1800,3,1,Colombo,23,2,14800000.0,Colombo,6.8,Malabe
2700,4,4,Colombo,50,2,27000000.0,Colombo,7.0,Kottawa
4200,4,4,Colombo,10,2,39500000.0,Colombo,12.0,Battaramulla
4000,8,6,Galle,39,4,32500000.0,Galle,11.0,Karapitiya
2000,6,5,Colombo,25,3,35000000.0,Colombo,10.0,Dehiwala
5000,6,5,Colombo,46,3,65000000.0,Colombo,27.5,Talawatugoda
1650,4,2,Colombo,24,2,36440000.0,Colombo,9.11,Colombo 9
3000,6,4,Colombo,2,3,40000000.0,Colombo,12.1,Ratmalana
4000,4,4,Colombo,18,2,49500000.0,Colombo,10.0,Talawatugoda
2500,4,3,Colombo,9,2,25500000.0,Colombo,6.8,Piliyandala
5000,7,4,Kandy,1,4,29500000.0,Kandy,10.0,Kandy City
3200,5,5,Colombo,48,2,85000000.0,Colombo,15.5,Dehiwala
2800,4,4,Colombo,37,2,28000000.0,Colombo,10.0,Athurugiriya
2800,3,3,Colombo,3,2,47000000.0,Colombo,14.0,Nugegoda
3000,3,1,Kalutara,13,2,8400000.0,Kalutara,15.0,Kalutara City
5400,3,2,Colombo,36,2,75000000.0,Colombo,10.4,Boralesgamuwa
600,2,1,Kandy,7,1,18500000.0,Kandy,1.5,Kandy City
3800,6,4,Colombo,22,3,29500000.0,Colombo,13.0,Kottawa
6000,8,7,Colombo,33,4,65000000.0,Colombo,26.0,Moratuwa
4300,5,5,Colombo,1,2,39000000.0,Colombo,13.98,Piliyandala
2200,3,3,Colombo,46,2,25000000.0,Colombo,10.0,Athurugiriya
2000,3,3,Colombo,15,2,20500000.0,Colombo,6.5,Athurugiriya
1200,3,3,Colombo,18,2,14500000.0,Colombo,6.0,Athurugiriya
2290,4,3,Colombo,3,2,21200000.0,Colombo,6.25,Battaramulla
1800,3,3,Colombo,15,2,17800000.0,Colombo,6.5,Piliyandala
4000,5,1,Galle,43,2,16000000.0,Galle,20.0,Baddegama
1800,4,2,Colombo,35,2,19800000.0,Colombo,8.0,Kotte
2089,5,3,Gampaha,7,2,25500000.0,Gampaha,13.5,Kandana
2800,4,4,Colombo,49,2,27500000.0,Colombo,11.5,Malabe
3600,4,4,Colombo,42,2,36000000.0,Colombo,10.0,Malabe
600,2,1,Colombo,46,1,3900000.0,Colombo,13.0,Homagama
2200,3,2,Colombo,23,2,25000000.0,Colombo,23.0,Piliyandala
1800,3,1,Matara,24,2,7500000.0,Matara,10.3,Matara City
2800,4,3,Colombo,7,2,24800000.0,Colombo,6.5,Piliyandala
3500,4,4,Colombo,4,2,34000000.0,Colombo,8.5,Piliyandala
2500,3,2,Kurunegala,47,2,15000000.0,Kurunegala,13.8,Kurunegala City
4900,4,2,Gampaha,6,2,70000000.0,Gampaha,20.0,Kadawatha
3500,3,1,Gampaha,35,2,4000000.0,Gampaha,90.0,Nittambuwa
1500,3,1,Colombo,34,2,89000000.0,Colombo,15.0,Homagama
1540,3,2,Colombo,43,2,12500000.0,Colombo,10.0,Homagama
1900,4,3,Colombo,36,2,19000000.0,Colombo,11.4,Malabe
1100,3,1,Colombo,7,2,79500000.0,Colombo,7.0,Homagama
1650,3,1,Colombo,32,2,12000000.0,Colombo,20.0,Homagama
1100,3,2,Colombo,41,2,14200000.0,Colombo,7.86,Malabe
3158,3,1,Colombo,9,2,7500000.0,Colombo,11.6,Homagama
4000,2,1,Gampaha,34,1,5500000.0,Gampaha,15.0,Nittambuwa
3500,3,1,Gampaha,6,2,36400000.0,Gampaha,280.0,Nittambuwa
3500,6,3,Kurunegala,19,3,24500000.0,Kurunegala,15.0,Kurunegala City
1900,4,2,Gampaha,11,2,49000000.0,Gampaha,31.0,Ragama
2750,4,2,Gampaha,8,2,16800000.0,Gampaha,12.05,Ja-Ela
1795,3,3,Colombo,46,2,21000000.0,Colombo,10.6,Piliyandala
2900,5,5,Puttalam,8,2,28000000.0,Puttalam,112.0,Chilaw
1300,3,2,Colombo,11,2,16500000.0,Colombo,7.4,Kottawa
2500,3,2,Gampaha,10,2,16000000.0,Gampaha,22.0,Gampaha City
3000,5,3,Colombo,47,2,65000000.0,Colombo,20.0,Homagama
1300,3,1,Colombo,11,2,12000000.0,Colombo,10.5,Homagama
1200,2,1,Colombo,8,1,7800000.0,Colombo,11.5,Padukka
2900,4,4,Colombo,40,2,36000000.0,Colombo,8.5,Piliyandala
2300,5,5,Colombo,46,2,27500000.0,Colombo,7.5,Piliyandala
5000,4,2,Gampaha,1,2,13000000.0,Gampaha,15.0,Nittambuwa
4500,4,5,Colombo,24,2,35500000.0,Colombo,8.0,Malabe
3514,5,3,Colombo,10,2,22500000.0,Colombo,10.0,Piliyandala
3500,2,1,Gampaha,47,1,5750000.0,Gampaha,7.0,Kadawatha
1200,2,1,Gampaha,21,1,11000000.0,Gampaha,7.5,Gampaha City
850,3,1,Kalutara,1,2,7500000.0,Kalutara,20.0,Horana
5450,5,4,Colombo,18,2,70000000.0,Colombo,20.0,Nugegoda
3000,5,3,Colombo,12,2,24500000.0,Colombo,10.0,Homagama
1900,3,3,Colombo,21,2,20500000.0,Colombo,6.5,Homagama
1600,4,2,Colombo,26,2,24500000.0,Colombo,7.42,Moratuwa
3800,5,4,Colombo,6,2,29800000.0,Colombo,6.0,Homagama
4000,4,3,Colombo,13,2,28000000.0,Colombo,15.0,Homagama
4000,2,2,Gampaha,21,1,12900000.0,Gampaha,13.5,Nittambuwa
1200,3,3,Colombo,10,2,29500000.0,Colombo,16.5,Malabe
3600,5,4,Colombo,13,2,35000000.0,Colombo,8.0,Malabe
1250,3,2,Colombo,7,2,26500000.0,Colombo,7.0,Malabe
2000,3,1,Colombo,1,2,15500000.0,Colombo,6.8,Malabe
1400,3,2,Colombo,7,2,16000000.0,Colombo,10.5,Malabe
1300,3,2,Colombo,41,2,17000000.0,Colombo,7.5,Malabe
2000,6,2,Colombo,19,3,32000000.0,Colombo,6.0,Wellampitiya
3000,3,2,Colombo,46,2,120000000.0,Colombo,20.0,Colombo 5
2750,4,3,Colombo,20,2,220000000.0,Colombo,10.1,Colombo 3
3500,5,3,Colombo,10,2,45000000.0,Colombo,7.0,Kohuwala
7240,5,6,Colombo,44,2,70000000.0,Colombo,17.0,Talawatugoda
2550,4,3,Colombo,12,2,25500000.0,Colombo,7.5,Piliyandala
3600,6,4,Colombo,45,3,33500000.0,Colombo,16.2,Kottawa
900,2,2,Colombo,47,1,14500000.0,Colombo,6.8,Pannipitiya
2400,4,3,Colombo,3,2,27000000.0,Colombo,7.0,Kottawa
2400,4,3,Colombo,13,2,24800000.0,Colombo,6.0,Piliyandala
3000,4,4,Colombo,31,2,28500000.0,Colombo,15.0,Piliyandala
2300,4,4,Colombo,33,2,21500000.0,Colombo,9.5,Piliyandala
3500,4,3,Gampaha,26,2,36000000.0,Gampaha,10.0,Kandana
2700,5,3,Colombo,6,2,27000000.0,Colombo,7.5,Piliyandala
1644,4,3,Colombo,24,2,41000000.0,Colombo,6.0,Kolonnawa
2400,4,3,Colombo,48,2,26000000.0,Colombo,7.0,Piliyandala
3000,4,3,Kalutara,23,2,16500000.0,Kalutara,24.8,Matugama
3300,3,2,Colombo,2,2,40000000.0,Colombo,7.0,Talawatugoda
2000,4,2,Colombo,13,2,16000000.0,Colombo,17.0,Athurugiriya
3000,4,2,Colombo,19,2,22000000.0,Colombo,15.4,Piliyandala
3500,4,4,Colombo,4,2,30500000.0,Colombo,8.0,Piliyandala
2000,3,2,Colombo,5,2,21500000.0,Colombo,9.3,Piliyandala
2400,4,2,Gampaha,8,2,13500000.0,Gampaha,10.0,Ganemulla
3000,6,3,Colombo,17,3,40000000.0,Colombo,7.8,Colombo 6
2650,5,3,Colombo,11,2,45000000.0,Colombo,9.9,Rajagiriya
3100,5,3,Colombo,21,2,45000000.0,Colombo,9.33,Kotte
1200,3,2,Colombo,7,2,18500000.0,Colombo,10.0,Piliyandala
2800,4,3,Colombo,6,2,24800000.0,Colombo,6.5,Piliyandala
3100,4,4,Colombo,43,2,40000000.0,Colombo,10.0,Piliyandala
3152,4,3,Gampaha,36,2,26500000.0,Gampaha,10.5,Negombo
5500,5,2,Matara,5,2,27500000.0,Matara,126.0,Dikwella
3250,5,3,Colombo,22,2,23500000.0,Colombo,7.0,Piliyandala
1600,2,1,Colombo,11,1,10500000.0,Colombo,6.0,Angoda
1325,3,2,Kalutara,3,2,12000000.0,Kalutara,10.0,Horana
1200,3,3,Colombo,11,2,14000000.0,Colombo,12.0,Piliyandala
2000,4,3,Colombo,44,2,19500000.0,Colombo,6.5,Piliyandala
2419,5,2,Gampaha,37,2,21000000.0,Gampaha,10.0,Delgoda
2400,4,2,Gampaha,8,2,8000000.0,Gampaha,10.05,Kadawatha
1356,3,2,Colombo,5,2,23800000.0,Colombo,6.5,Piliyandala
3700,5,4,Colombo,22,2,30500000.0,Colombo,8.0,Piliyandala
2500,4,5,Colombo,40,2,25500000.0,Colombo,7.0,Piliyandala
3850,4,4,Colombo,7,2,46500000.0,Colombo,28.0,Piliyandala
3850,4,4,Colombo,3,2,33000000.0,Colombo,10.0,Piliyandala
1500,3,1,Galle,9,2,12000000.0,Galle,10.0,Karapitiya
1425,3,1,Gampaha,6,2,9900000.0,Gampaha,10.0,Negombo
2500,3,1,Kandy,18,2,3990000.0,Kandy,45.0,Kandy City
4200,4,4,Colombo,41,2,49500000.0,Colombo,10.0,Talawatugoda
3300,3,2,Colombo,16,2,40000000.0,Colombo,7.0,Talawatugoda
1500,3,1,Galle,10,2,13000000.0,Galle,10.0,Karapitiya
1000,2,1,Galle,26,1,13800000.0,Galle,23.0,Karapitiya
3000,4,3,Colombo,34,2,110000000.0,Colombo,50.0,Talawatugoda
800,1,1,Colombo,17,1,4800000.0,Colombo,10.5,Homagama
1700,4,2,Colombo,7,2,20000000.0,Colombo,7.0,Angoda
3800,5,4,Colombo,2,2,47500000.0,Colombo,14.8,Talawatugoda
3300,4,4,Colombo,38,2,44000000.0,Colombo,7.7,Talawatugoda
1544,4,2,Matara,7,2,9500000.0,Matara,7.0,Matara City
4000,4,4,Colombo,23,2,60000000.0,Colombo,15.0,Talawatugoda
2500,4,2,Gampaha,8,2,23500000.0,Gampaha,149.0,Negombo
5000,8,5,Colombo,24,4,42500000.0,Colombo,13.5,Nugegoda
4000,6,6,Colombo,32,3,63000000.0,Colombo,12.0,Nugegoda
1300,3,3,Colombo,41,2,15400000.0,Colombo,8.0,Athurugiriya
4500,3,2,Gampaha,7,2,5500000.0,Gampaha,20.0,Negombo
5000,5,4,Colombo,13,2,68000000.0,Colombo,11.0,Nugegoda
1820,3,1,Gampaha,25,2,4600000.0,Gampaha,22.0,Gampaha City
3800,4,4,Colombo,46,2,47500000.0,Colombo,7.0,Nugegoda
7100,6,5,Colombo,16,3,15500000.0,Colombo,27.0,Nugegoda
2800,4,3,Colombo,10,2,26500000.0,Colombo,6.5,Malabe
3200,4,4,Colombo,31,2,36000000.0,Colombo,10.0,Malabe
4000,5,4,Colombo,15,2,65000000.0,Colombo,12.5,Malabe
5600,5,5,Colombo,15,2,135000000.0,Colombo,62.0,Malabe
3200,4,3,Colombo,5,2,45000000.0,Colombo,10.0,Malabe
3100,5,3,Colombo,16,2,37500000.0,Colombo,9.0,Malabe
2675,4,3,Colombo,43,2,48000000.0,Colombo,10.12,Malabe
2850,5,4,Colombo,3,2,29500000.0,Colombo,11.0,Athurugiriya
3250,4,4,Colombo,14,2,27000000.0,Colombo,7.0,Piliyandala
1500,3,3,Colombo,2,2,18500000.0,Colombo,7.5,Malabe
3200,4,4,Colombo,24,2,95000000.0,Colombo,10.0,Kotte
2200,4,3,Colombo,47,2,26500000.0,Colombo,6.5,Malabe
1400,3,2,Colombo,10,2,8700000.0,Colombo,10.0,Homagama
2380,4,4,Colombo,44,2,25000000.0,Colombo,10.0,Kottawa
3500,4,4,Colombo,7,2,60000000.0,Colombo,13.0,Kotte
4900,4,4,Colombo,5,2,80000000.0,Colombo,16.0,Kotte
3000,4,4,Colombo,49,2,33000000.0,Colombo,8.0,Kottawa
1400,3,3,Colombo,2,2,15000000.0,Colombo,10.0,Athurugiriya
3000,4,4,Colombo,6,2,33000000.0,Colombo,8.0,Kottawa
1000,2,2,Colombo,18,1,6800000.0,Colombo,3.5,Wellampitiya
1850,4,2,Gampaha,41,2,9000000.0,Gampaha,15.0,Gampaha City
1200,3,2,Kalutara,47,2,8700000.0,Kalutara,10.0,Wadduwa
4000,4,3,Colombo,15,2,29500000.0,Colombo,8.0,Kottawa
1250,2,2,Colombo,17,1,30000000.0,Colombo,8.8,Ratmalana
3300,4,2,Colombo,49,2,55000000.0,Colombo,11.0,Battaramulla
4000,5,3,Colombo,5,2,65000000.0,Colombo,10.0,Battaramulla
1350,3,2,Colombo,5,2,14000000.0,Colombo,10.0,Malabe
3500,4,4,Colombo,43,2,85000000.0,Colombo,16.0,Battaramulla
4800,5,4,Colombo,10,2,115000000.0,Colombo,22.0,Talawatugoda
3800,4,4,Colombo,30,2,45000000.0,Colombo,7.0,Battaramulla
4500,5,4,Colombo,11,2,115000000.0,Colombo,22.0,Battaramulla
5500,4,4,Colombo,15,2,85000000.0,Colombo,12.0,Talawatugoda
1700,4,2,Kegalle,10,2,12000000.0,Kegalle,11.0,Ruwanwella
1450,3,2,Gampaha,44,2,13500000.0,Gampaha,12.5,Kandana
1400,6,7,Colombo,49,3,170000000.0,Colombo,24.0,Talawatugoda
2344,4,1,Gampaha,20,2,18500000.0,Gampaha,20.0,Kadawatha
4000,5,4,Colombo,18,2,75000000.0,Colombo,14.0,Battaramulla
1400,3,3,Colombo,14,2,18000000.0,Colombo,8.0,Athurugiriya
1825,3,3,Colombo,17,2,12000000.0,Colombo,12.0,Homagama
2500,4,4,Colombo,44,2,21500000.0,Colombo,12.0,Piliyandala
2500,4,4,Colombo,12,2,24800000.0,Colombo,6.5,Piliyandala
1200,3,1,Gampaha,11,2,7500000.0,Gampaha,5.25,Kadawatha
3000,5,3,Matara,13,2,13500000.0,Matara,16.5,Matara City
1200,3,1,Gampaha,37,2,8000000.0,Gampaha,7.0,Kadawatha
10000,5,5,Colombo,1,2,17000000.0,Colombo,26.0,Colombo 7
1500,3,1,Galle,21,2,6500000.0,Galle,10.0,Karapitiya
4500,4,2,Kalutara,2,2,8500000.0,Kalutara,18.9,Kalutara City
2000,4,2,Colombo,41,2,28000000.0,Colombo,10.5,Battaramulla
3800,5,4,Colombo,11,2,50000000.0,Colombo,10.0,Talawatugoda
1541,4,1,Kegalle,23,2,5500000.0,Kegalle,6.0,Yatiyantota
1500,3,2,Colombo,35,2,12800000.0,Colombo,6.5,Piliyandala
3200,4,4,Colombo,3,2,29500000.0,Colombo,8.0,Piliyandala
4000,4,4,Colombo,4,2,150000000.0,Colombo,6.64,Colombo 4
3050,5,4,Colombo,12,2,47000000.0,Colombo,11.7,Battaramulla
2800,4,4,Colombo,23,2,28000000.0,Colombo,10.0,Malabe
2600,4,4,Colombo,48,2,29000000.0,Colombo,10.5,Malabe
2800,5,2,Gampaha,34,2,16000000.0,Gampaha,16.75,Nittambuwa
3000,4,3,Colombo,15,2,110000000.0,Colombo,50.2,Talawatugoda
2250,5,4,Colombo,28,2,29500000.0,Colombo,7.5,Piliyandala
4000,6,5,Colombo,44,3,49500000.0,Colombo,14.0,Piliyandala
1594,3,1,Matale,7,2,3000000.0,Matale,10.0,Dambulla
3000,4,4,Colombo,17,2,53000000.0,Colombo,16.0,Talawatugoda
2400,4,2,Gampaha,45,2,15000000.0,Gampaha,7.5,Negombo
3200,4,5,Colombo,7,2,25500000.0,Colombo,7.0,Piliyandala
3500,5,4,Colombo,34,2,27500000.0,Colombo,8.5,Piliyandala
1300,3,1,Gampaha,1,2,7600000.0,Gampaha,8.5,Gampaha City
3200,4,3,Colombo,14,2,27000000.0,Colombo,19.0,Piliyandala
3025,6,3,Colombo,31,3,20000000.0,Colombo,20.0,Moratuwa
1500,3,1,Gampaha,3,2,4250000.0,Gampaha,25.0,Minuwangoda
2855,5,5,Colombo,9,2,25000000.0,Colombo,23.0,Moratuwa
1400,3,3,Colombo,34,2,18000000.0,Colombo,8.0,Athurugiriya
2000,3,2,Galle,4,2,12000000.0,Galle,14.0,Karapitiya
2000,2,2,Colombo,25,1,32000000.0,Colombo,30.0,Homagama
1400,4,1,Galle,44,2,6800000.0,Galle,10.0,Ambalangoda
950,3,2,Colombo,9,2,18500000.0,Colombo,3.0,Athurugiriya
1800,5,2,Gampaha,15,2,23000000.0,Gampaha,36.0,Negombo
1500,3,2,Colombo,32,2,16500000.0,Colombo,7.5,Athurugiriya
800,2,2,Colombo,32,1,8500000.0,Colombo,3.0,Wellampitiya
1500,2,2,Gampaha,10,1,3800000.0,Gampaha,11.0,Gampaha City
400,1,2,Colombo,50,1,4400000.0,Colombo,0.75,Colombo 9
2300,3,3,Matara,7,2,35000000.0,Matara,22.0,Weligama
5000,8,5,Colombo,21,4,42500000.0,Colombo,13.2,Nugegoda
3300,4,4,Colombo,48,2,55000000.0,Colombo,11.0,Battaramulla
800,2,1,Colombo,37,1,8000000.0,Colombo,3.0,Wellampitiya
2600,4,4,Colombo,31,2,29000000.0,Colombo,10.0,Malabe
2800,4,4,Colombo,47,2,28000000.0,Colombo,10.0,Malabe
1000,3,3,Colombo,41,2,15000000.0,Colombo,10.0,Athurugiriya
900,2,1,Colombo,27,1,8500000.0,Colombo,4.0,Wellampitiya
3500,4,4,Colombo,44,2,85000000.0,Colombo,16.0,Battaramulla
820,3,2,Colombo,8,2,15000000.0,Colombo,4.0,Colombo 5
4000,7,7,Colombo,1,4,47500000.0,Colombo,6.0,Colombo 15
1000,3,2,Colombo,26,2,15000000.0,Colombo,5.0,Wellampitiya
1200,2,1,Matara,49,1,10500000.0,Matara,8.0,Matara City
2200,4,4,Colombo,14,2,23000000.0,Colombo,7.0,Malabe
4000,4,4,Colombo,3,2,49500000.0,Colombo,10.0,Battaramulla
2280,4,3,Colombo,31,2,24800000.0,Colombo,6.5,Piliyandala
1500,5,5,Badulla,20,2,48000000.0,Badulla,80.0,Haputale
2200,4,3,Colombo,47,2,22500000.0,Colombo,6.3,Malabe
3000,3,3,Colombo,2,2,21500000.0,Colombo,9.5,Piliyandala
1900,4,1,Galle,20,2,6250000.0,Galle,40.0,Baddegama
3500,4,3,Gampaha,18,2,35000000.0,Gampaha,11.5,Kandana
3500,5,5,Colombo,48,2,46500000.0,Colombo,28.0,Piliyandala
1700,3,2,Colombo,13,2,50000000.0,Colombo,17.5,Rajagiriya
2900,3,1,Hambantota,24,2,7500000.0,Hambantota,13.5,Beliatta
1500,3,2,Colombo,1,2,14000000.0,Colombo,10.0,Piliyandala
3200,4,2,Colombo,40,2,37500000.0,Colombo,12.85,Athurugiriya
2538,3,2,Colombo,6,2,8000000.0,Colombo,11.0,Kesbewa
1700,4,2,Gampaha,38,2,35000000.0,Gampaha,14.0,Wattala
1500,2,1,Colombo,45,1,8000000.0,Colombo,9.0,Homagama
2500,4,3,Colombo,44,2,24800000.0,Colombo,6.0,Piliyandala
3300,3,2,Colombo,45,2,40000000.0,Colombo,7.0,Talawatugoda
3000,4,3,Colombo,3,2,33000000.0,Colombo,8.0,Kottawa
3800,4,4,Colombo,42,2,28500000.0,Colombo,8.5,Piliyandala
3100,4,3,Gampaha,1,2,26500000.0,Gampaha,10.5,Negombo
1800,3,2,Colombo,25,2,17800000.0,Colombo,6.0,Kottawa
3000,4,3,Colombo,46,2,105000000.0,Colombo,50.17,Talawatugoda
2200,3,3,Colombo,17,2,18500000.0,Colombo,8.0,Piliyandala
3000,5,5,Colombo,49,2,46000000.0,Colombo,6.0,Dehiwala
3500,5,2,Puttalam,48,2,23000000.0,Puttalam,57.0,Wennappuwa
3000,4,3,Colombo,8,2,105000000.0,Colombo,50.17,Talawatugoda
3500,4,4,Colombo,18,2,30500000.0,Colombo,8.0,Piliyandala
3500,4,4,Colombo,4,2,34000000.0,Colombo,8.5,Piliyandala
3000,4,3,Colombo,20,2,36000000.0,Colombo,10.0,Malabe
1500,4,2,Colombo,5,2,14700000.0,Colombo,6.0,Athurugiriya
3250,4,3,Colombo,46,2,30500000.0,Colombo,7.5,Piliyandala
4000,4,4,Colombo,48,2,49500000.0,Colombo,10.0,Talawatugoda
6500,6,5,Colombo,4,3,44000000.0,Colombo,12.5,Talawatugoda
3200,4,4,Colombo,23,2,54800000.0,Colombo,8.7,Battaramulla
3200,5,4,Colombo,3,2,45000000.0,Colombo,9.8,Talawatugoda
3800,5,4,Colombo,27,2,45000000.0,Colombo,11.0,Talawatugoda
3000,4,3,Colombo,5,2,49500000.0,Colombo,10.12,Malabe
3500,4,3,Gampaha,12,2,29500000.0,Gampaha,20.0,Negombo
2500,3,2,Ratnapura,2,2,8500000.0,Ratnapura,12.5,Eheliyagoda
3800,5,4,Colombo,15,2,45000000.0,Colombo,11.0,Battaramulla
3000,4,3,Colombo,40,2,36000000.0,Colombo,7.8,Malabe
3000,6,4,Colombo,27,3,48500000.0,Colombo,14.0,Piliyandala
1000,3,2,Colombo,41,2,22500000.0,Colombo,18.4,Malabe
3000,4,4,Colombo,10,2,33000000.0,Colombo,9.0,Athurugiriya
2880,4,4,Colombo,6,2,29500000.0,Colombo,8.0,Kesbewa
2900,4,4,Colombo,26,2,17300000.0,Colombo,9.0,Athurugiriya
5195,4,4,Colombo,27,2,47500000.0,Colombo,12.34,Athurugiriya
3200,4,4,Colombo,40,2,33500000.0,Colombo,10.0,Talawatugoda
1900,3,3,Colombo,46,2,19800000.0,Colombo,6.3,Athurugiriya
1600,3,2,Colombo,26,2,15800000.0,Colombo,10.0,Homagama
2000,3,2,Gampaha,15,2,16500000.0,Gampaha,5.0,Kadawatha
4500,4,5,Gampaha,45,2,47000000.0,Gampaha,14.7,Negombo
1800,5,3,Colombo,15,2,29000000.0,Colombo,6.7,Boralesgamuwa
3300,4,4,Colombo,50,2,55000000.0,Colombo,11.0,Talawatugoda
3300,4,3,Colombo,5,2,42500000.0,Colombo,11.0,Talawatugoda
2500,4,2,Colombo,24,2,26500000.0,Colombo,9.5,Nugegoda
1750,4,3,Colombo,4,2,23000000.0,Colombo,4.0,Mount Lavinia
2500,4,3,Gampaha,1,2,29500000.0,Gampaha,20.0,Negombo
4628,5,5,Colombo,27,2,39000000.0,Colombo,13.67,Moratuwa
1350,3,1,Gampaha,8,2,9900000.0,Gampaha,10.0,Negombo
1950,3,2,Gampaha,10,2,32500000.0,Gampaha,12.0,Negombo
2611,4,4,Colombo,16,2,25500000.0,Colombo,7.15,Piliyandala
1550,3,2,Gampaha,27,2,17000000.0,Gampaha,11.0,Negombo
1350,2,1,Gampaha,31,1,15000000.0,Gampaha,10.5,Negombo
1300,3,2,Colombo,49,2,17000000.0,Colombo,9.0,Athurugiriya
2150,3,3,Gampaha,25,2,19500000.0,Gampaha,15.0,Negombo
1600,3,3,Colombo,44,2,18000000.0,Colombo,11.0,Piliyandala
4500,6,4,Colombo,12,3,84500000.0,Colombo,20.0,Dehiwala
2750,6,4,Colombo,32,3,38500000.0,Colombo,6.5,Dehiwala
1500,3,2,Gampaha,2,2,13500000.0,Gampaha,10.0,Negombo
2700,4,4,Colombo,2,2,21500000.0,Colombo,9.0,Piliyandala
1800,3,1,Colombo,25,2,14800000.0,Colombo,6.8,Malabe
1560,4,2,Colombo,2,2,5700000.0,Colombo,10.7,Piliyandala
3250,4,4,Colombo,6,2,27000000.0,Colombo,7.0,Piliyandala
1800,3,3,Colombo,25,2,18500000.0,Colombo,10.0,Athurugiriya
1800,3,2,Kandy,7,2,14000000.0,Kandy,17.5,Peradeniya
1615,3,3,Colombo,11,2,17800000.0,Colombo,6.0,Piliyandala
4000,5,4,Colombo,44,2,65000000.0,Colombo,10.0,Malabe
1085,3,1,Kandy,11,2,18000000.0,Kandy,8.08,Digana
2000,5,3,Colombo,22,2,15800000.0,Colombo,10.5,Mount Lavinia
4200,4,4,Colombo,44,2,49500000.0,Colombo,10.0,Kottawa
3768,6,2,Kandy,45,3,55000000.0,Kandy,14.0,Gampola
3140,4,4,Colombo,3,2,34000000.0,Colombo,9.0,Piliyandala
3310,4,4,Colombo,17,2,33000000.0,Colombo,10.0,Piliyandala
3985,5,5,Colombo,6,2,36700000.0,Colombo,11.5,Piliyandala
1645,3,3,Colombo,14,2,18000000.0,Colombo,11.0,Piliyandala
2874,4,4,Colombo,8,2,24800000.0,Colombo,6.0,Piliyandala
2784,4,4,Colombo,3,2,25500000.0,Colombo,7.0,Piliyandala
1574,3,3,Colombo,12,2,18500000.0,Colombo,8.0,Piliyandala
2874,4,4,Colombo,13,2,21500000.0,Colombo,9.0,Piliyandala
3142,4,4,Colombo,44,2,27000000.0,Colombo,7.0,Piliyandala
2964,4,5,Colombo,10,2,25500000.0,Colombo,7.5,Piliyandala
1000,2,1,Colombo,5,1,8500000.0,Colombo,6.0,Boralesgamuwa
2996,3,3,Colombo,15,2,23000000.0,Colombo,7.0,Piliyandala
925,2,1,Gampaha,20,1,8500000.0,Gampaha,13.0,Ja-Ela
1500,3,1,Colombo,26,2,9500000.0,Colombo,10.0,Homagama
3949,4,2,Gampaha,23,2,22499999.0,Gampaha,8.0,Kandana
2880,4,4,Colombo,10,2,31000000.0,Colombo,8.0,Piliyandala
2900,4,4,Colombo,34,2,27000000.0,Colombo,7.0,Piliyandala
1000,3,2,Colombo,18,2,7300000.0,Colombo,10.0,Homagama
1500,4,2,Gampaha,40,2,17000000.0,Gampaha,10.0,Kelaniya
6670,3,1,Gampaha,1,2,31000000.0,Gampaha,23.74,Wattala
4800,4,4,Colombo,1,2,100000000.0,Colombo,10.0,Rajagiriya
2900,4,4,Colombo,42,2,27000000.0,Colombo,7.0,Kottawa
1800,5,1,Kurunegala,8,2,9800000.0,Kurunegala,20.0,Mawathagama
5000,6,6,Anuradhapura,20,3,3000000.0,Anuradhapura,18.5,Anuradhapura City
1500,3,1,Gampaha,39,2,12800000.0,Gampaha,15.0,Kadawatha
3600,5,4,Colombo,23,2,57500000.0,Colombo,7.1,Dehiwala
6000,5,3,Colombo,50,2,182750000.0,Colombo,21.5,Colombo 6
2000,2,2,Colombo,7,1,14000000.0,Colombo,8.19,Boralesgamuwa
700,1,2,Colombo,17,1,8500000.0,Colombo,4.9,Ratmalana
3500,7,4,Kalutara,25,4,40000000.0,Kalutara,18.5,Panadura
5000,5,4,Gampaha,2,2,39000000.0,Gampaha,12.9,Gampaha City
3600,4,3,Colombo,3,2,36000000.0,Colombo,7.8,Malabe
6500,6,5,Colombo,9,3,44000000.0,Colombo,12.5,Talawatugoda
3159,4,3,Gampaha,22,2,26500000.0,Gampaha,10.5,Negombo
1560,3,2,Kalutara,9,2,8700000.0,Kalutara,10.0,Kalutara City
5000,5,5,Colombo,31,2,152000000.0,Colombo,17.0,Nawala
2875,4,4,Colombo,9,2,27500000.0,Colombo,7.5,Piliyandala
3000,4,3,Colombo,29,2,33000000.0,Colombo,8.0,Talawatugoda
2856,4,4,Colombo,20,2,24800000.0,Colombo,6.0,Piliyandala
3700,4,3,Gampaha,38,2,29500000.0,Gampaha,13.5,Kelaniya
3150,4,3,Gampaha,14,2,26500000.0,Gampaha,10.5,Negombo
2500,4,3,Gampaha,12,2,29500000.0,Gampaha,20.0,Negombo
1325,3,1,Gampaha,18,2,9900000.0,Gampaha,10.0,Negombo
1700,3,2,Gampaha,3,2,19500000.0,Gampaha,12.5,Negombo
1500,5,3,Colombo,5,2,9000000.0,Colombo,3.0,Wellampitiya
2100,2,1,Gampaha,10,1,25000000.0,Gampaha,41.0,Veyangoda
3000,4,3,Colombo,21,2,49500000.0,Colombo,10.12,Malabe
1000,3,1,Kalutara,6,2,12000000.0,Kalutara,24.0,Ingiriya
5500,6,6,Colombo,11,3,170000000.0,Colombo,8.8,Colombo 5
4500,6,6,Colombo,44,3,55000000.0,Colombo,11.0,Maharagama
3000,4,4,Colombo,7,2,27000000.0,Colombo,20.0,Athurugiriya
4000,4,3,Colombo,24,2,100000000.0,Colombo,51.0,Malabe
4500,5,4,Colombo,8,2,115000000.0,Colombo,22.0,Battaramulla
3000,3,1,Colombo,32,2,70000000.0,Colombo,20.5,Maharagama
5000,5,5,Anuradhapura,8,2,40000000.0,Anuradhapura,22.0,Anuradhapura City
3500,4,3,Kandy,18,2,22500000.0,Kandy,15.0,Kundasale
4500,6,4,Colombo,41,3,55000000.0,Colombo,10.0,Nugegoda
2300,4,3,Colombo,21,2,17000000.0,Colombo,11.5,Talawatugoda
1500,4,1,Matara,31,2,25000000.0,Matara,10.0,Deniyaya
3000,3,2,Colombo,48,2,40000000.0,Colombo,7.0,Talawatugoda
4580,5,4,Colombo,24,2,49500000.0,Colombo,14.0,Piliyandala
3300,4,3,Colombo,48,2,42500000.0,Colombo,11.0,Talawatugoda
3800,5,4,Colombo,23,2,50000000.0,Colombo,10.0,Talawatugoda
3000,4,4,Colombo,31,2,60000000.0,Colombo,15.0,Talawatugoda
3300,4,4,Colombo,44,2,55000000.0,Colombo,11.0,Talawatugoda
4700,4,5,Colombo,1,2,200000000.0,Colombo,55.0,Battaramulla
3100,4,3,Gampaha,22,2,26500000.0,Gampaha,10.5,Negombo
3200,4,4,Colombo,49,2,30500000.0,Colombo,8.0,Piliyandala
1750,3,2,Colombo,31,2,17000000.0,Colombo,12.8,Talawatugoda
4500,7,6,Colombo,21,4,79000000.0,Colombo,16.0,Battaramulla
3000,6,4,Colombo,43,3,30000000.0,Colombo,8.0,Boralesgamuwa
6550,6,5,Colombo,41,3,44000000.0,Colombo,12.8,Talawatugoda
3500,4,3,Gampaha,15,2,29500000.0,Gampaha,20.0,Negombo
2800,5,3,Gampaha,2,2,58000000.0,Gampaha,28.0,Wattala
3500,3,2,Gampaha,2,2,35000000.0,Gampaha,22.5,Negombo
3300,5,4,Colombo,44,2,43000000.0,Colombo,10.0,Maharagama
1500,3,2,Gampaha,9,2,13500000.0,Gampaha,10.0,Negombo
3500,4,3,Gampaha,18,2,26500000.0,Gampaha,10.0,Negombo
1425,3,1,Gampaha,13,2,9900000.0,Gampaha,10.0,Negombo
2000,3,2,Gampaha,1,2,11500000.0,Gampaha,16.0,Gampaha City
2150,4,2,Gampaha,37,2,15000000.0,Gampaha,7.5,Negombo
3990,4,4,Colombo,45,2,45000000.0,Colombo,8.0,Dehiwala
1400,3,2,Gampaha,19,2,12500000.0,Gampaha,5.0,Kadawatha
1800,3,1,Gampaha,3,2,15000000.0,Gampaha,30.0,Ja-Ela
3500,7,5,Colombo,47,4,360000000.0,Colombo,7.5,Dehiwala
1000,2,1,Colombo,22,1,7400000.0,Colombo,7.9,Athurugiriya
800,2,1,Colombo,33,1,5000000.0,Colombo,1.75,Mount Lavinia
3880,4,3,Colombo,30,2,44000000.0,Colombo,10.5,Maharagama
2000,4,1,Kalutara,3,2,15000000.0,Kalutara,26.0,Kalutara City
2800,5,3,Gampaha,5,2,9500000.0,Gampaha,11.5,Kadawatha
800,2,2,Colombo,10,1,8400000.0,Colombo,7.0,Maharagama
1365,3,1,Gampaha,49,2,9900000.0,Gampaha,10.0,Negombo
2996,5,2,Kalutara,34,2,19000000.0,Kalutara,15.0,Wadduwa
1000,3,3,Gampaha,18,2,9500000.0,Gampaha,10.0,Delgoda
1200,2,1,Colombo,3,1,23000000.0,Colombo,11.0,Battaramulla
1800,3,2,Gampaha,11,2,14000000.0,Gampaha,11.5,Delgoda
3500,3,3,Colombo,25,2,70000000.0,Colombo,18.7,Battaramulla
400,1,1,Gampaha,11,1,3500000.0,Gampaha,10.0,Divulapitiya
2100,4,2,Colombo,32,2,14900000.0,Colombo,4.1,Wellampitiya
1527,3,2,Kalutara,15,2,6500000.0,Kalutara,10.0,Wadduwa
1800,3,2,Colombo,43,2,15000000.0,Colombo,10.0,Athurugiriya
4200,4,4,Colombo,16,2,49500000.0,Colombo,10.0,Malabe
3800,4,4,Colombo,47,2,79000000.0,Colombo,16.0,Battaramulla
800,3,1,Kalutara,20,2,6500000.0,Kalutara,10.0,Wadduwa
2900,4,4,Colombo,1,2,36000000.0,Colombo,8.5,Piliyandala
3250,4,3,Colombo,17,2,30500000.0,Colombo,7.5,Piliyandala
1527,3,2,Kalutara,23,2,6500000.0,Kalutara,10.0,Wadduwa
3000,4,1,Kurunegala,1,2,12500000.0,Kurunegala,17.5,Narammala
6500,6,6,Colombo,21,3,75000000.0,Colombo,16.0,Dehiwala
4000,6,3,Colombo,24,3,45000000.0,Colombo,21.5,Piliyandala
5000,5,3,Colombo,2,2,66000000.0,Colombo,11.69,Kotte
1600,3,2,Gampaha,36,2,19000000.0,Gampaha,10.0,Negombo
1735,3,1,Matara,31,2,7800000.0,Matara,25.6,Matara City
3500,4,3,Gampaha,40,2,26500000.0,Gampaha,10.0,Negombo
3000,3,1,Gampaha,8,2,24000000.0,Gampaha,40.0,Kiribathgoda
2350,4,4,Colombo,25,2,25000000.0,Colombo,6.5,Moratuwa
2500,5,2,Kandy,30,2,25000000.0,Kandy,65.0,Digana
1200,6,1,Kalutara,14,3,51000000.0,Kalutara,34.0,Panadura
2000,3,1,Colombo,12,2,12500000.0,Colombo,7.5,Piliyandala
2900,6,3,Gampaha,3,3,13200000.0,Gampaha,10.5,Ragama
1950,3,2,Gampaha,14,2,32500000.0,Gampaha,12.0,Negombo
1200,3,1,Colombo,21,2,11500000.0,Colombo,15.0,Piliyandala
2692,4,3,Colombo,10,2,28000000.0,Colombo,10.87,Athurugiriya
1100,3,1,Colombo,6,2,13200000.0,Colombo,10.0,Homagama
1150,3,1,Colombo,10,2,6900000.0,Colombo,12.0,Piliyandala
1350,2,1,Gampaha,50,1,23500000.0,Gampaha,29.0,Negombo
3200,4,4,Colombo,24,2,30500000.0,Colombo,8.0,Piliyandala
3150,4,3,Gampaha,1,2,26500000.0,Gampaha,10.5,Negombo
1500,4,2,Colombo,50,2,13500000.0,Colombo,6.0,Wellampitiya
2500,4,3,Colombo,44,2,23500000.0,Colombo,6.0,Malabe
1740,3,2,Colombo,45,2,15900000.0,Colombo,10.0,Homagama
1400,3,2,Colombo,48,2,18500000.0,Colombo,7.9,Malabe
1070,3,2,Colombo,11,2,14200000.0,Colombo,7.6,Malabe
800,2,1,Colombo,20,1,6800000.0,Colombo,3.0,Wellampitiya
1950,4,3,Colombo,42,2,22500000.0,Colombo,6.4,Malabe
3600,4,3,Colombo,18,2,36000000.0,Colombo,7.8,Malabe
2500,6,2,Colombo,36,3,25500000.0,Colombo,10.0,Malabe
4500,5,5,Colombo,24,2,170000000.0,Colombo,8.5,Colombo 5
5800,4,4,Colombo,10,2,45000000.0,Colombo,20.0,Homagama
1400,3,3,Colombo,31,2,18000000.0,Colombo,8.0,Athurugiriya
3200,4,3,Colombo,26,2,25500000.0,Colombo,7.5,Piliyandala
4000,4,3,Colombo,32,2,30000000.0,Colombo,13.5,Homagama
3000,7,3,Colombo,5,4,32000000.0,Colombo,16.0,Homagama
1365,3,1,Gampaha,5,2,9900000.0,Gampaha,10.0,Negombo
1400,3,1,Colombo,4,2,12500000.0,Colombo,20.0,Homagama
3600,5,4,Colombo,35,2,28000000.0,Colombo,10.0,Homagama
3100,4,3,Gampaha,4,2,26500000.0,Gampaha,10.5,Negombo
3500,6,4,Colombo,21,3,48000000.0,Colombo,8.5,Boralesgamuwa
5000,4,4,Colombo,47,2,69000000.0,Colombo,15.21,Boralesgamuwa
1800,4,4,Gampaha,2,2,35000000.0,Gampaha,10.9,Kelaniya
2500,4,3,Colombo,43,2,121000000.0,Colombo,22.62,Colombo 8
3000,5,3,Colombo,9,2,37500000.0,Colombo,16.0,Malabe
2800,4,4,Colombo,16,2,42500000.0,Colombo,10.0,Boralesgamuwa
4500,4,4,Colombo,40,2,55000000.0,Colombo,10.0,Talawatugoda
2800,3,2,Gampaha,6,2,27500000.0,Gampaha,19.5,Gampaha City
1800,4,4,Colombo,2,2,17500000.0,Colombo,7.8,Kottawa
1200,4,1,Kalutara,17,2,16900000.0,Kalutara,32.0,Wadduwa
1740,4,2,Colombo,49,2,12500000.0,Colombo,7.5,Homagama
1425,3,1,Gampaha,6,2,9900000.0,Gampaha,10.0,Negombo
1400,3,2,Colombo,40,2,74000000.0,Colombo,8.7,Colombo 6
1250,3,1,Kalutara,41,2,6800000.0,Kalutara,12.5,Panadura
5000,5,4,Colombo,7,2,100000000.0,Colombo,30.0,Talawatugoda
2500,4,3,Gampaha,8,2,29500000.0,Gampaha,20.0,Negombo
2200,4,2,Colombo,39,2,15000000.0,Colombo,7.2,Homagama
2900,4,4,Colombo,8,2,28500000.0,Colombo,8.0,Piliyandala
2500,3,2,Colombo,11,2,46000000.0,Colombo,16.0,Kaduwela
2000,4,2,Colombo,40,2,170000000.0,Colombo,17.2,Mount Lavinia
4000,4,4,Colombo,16,2,49500000.0,Colombo,10.0,Talawatugoda
1900,3,3,Colombo,2,2,18500000.0,Colombo,8.5,Piliyandala
2850,4,4,Colombo,13,2,28500000.0,Colombo,8.5,Piliyandala
1800,3,2,Colombo,1,2,14000000.0,Colombo,8.5,Piliyandala
2875,4,4,Colombo,7,2,24800000.0,Colombo,6.0,Piliyandala
1365,3,1,Gampaha,50,2,9900000.0,Gampaha,10.0,Negombo
5000,8,5,Colombo,2,4,46000000.0,Colombo,11.0,Dehiwala
2451,3,3,Colombo,7,2,21500000.0,Colombo,9.0,Piliyandala
2874,3,2,Colombo,42,2,14000000.0,Colombo,8.0,Piliyandala
1587,3,3,Colombo,33,2,18000000.0,Colombo,11.0,Piliyandala
2841,4,4,Colombo,46,2,21500000.0,Colombo,9.0,Piliyandala
2785,4,4,Colombo,7,2,27000000.0,Colombo,7.0,Piliyandala
1800,5,3,Colombo,23,2,27500000.0,Colombo,9.25,Maharagama
1750,3,2,Colombo,19,2,18000000.0,Colombo,10.0,Malabe
1800,3,1,Colombo,28,2,16000000.0,Colombo,9.5,Boralesgamuwa
1563,3,3,Colombo,37,2,18500000.0,Colombo,8.0,Piliyandala
4000,3,3,Colombo,2,2,55000000.0,Colombo,19.0,Talawatugoda
3852,5,5,Colombo,33,2,36700000.0,Colombo,11.5,Piliyandala
3500,6,4,Galle,18,3,27500000.0,Galle,25.0,Hikkaduwa
2875,4,4,Colombo,29,2,27500000.0,Colombo,7.5,Piliyandala
3500,5,4,Colombo,46,2,50000000.0,Colombo,11.6,Maharagama
4100,5,5,Colombo,7,2,39000000.0,Colombo,13.8,Piliyandala
2600,4,4,Colombo,32,2,34000000.0,Colombo,9.0,Maharagama
3100,4,4,Colombo,11,2,43500000.0,Colombo,10.5,Talawatugoda
7200,6,4,Colombo,3,3,69000000.0,Colombo,20.0,Maharagama
1250,3,1,Colombo,3,2,10300000.0,Colombo,11.0,Piliyandala
1300,3,1,Gampaha,22,2,3500000.0,Gampaha,15.0,Veyangoda
4000,5,3,Colombo,11,2,65000000.0,Colombo,10.0,Battaramulla
3100,4,3,Gampaha,29,2,26500000.0,Gampaha,10.5,Negombo
1950,3,2,Gampaha,2,2,32500000.0,Gampaha,12.0,Negombo
4000,4,4,Colombo,7,2,49500000.0,Colombo,10.0,Talawatugoda
2450,3,3,Gampaha,5,2,34500000.0,Gampaha,17.0,Katunayake
10000,5,2,Ratnapura,9,2,22000000.0,Ratnapura,13.5,Ratnapura City
2650,4,3,Colombo,3,2,23500000.0,Colombo,7.0,Malabe
3200,4,4,Colombo,46,2,54800000.0,Colombo,8.7,Talawatugoda
5500,5,5,Colombo,26,2,60000000.0,Colombo,10.5,Boralesgamuwa
2800,3,2,Colombo,33,2,33000000.0,Colombo,7.5,Boralesgamuwa
3854,5,4,Colombo,47,2,49000000.0,Colombo,15.0,Boralesgamuwa
2544,4,4,Colombo,26,2,26000000.0,Colombo,8.5,Piliyandala
3200,4,4,Colombo,11,2,35000000.0,Colombo,11.2,Boralesgamuwa
5014,8,5,Colombo,8,4,42500000.0,Colombo,13.2,Boralesgamuwa
6000,5,4,Colombo,19,2,200000000.0,Colombo,20.0,Nawala
4500,6,4,Colombo,6,3,110000000.0,Colombo,20.0,Nawala
2580,4,4,Colombo,24,2,24800000.0,Colombo,6.5,Piliyandala
1000,2,1,Colombo,50,1,4800000.0,Colombo,10.0,Homagama
1800,3,1,Gampaha,42,2,18000000.0,Gampaha,15.0,Negombo
3016,4,4,Colombo,6,2,27500000.0,Colombo,7.5,Piliyandala
1250,3,2,Colombo,45,2,46250000.0,Colombo,12.5,Battaramulla
3150,4,3,Gampaha,34,2,26500000.0,Gampaha,10.5,Negombo
1200,3,2,Kurunegala,1,2,15000000.0,Kurunegala,47.0,Kurunegala City
5000,7,5,Kurunegala,6,4,43000000.0,Kurunegala,30.0,Kurunegala City
1200,3,1,Colombo,32,2,14000000.0,Colombo,6.24,Maharagama
1400,3,1,Kalutara,6,2,6500000.0,Kalutara,12.0,Alutgama
1200,2,1,Kurunegala,9,1,8000000.0,Kurunegala,18.0,Kurunegala City
1850,3,2,Kalutara,8,2,14000000.0,Kalutara,26.0,Matugama
1200,2,1,Kurunegala,9,1,8000000.0,Kurunegala,16.5,Kurunegala City
2200,4,2,Kurunegala,20,2,20000000.0,Kurunegala,20.0,Kurunegala City
2200,4,3,Colombo,50,2,26000000.0,Colombo,7.0,Piliyandala
1800,3,2,Kurunegala,10,2,21500000.0,Kurunegala,15.0,Kurunegala City
2300,5,5,Colombo,2,2,27500000.0,Colombo,7.5,Piliyandala
1350,3,1,Kurunegala,1,2,7500000.0,Kurunegala,15.0,Kurunegala City
3100,4,1,Kurunegala,4,2,9800000.0,Kurunegala,15.0,Kurunegala City
1500,3,1,Kurunegala,38,2,7000000.0,Kurunegala,20.0,Kurunegala City
1600,3,2,Kurunegala,8,2,16500000.0,Kurunegala,16.5,Kurunegala City
3000,4,2,Kurunegala,4,2,27000000.0,Kurunegala,20.0,Kurunegala City
1000,2,1,Kurunegala,17,1,9500000.0,Kurunegala,10.0,Kurunegala City
1490,3,1,Colombo,16,2,18500000.0,Colombo,10.0,Piliyandala
2723,3,1,Galle,25,2,6700000.0,Galle,10.0,Galle City
1100,3,2,Colombo,46,2,14500000.0,Colombo,6.0,Athurugiriya
2500,5,2,Colombo,11,2,22000000.0,Colombo,6.0,Athurugiriya
1700,3,2,Gampaha,4,2,8500000.0,Gampaha,15.0,Divulapitiya
4000,4,3,Gampaha,4,2,29500000.0,Gampaha,20.0,Negombo
1425,3,1,Gampaha,2,2,9900000.0,Gampaha,10.0,Negombo
2000,3,2,Colombo,12,2,30000000.0,Colombo,13.43,Kolonnawa
2200,4,3,Colombo,48,2,24000000.0,Colombo,6.0,Malabe
2572,7,3,Colombo,1,4,43500000.0,Colombo,6.87,Dehiwala
2000,4,4,Colombo,21,2,14000000.0,Colombo,3.5,Colombo 10
2500,4,3,Gampaha,19,2,29500000.0,Gampaha,20.0,Negombo
3600,5,2,Gampaha,3,2,33000000.0,Gampaha,42.0,Kadawatha
3800,5,4,Colombo,42,2,45000000.0,Colombo,11.0,Talawatugoda
2500,4,4,Kandy,2,2,55000000.0,Kandy,20.0,Kandy City
1800,5,5,Kandy,5,2,47000000.0,Kandy,33.0,Kandy City
2856,5,4,Colombo,50,2,27500000.0,Colombo,8.0,Piliyandala
3000,4,4,Colombo,41,2,22000000.0,Colombo,4.0,Rajagiriya
3300,4,4,Colombo,47,2,55000000.0,Colombo,11.0,Talawatugoda
2000,5,5,Kandy,22,2,175000000.0,Kandy,13.5,Kandy City
1000,2,2,Colombo,18,1,12000000.0,Colombo,6.5,Wellampitiya
2800,4,2,Colombo,40,2,20000000.0,Colombo,8.0,Boralesgamuwa
1450,3,2,Kalutara,32,2,14000000.0,Kalutara,10.0,Horana
1000,3,2,Colombo,16,2,15000000.0,Colombo,8.0,Wellampitiya
1950,4,3,Colombo,42,2,22500000.0,Colombo,6.35,Malabe
4000,4,4,Colombo,25,2,150000000.0,Colombo,6.62,Colombo 4
1800,5,1,Colombo,19,2,29700000.0,Colombo,18.0,Boralesgamuwa
1500,3,1,Gampaha,50,2,12500000.0,Gampaha,10.4,Kadawatha
1000,3,1,Matara,11,2,4800000.0,Matara,10.0,Matara City
2700,4,4,Colombo,5,2,27000000.0,Colombo,7.0,Kottawa
2950,5,3,Colombo,17,2,19800000.0,Colombo,8.0,Athurugiriya
4500,4,5,Gampaha,5,2,47000000.0,Gampaha,14.7,Negombo
800,2,2,Gampaha,13,1,6800000.0,Gampaha,6.2,Kadawatha
1175,3,2,Gampaha,42,2,16000000.0,Gampaha,6.75,Kadawatha
1200,3,1,Gampaha,2,2,12500000.0,Gampaha,10.0,Kadawatha
4000,4,3,Colombo,14,2,52000000.0,Colombo,16.0,Talawatugoda
2350,5,3,Gampaha,27,2,39500000.0,Gampaha,19.7,Kadawatha
1600,3,1,Gampaha,17,2,14800000.0,Gampaha,11.3,Kadawatha
3450,4,2,Gampaha,8,2,23500000.0,Gampaha,12.5,Kadawatha
1200,3,2,Gampaha,2,2,12500000.0,Gampaha,15.0,Kadawatha
1300,5,2,Gampaha,36,2,19500000.0,Gampaha,12.35,Kadawatha
1000,2,1,Gampaha,7,1,8500000.0,Gampaha,5.0,Seeduwa
3100,6,7,Gampaha,7,3,19500000.0,Gampaha,29.5,Gampaha City
5000,4,3,Gampaha,1,2,35000000.0,Gampaha,29.0,Gampaha City
2440,4,2,Gampaha,16,2,14500000.0,Gampaha,16.0,Gampaha City
3800,5,5,Colombo,2,2,110000000.0,Colombo,15.3,Dehiwala
2000,4,2,Gampaha,23,2,25000000.0,Gampaha,7.5,Wattala
1400,3,1,Gampaha,24,2,13000000.0,Gampaha,13.0,Gampaha City
3800,4,4,Colombo,3,2,79000000.0,Colombo,16.0,Talawatugoda
1400,3,3,Colombo,39,2,15000000.0,Colombo,10.0,Athurugiriya
1500,4,1,Gampaha,2,2,13000000.0,Gampaha,35.5,Gampaha City
1000,3,3,Gampaha,43,2,9500000.0,Gampaha,10.0,Gampaha City
3500,4,2,Gampaha,4,2,13500000.0,Gampaha,12.5,Gampaha City
9500,4,2,Colombo,40,2,33000000.0,Colombo,7.0,Ratmalana
3000,4,2,Gampaha,5,2,21000000.0,Gampaha,10.0,Kandana
4200,4,4,Colombo,18,2,49500000.0,Colombo,10.0,Talawatugoda
1200,3,1,Colombo,9,2,18500000.0,Colombo,16.5,Athurugiriya
3000,4,3,Colombo,34,2,110000000.0,Colombo,50.0,Talawatugoda
2000,2,1,Gampaha,4,1,6900000.0,Gampaha,10.0,Ganemulla
3600,4,4,Colombo,24,2,36000000.0,Colombo,10.0,Malabe
3800,7,4,Colombo,47,4,27000000.0,Colombo,10.0,Malabe
2000,4,4,Colombo,4,2,23500000.0,Colombo,6.0,Malabe
3000,4,4,Colombo,15,2,55000000.0,Colombo,11.0,Talawatugoda
2000,4,2,Gampaha,1,2,12500000.0,Gampaha,12.5,Ganemulla
2000,3,1,Gampaha,49,2,9500000.0,Gampaha,8.0,Kadawatha
3000,6,4,Colombo,48,3,48500000.0,Colombo,14.0,Piliyandala
3050,5,3,Colombo,22,2,65500000.0,Colombo,11.7,Kotte
1500,2,1,Gampaha,45,1,5800000.0,Gampaha,15.0,Ganemulla
2600,5,3,Colombo,36,2,25500000.0,Colombo,6.2,Piliyandala
1365,3,1,Gampaha,17,2,9900000.0,Gampaha,10.0,Negombo
3000,4,3,Colombo,39,2,33000000.0,Colombo,8.0,Kottawa
3850,4,4,Colombo,24,2,33000000.0,Colombo,10.0,Piliyandala
3000,5,4,Colombo,19,2,40000000.0,Colombo,10.0,Piliyandala
4000,7,6,Colombo,14,4,79000000.0,Colombo,16.0,Talawatugoda
3300,3,2,Colombo,4,2,40000000.0,Colombo,7.0,Talawatugoda
3300,4,4,Colombo,31,2,44000000.0,Colombo,7.7,Talawatugoda
3300,4,2,Colombo,23,2,55000000.0,Colombo,11.0,Talawatugoda
2000,3,3,Colombo,2,2,152000000.0,Colombo,19.0,Colombo 5
3500,4,4,Colombo,9,2,85000000.0,Colombo,16.0,Talawatugoda
2500,3,2,Colombo,3,2,35000000.0,Colombo,20.0,Talawatugoda
2500,5,7,Colombo,30,2,64000000.0,Colombo,17.5,Talawatugoda
3800,5,4,Colombo,46,2,45000000.0,Colombo,11.0,Talawatugoda
2800,4,3,Colombo,28,2,26500000.0,Colombo,6.5,Malabe
2800,3,3,Colombo,11,2,52000000.0,Colombo,16.0,Talawatugoda
800,3,1,Colombo,10,2,8800000.0,Colombo,6.0,Piliyandala
3200,4,4,Colombo,12,2,36000000.0,Colombo,10.0,Malabe
3100,5,3,Colombo,18,2,37500000.0,Colombo,9.0,Malabe
800,2,1,Colombo,28,1,4500000.0,Colombo,4.0,Angoda
1200,4,1,Colombo,8,2,17600000.0,Colombo,12.9,Piliyandala
3800,5,4,Colombo,19,2,45000000.0,Colombo,11.0,Talawatugoda
4600,4,5,Colombo,24,2,39000000.0,Colombo,13.9,Piliyandala
1400,3,3,Colombo,36,2,18000000.0,Colombo,8.0,Athurugiriya
1950,4,3,Colombo,28,2,22500000.0,Colombo,6.35,Colombo 5
2200,4,3,Colombo,9,2,22500000.0,Colombo,6.3,Malabe
1000,1,1,Colombo,41,1,7000000.0,Colombo,12.63,Piliyandala
2400,4,3,Colombo,34,2,27000000.0,Colombo,7.0,Kottawa
2500,5,2,Colombo,9,2,24000000.0,Colombo,20.0,Pannipitiya
2400,4,4,Colombo,21,2,21500000.0,Colombo,9.0,Piliyandala
2900,4,4,Colombo,6,2,27000000.0,Colombo,7.0,Piliyandala
3750,6,2,Kalutara,5,3,37500000.0,Kalutara,20.5,Bandaragama
1800,3,1,Colombo,41,2,15000000.0,Colombo,10.0,Piliyandala
2300,5,4,Colombo,44,2,38000000.0,Colombo,7.5,Piliyandala
3000,4,4,Colombo,42,2,28500000.0,Colombo,15.0,Piliyandala
3200,4,5,Colombo,24,2,25500000.0,Colombo,7.0,Piliyandala
2500,4,3,Gampaha,20,2,29500000.0,Gampaha,20.0,Negombo
5570,5,5,Colombo,18,2,145000000.0,Colombo,62.0,Malabe
1500,2,1,Colombo,21,1,4500000.0,Colombo,5.5,Kolonnawa
2400,4,3,Colombo,26,2,24800000.0,Colombo,6.0,Piliyandala
2550,4,3,Colombo,28,2,25500000.0,Colombo,7.5,Piliyandala
7000,7,7,Colombo,37,4,97500000.0,Colombo,23.0,Battaramulla
2300,4,4,Colombo,36,2,21500000.0,Colombo,9.5,Piliyandala
3500,6,4,Colombo,9,3,25000000.0,Colombo,20.0,Piliyandala
3250,5,3,Colombo,44,2,23500000.0,Colombo,7.0,Piliyandala
2000,4,3,Colombo,16,2,19500000.0,Colombo,6.5,Piliyandala
1500,2,1,Colombo,5,1,4500000.0,Colombo,5.5,Wellampitiya
4000,5,4,Colombo,35,2,115000000.0,Colombo,22.0,Talawatugoda
3700,5,4,Colombo,25,2,30500000.0,Colombo,8.0,Piliyandala
2500,4,5,Colombo,35,2,25500000.0,Colombo,7.0,Piliyandala
2400,4,4,Colombo,30,2,28500000.0,Colombo,8.5,Piliyandala
3850,4,4,Colombo,25,2,33000000.0,Colombo,10.0,Piliyandala
2500,5,1,Gampaha,2,2,18000000.0,Gampaha,9.83,Gampaha City
3200,5,3,Colombo,38,2,42500000.0,Colombo,6.5,Boralesgamuwa
1800,3,3,Colombo,2,2,23500000.0,Colombo,8.0,Piliyandala
2000,3,2,Colombo,1,2,21500000.0,Colombo,9.5,Piliyandala
900,2,1,Colombo,18,1,6500000.0,Colombo,4.0,Ratmalana
2500,6,4,Colombo,8,3,18000000.0,Colombo,10.0,Wellampitiya
3485,4,3,Colombo,31,2,12000000.0,Colombo,12.8,Colombo 5
1400,4,3,Colombo,7,2,16500000.0,Colombo,6.0,Kolonnawa
2675,4,4,Colombo,12,2,49500000.0,Colombo,10.15,Malabe
2400,3,1,Batticaloa,5,2,14000000.0,Batticaloa,8.0,Batticaloa City
3642,5,4,Colombo,43,2,36700000.0,Colombo,11.5,Piliyandala
3000,5,2,Gampaha,4,2,24500000.0,Gampaha,10.0,Gampaha City
1500,4,2,Colombo,50,2,12500000.0,Colombo,10.0,Wellampitiya
4400,5,5,Colombo,6,2,46500000.0,Colombo,28.0,Piliyandala
1000,4,2,Matara,16,2,44999996.0,Matara,28.0,Weligama
550,1,1,Kurunegala,10,1,3500000.0,Kurunegala,17.2,Wariyapola
1950,3,2,Gampaha,2,2,32500000.0,Gampaha,12.0,Negombo
2500,4,3,Colombo,40,2,22500000.0,Colombo,4.0,Colombo 9
2400,4,2,Colombo,44,2,38000000.0,Colombo,10.0,Kottawa
2900,4,3,Colombo,14,2,33000000.0,Colombo,8.0,Kottawa
3600,6,5,Colombo,32,3,33500000.0,Colombo,16.0,Kottawa
1000,3,1,Matale,1,2,8500000.0,Matale,10.0,Ukuwela
1500,3,2,Colombo,3,2,16500000.0,Colombo,14.0,Athurugiriya
1200,3,3,Colombo,7,2,14500000.0,Colombo,6.0,Athurugiriya
2067,5,4,Colombo,2,2,22000000.0,Colombo,6.0,Athurugiriya
2000,3,3,Colombo,41,2,20500000.0,Colombo,6.5,Athurugiriya
4200,5,4,Colombo,48,2,57500000.0,Colombo,9.5,Kotte
1500,3,1,Gampaha,7,2,18000000.0,Gampaha,10.0,Kelaniya
3200,4,3,Colombo,36,2,36000000.0,Colombo,10.0,Malabe
2000,3,3,Colombo,2,2,85000000.0,Colombo,10.0,Nugegoda
900,2,1,Matale,29,1,7500000.0,Matale,22.0,Ukuwela
5700,7,5,Colombo,21,4,65000000.0,Colombo,33.0,Malabe
3000,4,3,Colombo,39,2,110000000.0,Colombo,50.2,Talawatugoda
3300,3,2,Colombo,5,2,40000000.0,Colombo,7.0,Talawatugoda
2800,5,7,Colombo,45,2,64000000.0,Colombo,17.5,Talawatugoda
2500,3,2,Gampaha,16,2,14000000.0,Gampaha,20.0,Ja-Ela
1000,3,1,Matale,30,2,6500000.0,Matale,13.0,Ukuwela
4000,4,4,Colombo,41,2,49500000.0,Colombo,10.0,Talawatugoda
2600,4,4,Colombo,6,2,29000000.0,Colombo,10.0,Malabe
1500,3,1,Kurunegala,3,2,25000000.0,Kurunegala,21.0,Narammala
3000,4,4,Colombo,48,2,60000000.0,Colombo,15.0,Talawatugoda
2500,3,3,Colombo,12,2,22000000.0,Colombo,8.3,Piliyandala
1400,3,3,Colombo,36,2,18000000.0,Colombo,8.0,Athurugiriya
2700,4,3,Colombo,49,2,30000000.0,Colombo,8.0,Battaramulla
1500,3,2,Colombo,30,2,16500000.0,Colombo,7.5,Malabe
1350,3,2,Colombo,2,2,14000000.0,Colombo,10.0,Malabe
1500,3,3,Colombo,28,2,18500000.0,Colombo,7.5,Malabe
1600,3,2,Colombo,37,2,18500000.0,Colombo,10.0,Piliyandala
1900,4,2,Colombo,49,2,19000000.0,Colombo,11.4,Malabe
2800,4,4,Colombo,24,2,28000000.0,Colombo,10.0,Malabe
2800,4,3,Colombo,24,2,27500000.0,Colombo,11.5,Malabe
2800,3,2,Colombo,40,2,13000000.0,Colombo,10.0,Piliyandala
2200,4,3,Colombo,14,2,26500000.0,Colombo,6.5,Malabe
2500,5,4,Colombo,6,2,26000000.0,Colombo,10.5,Malabe
2800,3,2,Gampaha,6,2,29000000.0,Gampaha,23.4,Wattala
3150,4,3,Gampaha,15,2,26500000.0,Gampaha,10.5,Negombo
3000,4,3,Colombo,18,2,33000000.0,Colombo,8.0,Kottawa
3142,4,4,Colombo,1,2,33000000.0,Colombo,10.0,Piliyandala
3800,5,4,Colombo,41,2,50000000.0,Colombo,10.0,Talawatugoda
2000,6,4,Colombo,12,3,27000000.0,Colombo,3.6,Colombo 10
1600,4,2,Colombo,25,2,13000000.0,Colombo,8.0,Wellampitiya
2900,4,4,Colombo,21,2,27000000.0,Colombo,7.0,Talawatugoda
3100,4,3,Gampaha,11,2,26500000.0,Gampaha,10.5,Negombo
2900,4,4,Colombo,49,2,27000000.0,Colombo,7.0,Kottawa
2985,4,4,Colombo,45,2,24800000.0,Colombo,6.0,Piliyandala
1500,3,2,Gampaha,19,2,13500000.0,Gampaha,10.0,Negombo
2896,4,5,Colombo,9,2,25500000.0,Colombo,7.5,Piliyandala
2457,3,3,Colombo,25,2,21500000.0,Colombo,9.5,Piliyandala
3211,4,4,Colombo,16,2,25500000.0,Colombo,7.5,Piliyandala
2986,4,4,Colombo,1,2,27500000.0,Colombo,7.5,Piliyandala
3011,4,4,Colombo,12,2,33000000.0,Colombo,8.0,Kottawa
1547,3,3,Colombo,2,2,18500000.0,Colombo,8.0,Piliyandala
2844,4,4,Colombo,19,2,27500000.0,Colombo,7.5,Piliyandala
2564,4,4,Colombo,1,2,24800000.0,Colombo,6.0,Piliyandala
3600,4,3,Colombo,35,2,32000000.0,Colombo,8.2,Pannipitiya
2965,4,4,Colombo,2,2,27000000.0,Colombo,7.0,Piliyandala
3951,5,5,Colombo,50,2,36700000.0,Colombo,11.5,Piliyandala
3022,5,3,Colombo,12,2,27000000.0,Colombo,7.5,Piliyandala
1400,3,2,Colombo,35,2,14500000.0,Colombo,13.5,Kesbewa
1200,3,2,Colombo,1,2,28500000.0,Colombo,7.3,Ratmalana
5062,8,5,Colombo,43,4,42500000.0,Colombo,13.2,Nugegoda
1800,3,2,Colombo,34,2,12000000.0,Colombo,21.0,Piliyandala
5266,5,5,Colombo,47,2,41000000.0,Colombo,16.0,Kottawa
2451,4,4,Colombo,19,2,21500000.0,Colombo,9.0,Piliyandala
1547,3,3,Colombo,18,2,18000000.0,Colombo,11.0,Piliyandala
725,2,1,Colombo,44,1,6795000.0,Colombo,3.0,Colombo 10
3300,4,4,Colombo,7,2,55000000.0,Colombo,11.0,Talawatugoda
5000,5,5,Colombo,14,2,100000000.0,Colombo,20.0,Talawatugoda
5000,5,5,Colombo,16,2,100000000.0,Colombo,20.0,Battaramulla
4200,5,4,Colombo,13,2,33000000.0,Colombo,10.0,Piliyandala
2280,4,4,Colombo,49,2,24800000.0,Colombo,6.5,Piliyandala
4100,5,4,Colombo,2,2,34000000.0,Colombo,10.0,Piliyandala
1750,3,3,Colombo,46,2,21000000.0,Colombo,6.5,Athurugiriya
3000,4,3,Colombo,19,2,110000000.0,Colombo,50.2,Talawatugoda
3500,5,2,Colombo,35,2,50000000.0,Colombo,27.5,Talawatugoda
1000,2,1,Galle,4,1,3500000.0,Galle,10.0,Ambalangoda
850,2,1,Galle,23,1,5000000.0,Galle,15.0,Galle City
4200,5,4,Colombo,32,2,33000000.0,Colombo,10.0,Piliyandala
2250,4,4,Colombo,41,2,21500000.0,Colombo,9.0,Piliyandala
2300,3,3,Colombo,42,2,21500000.0,Colombo,9.5,Piliyandala
4800,5,5,Colombo,8,2,36700000.0,Colombo,11.5,Piliyandala
1806,3,3,Colombo,43,2,18500000.0,Colombo,6.5,Piliyandala
1300,3,2,Colombo,42,2,17000000.0,Colombo,6.6,Kottawa
2200,4,3,Kandy,23,2,24000000.0,Kandy,16.0,Kandy City
2900,4,2,Gampaha,1,2,28000000.0,Gampaha,8.0,Ja-Ela
2800,4,4,Gampaha,26,2,27000000.0,Gampaha,18.0,Kiribathgoda
3500,5,4,Gampaha,40,2,33000000.0,Gampaha,11.0,Kiribathgoda
2900,4,3,Gampaha,8,2,30000000.0,Gampaha,10.0,Kiribathgoda
1600,4,3,Gampaha,4,2,17500000.0,Gampaha,12.5,Kadawatha
1600,4,1,Gampaha,24,2,16500000.0,Gampaha,16.0,Kadawatha
2200,3,2,Gampaha,48,2,18500000.0,Gampaha,20.5,Kadawatha
1500,3,3,Colombo,13,2,15000000.0,Colombo,3.0,Ratmalana
1000,5,2,Colombo,14,2,11000000.0,Colombo,4.0,Wellampitiya
750,2,1,Colombo,41,1,6500000.0,Colombo,1.79,Kolonnawa
3500,4,2,Gampaha,12,2,26500000.0,Gampaha,10.5,Negombo
4200,5,4,Colombo,14,2,66000000.0,Colombo,29.0,Malabe
1000,2,1,Colombo,10,1,9500000.0,Colombo,6.8,Wellampitiya
2000,3,2,Gampaha,50,2,15800000.0,Gampaha,10.8,Negombo
2200,4,2,Colombo,43,2,29500000.0,Colombo,16.0,Malabe
3500,3,2,Gampaha,18,2,35000000.0,Gampaha,22.5,Negombo
5500,6,6,Colombo,26,3,170000000.0,Colombo,8.8,Colombo 5
5000,6,6,Colombo,8,3,80000000.0,Colombo,10.3,Dehiwala
3800,5,4,Colombo,7,2,37500000.0,Colombo,10.0,Pannipitiya
1600,3,2,Colombo,24,2,15800000.0,Colombo,10.0,Kottawa
1605,3,3,Colombo,47,2,17800000.0,Colombo,6.0,Kesbewa
3000,4,3,Colombo,6,2,84000000.0,Colombo,20.0,Mount Lavinia
438,4,1,Matara,24,2,6800000.0,Matara,10.0,Deniyaya
1250,2,1,Matara,8,1,14000000.0,Matara,8.0,Matara City
1500,2,1,Kalutara,14,1,5600000.0,Kalutara,6.5,Panadura
3300,4,4,Colombo,16,2,55000000.0,Colombo,11.0,Battaramulla
6000,6,6,Colombo,19,3,110000000.0,Colombo,15.31,Dehiwala
3200,4,3,Colombo,42,2,40000000.0,Colombo,18.6,Boralesgamuwa
3500,4,3,Gampaha,30,2,31900000.0,Gampaha,10.0,Kandana
3000,3,2,Kalutara,8,2,35000000.0,Kalutara,10.0,Bandaragama
6534,5,2,Badulla,14,2,30000000.0,Badulla,24.0,Badulla City
850,1,1,Galle,50,1,13000000.0,Galle,6.3,Galle City
3000,6,5,Colombo,49,3,26000000.0,Colombo,13.0,Kolonnawa
3250,4,4,Colombo,9,2,120000000.0,Colombo,7.5,Colombo 4
2985,4,4,Colombo,4,2,25500000.0,Colombo,7.0,Piliyandala
2800,3,2,Gampaha,22,2,29000000.0,Gampaha,12.5,Wattala
2200,3,2,Gampaha,16,2,34500000.0,Gampaha,10.0,Wattala
2750,3,4,Gampaha,9,2,32000000.0,Gampaha,7.3,Wattala
2800,3,2,Gampaha,25,2,21000000.0,Gampaha,7.14,Wattala
2000,3,2,Gampaha,15,2,28000000.0,Gampaha,10.0,Wattala
2000,3,2,Gampaha,33,2,28500000.0,Gampaha,6.0,Wattala
4400,5,5,Gampaha,37,2,69500000.0,Gampaha,24.0,Wattala
2400,3,2,Gampaha,31,2,41500000.0,Gampaha,19.0,Wattala
1642,4,3,Gampaha,4,2,19800000.0,Gampaha,5.5,Wattala
2260,4,4,Gampaha,2,2,45000000.0,Gampaha,12.0,Wattala
1600,3,1,Gampaha,5,2,30000000.0,Gampaha,20.0,Wattala
5455,6,4,Gampaha,41,3,29000000.0,Gampaha,20.0,Ragama
1200,2,3,Colombo,6,1,16000000.0,Colombo,2.5,Colombo 12
4700,4,3,Gampaha,5,2,30000000.0,Gampaha,20.0,Ragama
2000,3,2,Gampaha,3,2,20000000.0,Gampaha,15.0,Negombo
1470,3,2,Gampaha,10,2,18500000.0,Gampaha,11.0,Negombo
2200,3,2,Gampaha,2,2,17300000.0,Gampaha,6.0,Ragama
3000,4,2,Gampaha,42,2,20000000.0,Gampaha,13.5,Ragama
2650,4,3,Gampaha,9,2,39000000.0,Gampaha,12.5,Negombo
3500,4,3,Gampaha,18,2,35000000.0,Gampaha,10.0,Negombo
1500,3,2,Gampaha,12,2,18500000.0,Gampaha,6.0,Wattala
3500,5,5,Gampaha,6,2,35000000.0,Gampaha,10.0,Negombo
3500,4,3,Gampaha,4,2,35000000.0,Gampaha,10.0,Negombo
2400,4,3,Gampaha,20,2,22000000.0,Gampaha,12.5,Negombo
2700,5,4,Gampaha,18,2,31500000.0,Gampaha,12.5,Negombo
3200,4,3,Colombo,41,2,45000000.0,Colombo,10.0,Malabe
1600,3,2,Gampaha,23,2,29500000.0,Gampaha,10.0,Kandana
1500,2,2,Gampaha,5,1,19500000.0,Gampaha,10.0,Kandana
2551,5,3,Gampaha,42,2,30000000.0,Gampaha,15.0,Kandana
2751,4,3,Gampaha,17,2,29500000.0,Gampaha,14.5,Kandana
3100,4,3,Gampaha,50,2,26500000.0,Gampaha,10.5,Negombo
4000,4,3,Gampaha,2,2,29500000.0,Gampaha,20.0,Negombo
1425,3,1,Gampaha,18,2,9900000.0,Gampaha,10.0,Negombo
1365,3,1,Gampaha,26,2,9900000.0,Gampaha,10.0,Negombo
5000,6,5,Colombo,47,3,65000000.0,Colombo,11.5,Malabe
1100,3,1,Gampaha,29,2,13000000.0,Gampaha,11.75,Kandana
2000,4,2,Gampaha,13,2,29500000.0,Gampaha,10.0,Kandana
2300,5,2,Gampaha,45,2,35000000.0,Gampaha,10.0,Kandana
2500,2,1,Colombo,19,1,5500000.0,Colombo,15.0,Piliyandala
2000,3,1,Matale,2,2,9500000.0,Matale,14.0,Matale City
1500,4,1,Gampaha,46,2,10000000.0,Gampaha,13.4,Kadawatha
3000,3,3,Gampaha,1,2,31000000.0,Gampaha,30.0,Kandana
4750,4,3,Gampaha,9,2,65000000.0,Gampaha,54.0,Kandana
2200,5,2,Gampaha,9,2,22500000.0,Gampaha,9.5,Kandana
4800,6,6,Gampaha,2,3,28500000.0,Gampaha,15.0,Kandana
2500,3,2,Gampaha,4,2,22000000.0,Gampaha,6.5,Kandana
4100,4,2,Gampaha,16,2,22500000.0,Gampaha,15.5,Kandana
1700,3,2,Gampaha,49,2,19000000.0,Gampaha,10.0,Kandana
3000,4,3,Gampaha,1,2,29500000.0,Gampaha,8.0,Kandana
2639,3,3,Gampaha,6,2,31500000.0,Gampaha,10.0,Kandana
2500,4,2,Gampaha,15,2,16500000.0,Gampaha,20.0,Nittambuwa
3000,8,5,Kurunegala,10,4,37500000.0,Kurunegala,10.0,Kurunegala City
3200,5,3,Colombo,5,2,32000000.0,Colombo,10.0,Kottawa
700,2,2,Colombo,9,1,9000000.0,Colombo,2.5,Colombo 9
4000,7,6,Colombo,11,4,75000000.0,Colombo,14.25,Colombo 9
2200,3,3,Colombo,6,2,18500000.0,Colombo,8.0,Piliyandala
2100,4,2,Colombo,42,2,40000000.0,Colombo,5.0,Colombo 15
2200,3,3,Colombo,10,2,18500000.0,Colombo,6.5,Piliyandala
4440,5,5,Colombo,34,2,36700000.0,Colombo,11.5,Piliyandala
1500,3,2,Colombo,10,2,14000000.0,Colombo,10.0,Piliyandala
1950,3,2,Gampaha,42,2,32500000.0,Gampaha,12.0,Negombo
4500,4,5,Gampaha,15,2,47000000.0,Gampaha,14.7,Negombo
1275,3,3,Gampaha,34,2,25000000.0,Gampaha,13.5,Kandana
3600,5,4,Colombo,2,2,57500000.0,Colombo,7.1,Dehiwala
4000,5,4,Colombo,25,2,200000000.0,Colombo,30.0,Colombo 6
4000,4,3,Colombo,25,2,51000000.0,Colombo,17.0,Nugegoda
2000,2,1,Gampaha,7,1,15000000.0,Gampaha,20.0,Kiribathgoda
3500,4,2,Gampaha,27,2,9800000.0,Gampaha,12.5,Ganemulla
3500,4,3,Gampaha,21,2,29500000.0,Gampaha,20.0,Negombo
3000,4,3,Colombo,46,2,47500000.0,Colombo,10.0,Talawatugoda
3150,4,3,Gampaha,5,2,26500000.0,Gampaha,10.5,Negombo
3500,3,2,Gampaha,34,2,35000000.0,Gampaha,22.5,Negombo
2000,3,2,Colombo,13,2,30000000.0,Colombo,13.43,Kolonnawa
1500,3,3,Colombo,44,2,16500000.0,Colombo,7.5,Athurugiriya
1800,3,2,Colombo,13,2,46000000.0,Colombo,16.0,Dehiwala
1560,1,2,Colombo,43,1,11000000.0,Colombo,6.0,Kesbewa
1400,3,1,Gampaha,4,2,7900000.0,Gampaha,14.0,Gampaha City
2400,5,2,Kalutara,23,2,9500000.0,Kalutara,48.0,Horana
1500,3,2,Gampaha,28,2,13500000.0,Gampaha,10.0,Negombo
2000,6,3,Colombo,20,3,20000000.0,Colombo,6.0,Maharagama
2547,4,4,Colombo,12,2,25500000.0,Colombo,7.0,Piliyandala
2985,4,4,Colombo,4,2,25500000.0,Colombo,6.0,Piliyandala
1970,4,2,Colombo,39,2,200000000.0,Colombo,17.7,Mount Lavinia
1000,4,2,Gampaha,10,2,25000000.0,Gampaha,20.0,Kiribathgoda
1800,4,4,Colombo,40,2,24500000.0,Colombo,20.0,Kottawa
1800,5,2,Kurunegala,18,2,12500000.0,Kurunegala,14.0,Narammala
1400,3,3,Colombo,38,2,17800000.0,Colombo,6.0,Kottawa
2430,4,1,Kalutara,4,2,7500000.0,Kalutara,10.0,Kalutara City
1950,3,2,Gampaha,6,2,22000000.0,Gampaha,10.0,Wattala
525,2,1,Colombo,26,1,5100000.0,Colombo,2.5,Colombo 10
3100,4,3,Gampaha,10,2,17500000.0,Gampaha,8.0,Negombo
2500,4,4,Colombo,46,2,24800000.0,Colombo,6.0,Piliyandala
3260,5,3,Colombo,15,2,23500000.0,Colombo,7.0,Piliyandala
3965,4,5,Kalutara,34,2,32500000.0,Kalutara,86.0,Horana
6800,6,5,Colombo,40,3,44000000.0,Colombo,12.8,Talawatugoda
3600,6,4,Colombo,20,3,33500000.0,Colombo,16.2,Kottawa
3000,4,3,Colombo,10,2,29500000.0,Colombo,12.0,Kottawa
4083,7,6,Colombo,41,4,45000000.0,Colombo,20.0,Talawatugoda
2400,4,3,Colombo,5,2,27000000.0,Colombo,7.0,Kottawa
2500,4,4,Colombo,8,2,42000000.0,Colombo,6.7,Dehiwala
1405,4,3,Gampaha,37,2,16000000.0,Gampaha,5.35,Kiribathgoda
2400,4,3,Colombo,19,2,24800000.0,Colombo,6.0,Piliyandala
2550,4,3,Colombo,43,2,25500000.0,Colombo,7.5,Piliyandala
1200,3,2,Colombo,7,2,18500000.0,Colombo,10.0,Piliyandala
2300,4,4,Colombo,25,2,21500000.0,Colombo,9.5,Piliyandala
3000,4,4,Colombo,2,2,28500000.0,Colombo,15.0,Piliyandala
3225,4,3,Gampaha,15,2,31000000.0,Gampaha,15.0,Negombo
2400,3,1,Colombo,44,2,9500000.0,Colombo,10.05,Piliyandala
2000,3,2,Colombo,22,2,21500000.0,Colombo,9.5,Piliyandala
1350,2,1,Gampaha,10,1,23500000.0,Gampaha,29.0,Negombo
1400,3,1,Colombo,9,2,8400000.0,Colombo,11.5,Kaduwela
2000,4,3,Colombo,12,2,19500000.0,Colombo,6.5,Piliyandala
1365,3,1,Gampaha,7,2,9900000.0,Gampaha,10.0,Negombo
3250,5,3,Colombo,13,2,23500000.0,Colombo,7.0,Piliyandala
3700,5,4,Colombo,7,2,30500000.0,Colombo,8.0,Piliyandala
2500,4,5,Colombo,21,2,25500000.0,Colombo,7.0,Piliyandala
2100,4,2,Gampaha,43,2,13000000.0,Gampaha,11.0,Negombo
3850,4,4,Colombo,16,2,46500000.0,Colombo,28.0,Piliyandala
3850,4,4,Colombo,17,2,33000000.0,Colombo,10.0,Piliyandala
2100,3,2,Gampaha,29,2,35000000.0,Gampaha,50.0,Ja-Ela
4500,4,1,Gampaha,1,2,6750000.0,Gampaha,25.0,Nittambuwa
4000,6,6,Colombo,19,3,75000000.0,Colombo,23.0,Mount Lavinia
3500,5,2,Gampaha,6,2,7150000.0,Gampaha,85.5,Nittambuwa
3500,3,1,Gampaha,4,2,3500000.0,Gampaha,15.0,Nittambuwa
3500,4,1,Gampaha,2,2,3750000.0,Gampaha,26.0,Nittambuwa
1100,3,2,Colombo,22,2,8950000.0,Colombo,10.0,Athurugiriya
3740,7,3,Kegalle,5,4,250000000.0,Kegalle,23.0,Kegalle City
3000,3,1,Gampaha,8,2,12500000.0,Gampaha,15.0,Nittambuwa
5000,5,3,Gampaha,16,2,26500000.0,Gampaha,14.5,Kadawatha
4000,6,4,Colombo,10,3,65000000.0,Colombo,18.76,Kotte
1500,2,2,Colombo,6,1,25000000.0,Colombo,7.43,Dehiwala
2500,4,3,Gampaha,2,2,29500000.0,Gampaha,20.0,Negombo
2800,4,4,Colombo,3,2,55000000.0,Colombo,12.0,Battaramulla
2500,5,3,Colombo,24,2,19500000.0,Colombo,7.45,Maharagama
3200,5,3,Colombo,6,2,42500000.0,Colombo,6.5,Nugegoda
1800,4,3,Gampaha,14,2,26300000.0,Gampaha,40.2,Gampaha City
7100,6,5,Colombo,49,3,155000000.0,Colombo,27.0,Nugegoda
3800,4,4,Colombo,10,2,47500000.0,Colombo,7.0,Nugegoda
2800,4,3,Colombo,48,2,26500000.0,Colombo,6.5,Malabe
3300,3,2,Colombo,37,2,40000000.0,Colombo,7.0,Talawatugoda
4200,4,4,Colombo,8,2,49500000.0,Colombo,10.0,Talawatugoda
3000,4,3,Colombo,39,2,110000000.0,Colombo,50.0,Talawatugoda
3300,4,4,Colombo,3,2,44000000.0,Colombo,7.7,Talawatugoda
3800,5,4,Colombo,5,2,45000000.0,Colombo,11.0,Talawatugoda
4000,4,4,Colombo,18,2,60000000.0,Colombo,15.0,Talawatugoda
2400,5,4,Kandy,19,2,35000000.0,Kandy,17.0,Kandy City
1500,2,1,Kandy,14,1,4800000.0,Kandy,10.0,Pilimatalawa
4000,5,4,Colombo,12,2,65000000.0,Colombo,12.5,Malabe
2675,4,3,Colombo,26,2,48000000.0,Colombo,10.12,Malabe
2200,3,1,Badulla,22,2,14900000.0,Badulla,20.0,Mahiyanganaya
1350,3,2,Colombo,27,2,14000000.0,Colombo,10.0,Malabe
2800,4,4,Colombo,43,2,28000000.0,Colombo,10.0,Malabe
3500,4,3,Gampaha,2,2,26500000.0,Gampaha,10.5,Negombo
3300,4,3,Colombo,9,2,55000000.0,Colombo,11.0,Battaramulla
2650,5,3,Colombo,50,2,45000000.0,Colombo,9.9,Rajagiriya
4000,5,3,Colombo,1,2,65000000.0,Colombo,10.0,Battaramulla
3100,4,4,Colombo,4,2,33000000.0,Colombo,8.0,Kottawa
1500,3,1,Kandy,10,2,7250000.0,Kandy,19.0,Digana
3500,4,4,Colombo,17,2,85000000.0,Colombo,16.0,Battaramulla
3800,4,4,Colombo,6,2,45000000.0,Colombo,7.0,Battaramulla
2800,4,3,Gampaha,16,2,26000000.0,Gampaha,14.0,Ja-Ela
4500,5,4,Colombo,14,2,115000000.0,Colombo,22.0,Battaramulla
1400,6,7,Colombo,1,3,170000000.0,Colombo,24.0,Battaramulla
4000,5,4,Colombo,41,2,75000000.0,Colombo,14.0,Battaramulla
3200,4,4,Colombo,24,2,44000000.0,Colombo,8.0,Talawatugoda
2500,4,3,Kalutara,39,2,36000000.0,Kalutara,22.0,Panadura
1400,3,3,Colombo,13,2,18000000.0,Colombo,8.0,Athurugiriya
3200,4,3,Colombo,29,2,54800000.0,Colombo,8.7,Talawatugoda
1320,3,3,Colombo,40,2,13000000.0,Colombo,9.5,Kottawa
1600,3,2,Gampaha,2,2,17000000.0,Gampaha,11.0,Negombo
1320,3,3,Colombo,3,2,13000000.0,Colombo,9.5,Homagama
1950,3,2,Gampaha,4,2,32500000.0,Gampaha,12.0,Negombo
5500,6,6,Colombo,20,3,172500000.0,Colombo,8.8,Colombo 5
3000,4,3,Colombo,34,2,33000000.0,Colombo,8.0,Pannipitiya
1100,3,1,Colombo,11,2,7950000.0,Colombo,7.0,Homagama
2700,4,2,Colombo,41,2,30000000.0,Colombo,10.0,Rajagiriya
3200,4,4,Colombo,16,2,43500000.0,Colombo,10.5,Talawatugoda
3185,5,3,Colombo,29,2,54500000.0,Colombo,11.7,Kotte
3800,5,4,Colombo,19,2,45000000.0,Colombo,11.0,Talawatugoda
1800,2,1,Kandy,38,1,7950000.0,Kandy,16.0,Pilimatalawa
2200,4,3,Colombo,8,2,24000000.0,Colombo,6.0,Malabe
4000,4,3,Gampaha,14,2,29500000.0,Gampaha,20.0,Negombo
2400,4,2,Gampaha,4,2,13000000.0,Gampaha,11.0,Negombo
1425,3,1,Gampaha,4,2,9900000.0,Gampaha,10.0,Negombo
1000,3,2,Kurunegala,6,2,4500000.0,Kurunegala,30.0,Kurunegala City
1800,3,3,Gampaha,2,2,11000000.0,Gampaha,13.0,Negombo
2800,4,3,Colombo,13,2,27500000.0,Colombo,11.5,Malabe
2500,4,3,Colombo,5,2,26000000.0,Colombo,8.5,Piliyandala
1900,4,2,Colombo,35,2,19000000.0,Colombo,11.4,Malabe
3000,5,4,Colombo,2,2,50000000.0,Colombo,13.0,Nugegoda
3000,6,4,Colombo,47,3,48500000.0,Colombo,14.0,Piliyandala
3400,5,5,Colombo,7,2,36700000.0,Colombo,11.5,Piliyandala
1250,3,2,Colombo,3,2,16500000.0,Colombo,7.5,Malabe
6000,5,4,Colombo,42,2,100000000.0,Colombo,20.0,Battaramulla
2800,4,4,Colombo,1,2,24800000.0,Colombo,6.5,Piliyandala
2000,2,1,Puttalam,17,1,5500000.0,Puttalam,15.0,Chilaw
2700,4,2,Gampaha,5,2,28000000.0,Gampaha,16.0,Kadawatha
2600,4,4,Colombo,14,2,25500000.0,Colombo,7.0,Piliyandala
2900,4,4,Colombo,4,2,36000000.0,Colombo,8.5,Piliyandala
3866,5,2,Gampaha,17,2,21000000.0,Gampaha,14.2,Gampaha City
2600,5,3,Colombo,15,2,25500000.0,Colombo,6.2,Piliyandala
2250,3,6,Colombo,39,2,21500000.0,Colombo,9.5,Piliyandala
3200,4,4,Colombo,13,2,43500000.0,Colombo,10.5,Talawatugoda
3236,6,2,Colombo,6,3,65000000.0,Colombo,19.1,Kotte
2200,4,3,Colombo,30,2,26000000.0,Colombo,7.0,Piliyandala
1400,3,2,Gampaha,5,2,9900000.0,Gampaha,10.0,Negombo
3850,4,4,Colombo,41,2,33000000.0,Colombo,10.0,Piliyandala
2280,4,4,Colombo,5,2,21500000.0,Colombo,9.0,Piliyandala
2480,4,4,Colombo,44,2,24800000.0,Colombo,6.0,Piliyandala
1700,3,2,Gampaha,35,2,19500000.0,Gampaha,12.5,Negombo
4200,8,5,Colombo,5,4,45000000.0,Colombo,11.0,Dehiwala
6500,6,5,Colombo,5,3,44000000.0,Colombo,12.5,Talawatugoda
3200,4,4,Colombo,38,2,43500000.0,Colombo,10.5,Battaramulla
3000,4,3,Colombo,42,2,33000000.0,Colombo,8.0,Kottawa
3200,4,4,Colombo,43,2,100000000.0,Colombo,7.98,Colombo 5
2000,4,2,Kandy,1,2,16000000.0,Kandy,10.0,Kundasale
3500,4,3,Gampaha,25,2,29500000.0,Gampaha,20.0,Negombo
3150,4,3,Gampaha,17,2,26500000.0,Gampaha,10.5,Negombo
1500,3,1,Gampaha,4,2,6500000.0,Gampaha,10.0,Ganemulla
2422,4,4,Colombo,37,2,25500000.0,Colombo,7.0,Piliyandala
2100,4,2,Gampaha,13,2,13000000.0,Gampaha,11.0,Negombo
1200,3,1,Colombo,4,2,9500000.0,Colombo,10.0,Kesbewa
1741,3,3,Colombo,35,2,21000000.0,Colombo,10.0,Piliyandala
1600,3,2,Kalutara,38,2,7500000.0,Kalutara,15.5,Beruwala
2000,4,2,Gampaha,1,2,18000000.0,Gampaha,11.0,Kandana
3000,4,4,Colombo,19,2,60000000.0,Colombo,15.0,Talawatugoda
3800,5,4,Colombo,22,2,45000000.0,Colombo,11.0,Talawatugoda
9000,5,5,Colombo,40,2,120000000.0,Colombo,16.0,Talawatugoda
1652,3,3,Colombo,35,2,18000000.0,Colombo,11.0,Kesbewa
2874,3,3,Colombo,8,2,21500000.0,Colombo,9.5,Piliyandala
2986,4,4,Colombo,21,2,27000000.0,Colombo,19.0,Piliyandala
3452,5,5,Colombo,18,2,38000000.0,Colombo,10.0,Piliyandala
3896,5,5,Colombo,33,2,36700000.0,Colombo,11.5,Piliyandala
1200,3,1,Colombo,1,2,15000000.0,Colombo,6.25,Malabe
2400,4,3,Colombo,47,2,18500000.0,Colombo,2.8,Nugegoda
2845,4,4,Colombo,30,2,25500000.0,Colombo,7.5,Piliyandala
2415,4,4,Colombo,11,2,33000000.0,Colombo,10.0,Piliyandala
1452,3,2,Colombo,8,2,14000000.0,Colombo,8.0,Piliyandala
1587,3,3,Colombo,48,2,18500000.0,Colombo,8.0,Piliyandala
1745,3,3,Colombo,11,2,18000000.0,Colombo,11.0,Piliyandala
3784,4,4,Colombo,47,2,34000000.0,Colombo,10.0,Piliyandala
2985,4,5,Colombo,40,2,25500000.0,Colombo,7.5,Piliyandala
2723,1,1,Gampaha,45,1,7500000.0,Gampaha,10.0,Delgoda
2875,4,4,Colombo,4,2,27500000.0,Colombo,7.5,Piliyandala
3000,4,3,Colombo,3,2,49500000.0,Colombo,10.12,Malabe
1200,3,1,Colombo,22,2,12500000.0,Colombo,20.0,Homagama
817,2,1,Colombo,10,1,7800000.0,Colombo,3.0,Colombo 10
800,2,2,Galle,45,1,5000000.0,Galle,21.0,Galle City
1000,3,1,Colombo,35,2,16800000.0,Colombo,15.5,Kottawa
1800,3,3,Colombo,40,2,21500000.0,Colombo,10.0,Piliyandala
2300,4,3,Colombo,8,2,33500000.0,Colombo,9.0,Maharagama
1800,3,2,Colombo,12,2,13800000.0,Colombo,10.2,Homagama
3000,4,3,Colombo,13,2,110000000.0,Colombo,50.2,Talawatugoda
3500,4,3,Colombo,4,2,47500000.0,Colombo,8.0,Nugegoda
1520,3,3,Colombo,34,2,18500000.0,Colombo,8.0,Kottawa
1024,3,1,Gampaha,47,2,5250000.0,Gampaha,14.19,Gampaha City
4120,4,2,Colombo,41,2,40000000.0,Colombo,10.3,Maharagama
5000,8,5,Colombo,4,4,45000000.0,Colombo,11.0,Dehiwala
2100,4,2,Gampaha,8,2,13000000.0,Gampaha,11.0,Negombo
3150,4,3,Gampaha,5,2,26500000.0,Gampaha,10.5,Negombo
1950,3,2,Gampaha,42,2,32500000.0,Gampaha,12.0,Negombo
4750,5,5,Colombo,1,2,82500000.0,Colombo,16.0,Battaramulla
2500,4,3,Gampaha,47,2,29500000.0,Gampaha,20.0,Negombo
3000,4,3,Colombo,47,2,100000000.0,Colombo,50.2,Talawatugoda
5000,5,4,Colombo,10,2,58000000.0,Colombo,6.7,Dehiwala
1566,3,1,Colombo,16,2,10000000.0,Colombo,10.0,Homagama
2000,4,2,Gampaha,4,2,7600000.0,Gampaha,6.0,Ganemulla
1365,3,1,Gampaha,3,2,9900000.0,Gampaha,10.0,Negombo
2425,6,3,Colombo,33,3,58000000.0,Colombo,9.5,Kohuwala
1650,4,2,Colombo,50,2,36440000.0,Colombo,9.11,Colombo 9
1450,4,1,Anuradhapura,32,2,26000000.0,Anuradhapura,34.0,Anuradhapura City
2800,4,1,Matara,37,2,6500000.0,Matara,14.5,Weligama
2688,5,2,Colombo,42,2,28000000.0,Colombo,8.12,Boralesgamuwa
7000,5,4,Colombo,24,2,69000000.0,Colombo,20.0,Maharagama
3500,5,5,Colombo,18,2,89000000.0,Colombo,14.0,Nugegoda
3500,4,3,Colombo,24,2,47500000.0,Colombo,8.0,Nugegoda
1200,3,3,Colombo,37,2,29500000.0,Colombo,16.5,Malabe
3600,5,4,Colombo,45,2,35000000.0,Colombo,8.0,Malabe
1250,3,2,Colombo,34,2,26500000.0,Colombo,7.0,Malabe
1800,4,3,Colombo,42,2,35000000.0,Colombo,4.9,Mount Lavinia
2000,3,1,Colombo,44,2,15500000.0,Colombo,6.8,Malabe
1400,3,2,Colombo,21,2,16000000.0,Colombo,10.5,Malabe
1300,3,2,Colombo,43,2,17000000.0,Colombo,7.5,Malabe
2000,4,3,Colombo,6,2,19500000.0,Colombo,10.5,Kaduwela
2250,4,3,Colombo,23,2,27000000.0,Colombo,20.0,Kaduwela
2400,6,3,Colombo,13,3,16000000.0,Colombo,11.0,Kaduwela
1500,3,1,Colombo,3,2,8900000.0,Colombo,15.0,Homagama
1540,3,2,Colombo,7,2,12500000.0,Colombo,10.0,Homagama
1425,3,1,Gampaha,19,2,9900000.0,Gampaha,10.0,Negombo
1650,3,1,Colombo,40,2,12000000.0,Colombo,20.0,Homagama
3000,5,3,Colombo,10,2,65000000.0,Colombo,20.0,Homagama
1300,3,1,Colombo,40,2,12000000.0,Colombo,10.5,Homagama
3000,5,3,Colombo,13,2,24500000.0,Colombo,10.0,Homagama
1900,3,3,Colombo,48,2,20500000.0,Colombo,6.5,Homagama
3800,5,4,Colombo,10,2,29800000.0,Colombo,6.0,Homagama
4000,4,3,Colombo,19,2,28000000.0,Colombo,15.0,Homagama
2300,6,3,Colombo,24,3,43000000.0,Colombo,6.87,Dehiwala
1200,3,1,Gampaha,21,2,89000000.0,Gampaha,10.0,Ragama
2700,7,3,Gampaha,23,4,32000000.0,Gampaha,10.0,Ragama
1100,4,2,Gampaha,14,2,9600000.0,Gampaha,7.0,Ragama
2950,4,2,Gampaha,10,2,16000000.0,Gampaha,10.0,Ragama
3200,4,4,Gampaha,37,2,27000000.0,Gampaha,11.7,Ragama
2300,3,3,Gampaha,24,2,17000000.0,Gampaha,13.65,Ragama
1600,2,1,Gampaha,15,1,8000000.0,Gampaha,10.0,Ja-Ela
5000,4,4,Gampaha,3,2,30000000.0,Gampaha,12.5,Kadawatha
2200,5,4,Gampaha,31,2,37000000.0,Gampaha,10.5,Kadawatha
3150,4,3,Gampaha,30,2,26500000.0,Gampaha,10.5,Negombo
2100,3,3,Colombo,4,2,19000000.0,Colombo,8.0,Athurugiriya
2105,4,2,Gampaha,18,2,13000000.0,Gampaha,11.0,Negombo
2750,4,3,Colombo,10,2,35000000.0,Colombo,10.0,Athurugiriya
2000,4,2,Colombo,5,2,25000000.0,Colombo,7.0,Athurugiriya
1400,2,2,Colombo,46,1,14800000.0,Colombo,7.0,Athurugiriya
1551,3,2,Gampaha,6,2,17000000.0,Gampaha,11.0,Negombo
3150,4,3,Gampaha,9,2,26500000.0,Gampaha,10.5,Negombo
5000,3,3,Colombo,1,2,68000000.0,Colombo,12.0,Battaramulla
1950,3,2,Gampaha,14,2,32500000.0,Gampaha,12.0,Negombo
1800,3,3,Colombo,13,2,18500000.0,Colombo,10.0,Athurugiriya
2100,4,4,Colombo,49,2,20500000.0,Colombo,6.0,Athurugiriya
1200,3,1,Puttalam,14,2,6000000.0,Puttalam,30.0,Puttalam City
2000,5,3,Colombo,47,2,29000000.0,Colombo,10.0,Mount Lavinia
1000,1,1,Kandy,12,1,5800000.0,Kandy,10.0,Gelioya
3300,5,4,Colombo,22,2,31500000.0,Colombo,10.0,Athurugiriya
1150,3,2,Colombo,26,2,11000000.0,Colombo,8.0,Athurugiriya
2400,4,4,Colombo,13,2,20000000.0,Colombo,15.0,Athurugiriya
2900,4,3,Colombo,49,2,25000000.0,Colombo,10.0,Athurugiriya
1500,2,1,Colombo,25,1,8700000.0,Colombo,6.0,Battaramulla
3100,4,3,Gampaha,28,2,26500000.0,Gampaha,10.5,Negombo
2200,4,2,Kandy,4,2,16500000.0,Kandy,21.0,Kundasale
2800,3,2,Colombo,1,2,18000000.0,Colombo,10.75,Homagama
3000,4,3,Colombo,2,2,42000000.0,Colombo,10.0,Boralesgamuwa
1350,2,1,Gampaha,1,1,23500000.0,Gampaha,29.0,Negombo
1800,5,3,Colombo,21,2,25000000.0,Colombo,6.8,Malabe
2300,3,3,Colombo,34,2,25000000.0,Colombo,7.76,Malabe
1500,3,2,Colombo,41,2,18000000.0,Colombo,13.0,Pannipitiya
2800,5,4,Colombo,4,2,32500000.0,Colombo,12.0,Malabe
3000,5,4,Colombo,25,2,39000000.0,Colombo,12.5,Malabe
2400,4,3,Colombo,45,2,26000000.0,Colombo,8.9,Malabe
2800,5,3,Colombo,47,2,32500000.0,Colombo,17.0,Malabe
1070,3,2,Colombo,15,2,14200000.0,Colombo,7.6,Malabe
2100,4,1,Kalutara,10,2,22000000.0,Kalutara,147.0,Horana
4000,4,5,Colombo,1,2,48000000.0,Colombo,10.0,Malabe
2000,3,2,Gampaha,16,2,14000000.0,Gampaha,6.2,Gampaha City
4800,4,3,Colombo,1,2,45000000.0,Colombo,10.0,Malabe
1950,4,3,Colombo,43,2,22500000.0,Colombo,6.4,Malabe
3600,4,3,Colombo,50,2,36000000.0,Colombo,7.8,Malabe
4300,5,5,Colombo,35,2,55000000.0,Colombo,12.0,Malabe
2500,6,2,Colombo,38,3,25500000.0,Colombo,10.0,Malabe
2400,4,3,Colombo,14,2,26000000.0,Colombo,10.5,Malabe
1400,3,2,Colombo,35,2,18500000.0,Colombo,7.9,Malabe
2500,4,3,Colombo,44,2,23500000.0,Colombo,6.0,Malabe
2600,5,3,Colombo,4,2,50000000.0,Colombo,10.0,Nugegoda
4000,6,5,Colombo,46,3,29800000.0,Colombo,13.0,Talawatugoda
2400,4,3,Colombo,11,2,32000000.0,Colombo,10.5,Talawatugoda
3400,6,4,Colombo,29,3,36000000.0,Colombo,15.0,Piliyandala
2600,4,4,Colombo,31,2,25000000.0,Colombo,8.0,Piliyandala
5100,5,2,Colombo,9,2,26000000.0,Colombo,20.0,Pannipitiya
2500,4,3,Colombo,33,2,21000000.0,Colombo,8.0,Pannipitiya
3300,7,4,Colombo,15,4,27000000.0,Colombo,11.06,Moratuwa
1500,2,1,Kalutara,10,1,6500000.0,Kalutara,18.5,Horana
2800,6,3,Colombo,7,3,24000000.0,Colombo,8.5,Moratuwa
2800,5,3,Colombo,8,2,27000000.0,Colombo,8.6,Moratuwa
3750,4,4,Colombo,46,2,41000000.0,Colombo,8.0,Moratuwa
1457,2,2,Anuradhapura,9,1,11000000.0,Anuradhapura,67.0,Anuradhapura City
1000,3,1,Kalutara,37,2,6500000.0,Kalutara,14.0,Panadura
3500,5,6,Colombo,4,2,50000000.0,Colombo,15.0,Maharagama
2700,4,4,Colombo,43,2,40000000.0,Colombo,7.0,Maharagama
5700,7,5,Colombo,21,4,65000000.0,Colombo,53.0,Battaramulla
3200,3,4,Colombo,4,2,36000000.0,Colombo,10.0,Angoda
2200,3,2,Colombo,7,2,26500000.0,Colombo,7.0,Angoda
2850,4,2,Colombo,41,2,37500000.0,Colombo,9.5,Rajagiriya
3200,5,3,Colombo,21,2,48000000.0,Colombo,6.0,Rajagiriya
2600,5,5,Colombo,47,2,170000000.0,Colombo,8.5,Colombo 5
3400,6,4,Kurunegala,10,3,33000000.0,Kurunegala,19.8,Kurunegala City
2800,5,4,Kurunegala,9,2,31000000.0,Kurunegala,20.5,Kurunegala City
2485,4,3,Kurunegala,15,2,29500000.0,Kurunegala,16.2,Kurunegala City
1000,2,1,Colombo,3,1,5000000.0,Colombo,3.0,Wellampitiya
3222,5,3,Colombo,15,2,18500000.0,Colombo,6.6,Piliyandala
4000,5,5,Kurunegala,13,2,30500000.0,Kurunegala,30.0,Kurunegala City
3000,7,3,Colombo,5,4,120000000.0,Colombo,20.0,Boralesgamuwa
3500,6,2,Kurunegala,19,3,20000000.0,Kurunegala,35.0,Kurunegala City
1000,3,1,Colombo,1,2,6500000.0,Colombo,3.15,Wellampitiya
1500,3,2,Colombo,4,2,14000000.0,Colombo,10.0,Piliyandala
3580,5,4,Colombo,9,2,33000000.0,Colombo,10.0,Piliyandala
5000,5,3,Colombo,32,2,31000000.0,Colombo,12.0,Kaduwela
6600,7,4,Gampaha,18,4,65000000.0,Gampaha,29.0,Divulapitiya
2800,4,2,Colombo,41,2,39500000.0,Colombo,19.0,Kaduwela
5400,5,2,Gampaha,9,2,29000000.0,Gampaha,10.34,Gampaha City
3773,5,4,Gampaha,26,2,26000000.0,Gampaha,11.0,Kiribathgoda
4100,5,2,Gampaha,16,2,20000000.0,Gampaha,10.0,Kadawatha
2600,4,2,Gampaha,2,2,30000000.0,Gampaha,10.0,Kadawatha
2700,4,3,Colombo,15,2,35000000.0,Colombo,6.0,Battaramulla
4750,5,5,Colombo,6,2,82500000.0,Colombo,16.0,Battaramulla
2500,5,5,Colombo,27,2,24500000.0,Colombo,6.0,Battaramulla
1200,3,1,Matara,3,2,9530000.0,Matara,10.0,Matara City
2500,4,3,Gampaha,16,2,29500000.0,Gampaha,20.0,Negombo
4000,6,6,Colombo,8,3,63000000.0,Colombo,12.0,Nugegoda
1365,3,1,Gampaha,10,2,9900000.0,Gampaha,10.0,Negombo
5000,8,5,Colombo,43,4,42500000.0,Colombo,13.5,Nugegoda
5000,5,4,Colombo,32,2,68000000.0,Colombo,11.0,Nugegoda
1350,3,2,Colombo,35,2,14500000.0,Colombo,10.0,Malabe
3800,4,4,Colombo,4,2,47500000.0,Colombo,7.0,Nugegoda
1500,3,1,Gampaha,18,2,6500000.0,Gampaha,10.0,Ganemulla
2480,4,4,Colombo,6,2,21500000.0,Colombo,9.0,Piliyandala
3750,6,3,Colombo,9,3,36000000.0,Colombo,10.0,Rajagiriya
3522,5,4,Colombo,22,2,35000000.0,Colombo,8.0,Battaramulla
4400,4,4,Colombo,40,2,33000000.0,Colombo,10.0,Piliyandala
1600,4,2,Colombo,18,2,24500000.0,Colombo,21.0,Piliyandala
800,5,1,Gampaha,18,2,5300000.0,Gampaha,12.5,Nittambuwa
3200,4,4,Colombo,10,2,36000000.0,Colombo,10.0,Malabe
4000,5,4,Colombo,16,2,65000000.0,Colombo,12.5,Malabe
750,2,1,Gampaha,7,1,3700000.0,Gampaha,6.0,Kadawatha
2675,4,3,Colombo,27,2,48000000.0,Colombo,10.12,Malabe
1000,3,1,Gampaha,5,2,5000000.0,Gampaha,7.0,Kadawatha
2900,7,4,Colombo,48,4,35000000.0,Colombo,10.0,Malabe
3200,4,4,Colombo,8,2,100000000.0,Colombo,10.0,Kotte
2500,3,1,Colombo,9,2,14500000.0,Colombo,15.0,Athurugiriya
800,1,1,Colombo,15,1,7000000.0,Colombo,12.0,Piliyandala
3500,4,4,Colombo,9,2,60000000.0,Colombo,13.0,Kotte
2600,3,2,Gampaha,8,2,38000000.0,Gampaha,21.35,Kiribathgoda
4900,4,4,Colombo,22,2,80000000.0,Colombo,16.0,Kotte
600,3,1,Colombo,22,2,6500000.0,Colombo,2.5,Kolonnawa
900,3,2,Colombo,3,2,7500000.0,Colombo,3.25,Wellampitiya
3400,4,4,Colombo,2,2,23500000.0,Colombo,10.41,Piliyandala
1500,2,1,Colombo,6,1,4500000.0,Colombo,5.5,Kolonnawa
3150,4,3,Gampaha,1,2,26500000.0,Gampaha,10.5,Negombo
2600,4,4,Colombo,47,2,24800000.0,Colombo,6.5,Piliyandala
1800,3,3,Colombo,37,2,18500000.0,Colombo,8.5,Piliyandala
3850,5,4,Colombo,30,2,36700000.0,Colombo,11.5,Piliyandala
1800,4,1,Kalutara,6,2,12500000.0,Kalutara,40.0,Horana
600,2,1,Colombo,43,1,5500000.0,Colombo,2.5,Wellampitiya
3700,6,2,Gampaha,37,3,28000000.0,Gampaha,10.0,Ragama
2700,4,3,Colombo,17,2,45000000.0,Colombo,12.0,Kohuwala
3100,4,3,Gampaha,47,2,26500000.0,Gampaha,10.5,Negombo
3000,4,4,Colombo,2,2,36000000.0,Colombo,10.0,Malabe
4700,4,4,Gampaha,6,2,47000000.0,Gampaha,14.7,Negombo
1100,3,1,Gampaha,47,2,18000000.0,Gampaha,15.0,Kadawatha
2800,4,2,Colombo,5,2,38000000.0,Colombo,12.85,Athurugiriya
2500,4,3,Colombo,11,2,20000000.0,Colombo,12.0,Piliyandala
2789,4,3,Colombo,43,2,27500000.0,Colombo,8.1,Ratmalana
1600,3,3,Colombo,39,2,20000000.0,Colombo,8.0,Kottawa
1800,4,4,Colombo,3,2,17500000.0,Colombo,7.5,Kottawa
1100,3,2,Colombo,9,2,14200000.0,Colombo,7.86,Malabe
1800,5,3,Colombo,27,2,46000000.0,Colombo,9.7,Rajagiriya
3000,6,4,Colombo,48,3,47500000.0,Colombo,10.0,Nugegoda
4000,3,3,Colombo,25,2,68600000.0,Colombo,9.8,Colombo 6
2723,6,6,Colombo,19,3,49000000.0,Colombo,10.0,Battaramulla
4000,5,3,Colombo,2,2,30000000.0,Colombo,13.4,Homagama
3300,3,2,Colombo,37,2,40000000.0,Colombo,7.0,Talawatugoda
4500,7,4,Colombo,10,4,75000000.0,Colombo,15.5,Nugegoda
1900,4,2,Colombo,8,2,19000000.0,Colombo,11.4,Malabe
1200,3,2,Colombo,40,2,62000000.0,Colombo,9.2,Nawala
4500,5,5,Colombo,4,2,120000000.0,Colombo,22.0,Battaramulla
1700,3,2,Gampaha,43,2,19500000.0,Gampaha,12.5,Negombo
6000,6,6,Colombo,20,3,60000000.0,Colombo,10.5,Boralesgamuwa
3000,4,3,Colombo,17,2,110000000.0,Colombo,50.0,Talawatugoda
3800,5,4,Colombo,16,2,47500000.0,Colombo,14.8,Talawatugoda
3300,4,4,Colombo,22,2,44000000.0,Colombo,7.7,Talawatugoda
3800,5,4,Colombo,25,2,45000000.0,Colombo,11.0,Talawatugoda
4000,4,4,Colombo,1,2,60000000.0,Colombo,15.0,Talawatugoda
1300,3,1,Colombo,2,2,6400000.0,Colombo,6.0,Athurugiriya
3300,4,4,Colombo,8,2,44000000.0,Colombo,7.7,Maharagama
2165,4,2,Colombo,46,2,19000000.0,Colombo,11.4,Malabe
1400,3,2,Gampaha,4,2,9900000.0,Gampaha,10.0,Negombo
2800,6,3,Colombo,8,3,37000000.0,Colombo,11.5,Malabe
3000,5,2,Colombo,42,2,14500000.0,Colombo,9.0,Malabe
4000,4,4,Colombo,19,2,60000000.0,Colombo,15.0,Maharagama
800,2,2,Kandy,5,1,12800000.0,Kandy,4.6,Digana
3500,4,3,Gampaha,5,2,26500000.0,Gampaha,10.5,Negombo
3896,5,5,Colombo,4,2,36700000.0,Colombo,11.5,Piliyandala
3142,4,4,Colombo,41,2,27000000.0,Colombo,7.0,Piliyandala
3500,4,3,Gampaha,28,2,25000000.0,Gampaha,10.0,Negombo
1685,3,3,Colombo,41,2,18000000.0,Colombo,11.0,Piliyandala
1650,5,3,Colombo,16,2,54800000.0,Colombo,7.31,Boralesgamuwa
1652,3,3,Colombo,17,2,18500000.0,Colombo,8.0,Piliyandala
4000,4,4,Colombo,2,2,67500000.0,Colombo,12.0,Boralesgamuwa
2745,4,4,Colombo,6,2,21500000.0,Colombo,9.0,Piliyandala
5500,5,5,Colombo,5,2,85000000.0,Colombo,45.0,Maharagama
4500,5,4,Colombo,13,2,115000000.0,Colombo,22.0,Talawatugoda
1542,3,2,Colombo,4,2,14000000.0,Colombo,8.0,Piliyandala
2500,7,3,Gampaha,8,4,18500000.0,Gampaha,42.0,Kelaniya
2475,3,3,Colombo,20,2,21500000.0,Colombo,9.5,Piliyandala
2500,3,2,Colombo,46,2,35000000.0,Colombo,20.0,Pannipitiya
2874,4,5,Colombo,28,2,25500000.0,Colombo,7.5,Piliyandala
2500,5,7,Colombo,43,2,64000000.0,Colombo,17.5,Pannipitiya
5500,4,4,Gampaha,34,2,55000000.0,Gampaha,13.0,Negombo
2000,4,2,Colombo,38,2,20000000.0,Colombo,4.5,Boralesgamuwa
3000,4,4,Colombo,49,2,33000000.0,Colombo,8.0,Kottawa
2000,2,1,Gampaha,7,1,4000000.0,Gampaha,15.0,Minuwangoda
2700,4,2,Colombo,13,2,26500000.0,Colombo,12.0,Angoda
4000,4,4,Colombo,39,2,49500000.0,Colombo,10.0,Talawatugoda
2875,4,4,Colombo,5,2,27500000.0,Colombo,7.5,Piliyandala
4000,4,3,Colombo,18,2,29500000.0,Colombo,8.0,Kottawa
1800,5,3,Colombo,9,2,26500000.0,Colombo,9.15,Maharagama
2900,4,4,Colombo,47,2,27000000.0,Colombo,7.0,Kottawa
1200,3,2,Colombo,5,2,23000000.0,Colombo,10.0,Boralesgamuwa
3500,3,2,Colombo,9,2,48000000.0,Colombo,15.0,Maharagama
3605,6,5,Colombo,43,3,65000000.0,Colombo,18.98,Nugegoda
3600,6,5,Colombo,27,3,33500000.0,Colombo,16.0,Kottawa
2900,4,2,Colombo,24,2,22500000.0,Colombo,7.0,Homagama
3000,4,3,Colombo,8,2,29500000.0,Colombo,12.0,Kottawa
2500,5,3,Colombo,7,2,17500000.0,Colombo,10.0,Athurugiriya
2400,4,3,Colombo,24,2,27000000.0,Colombo,7.0,Kottawa
3300,3,3,Colombo,39,2,32000000.0,Colombo,12.0,Kottawa
2000,4,2,Colombo,2,2,17500000.0,Colombo,7.5,Kottawa
1200,3,3,Colombo,15,2,14500000.0,Colombo,6.0,Athurugiriya
4500,5,5,Colombo,43,2,65000000.0,Colombo,26.45,Kottawa
7240,5,6,Colombo,1,2,70000000.0,Colombo,17.0,Kottawa
3000,4,2,Colombo,19,2,18000000.0,Colombo,6.6,Maharagama
2000,4,3,Colombo,44,2,26000000.0,Colombo,13.0,Kottawa
3600,6,4,Colombo,27,3,33500000.0,Colombo,16.2,Kottawa
2250,3,2,Colombo,26,2,22000000.0,Colombo,10.0,Kottawa
754,2,1,Gampaha,7,1,13800000.0,Gampaha,6.25,Kadawatha
3611,4,3,Colombo,6,2,27000000.0,Colombo,19.0,Piliyandala
2100,5,2,Colombo,9,2,17500000.0,Colombo,17.2,Kottawa
4500,4,5,Colombo,4,2,37500000.0,Colombo,14.5,Kottawa
1350,3,2,Colombo,8,2,14000000.0,Colombo,10.0,Athurugiriya
2300,3,3,Colombo,46,2,45000000.0,Colombo,11.0,Maharagama
6000,5,4,Colombo,23,2,42000000.0,Colombo,16.0,Kottawa
1200,3,1,Gampaha,17,2,5800000.0,Gampaha,6.0,Delgoda
4120,4,2,Colombo,22,2,40000000.0,Colombo,10.3,Maharagama
1250,3,2,Colombo,3,2,16500000.0,Colombo,7.5,Malabe
2600,4,4,Colombo,12,2,34000000.0,Colombo,9.0,Maharagama
2500,3,2,Colombo,7,2,35000000.0,Colombo,10.0,Maharagama
1200,3,2,Colombo,48,2,9000000.0,Colombo,10.0,Padukka
2600,4,3,Colombo,16,2,35000000.0,Colombo,8.2,Maharagama
2750,4,3,Colombo,27,2,27000000.0,Colombo,12.0,Maharagama
3500,5,4,Colombo,6,2,50000000.0,Colombo,11.6,Maharagama
1350,3,2,Colombo,47,2,14000000.0,Colombo,10.0,Malabe
1800,3,2,Colombo,10,2,23500000.0,Colombo,8.0,Malabe
2500,4,2,Colombo,41,2,30000000.0,Colombo,7.0,Maharagama
1900,3,2,Colombo,24,2,16500000.0,Colombo,7.5,Malabe
4000,6,4,Colombo,23,3,26000000.0,Colombo,9.5,Maharagama
3300,6,4,Colombo,11,3,45000000.0,Colombo,10.0,Maharagama
5000,4,4,Colombo,16,2,120000000.0,Colombo,92.0,Maharagama
1674,3,2,Colombo,26,2,13500000.0,Colombo,10.25,Piliyandala
4250,5,4,Colombo,4,2,33000000.0,Colombo,10.0,Piliyandala
1400,3,3,Colombo,49,2,15000000.0,Colombo,10.0,Athurugiriya
3000,4,4,Colombo,15,2,60000000.0,Colombo,15.0,Talawatugoda
2000,3,2,Colombo,24,2,16000000.0,Colombo,6.0,Pannipitiya
2650,4,3,Colombo,6,2,46000000.0,Colombo,10.1,Malabe
3000,3,2,Colombo,49,2,40000000.0,Colombo,7.0,Talawatugoda
2700,5,3,Colombo,26,2,28000000.0,Colombo,10.4,Pannipitiya
2800,4,4,Colombo,18,2,27500000.0,Colombo,11.5,Malabe
4500,4,5,Gampaha,21,2,47000000.0,Gampaha,14.7,Negombo
3500,5,4,Colombo,19,2,50000000.0,Colombo,10.0,Talawatugoda
2500,4,2,Colombo,50,2,24900000.0,Colombo,34.0,Athurugiriya
1281,3,2,Gampaha,1,2,20900000.0,Gampaha,10.04,Ja-Ela
5000,3,3,Puttalam,3,2,15500000.0,Puttalam,22.5,Chilaw
2000,4,4,Colombo,8,2,23500000.0,Colombo,7.0,Malabe
2200,4,4,Colombo,23,2,23000000.0,Colombo,7.0,Malabe
3150,4,3,Gampaha,11,2,26500000.0,Gampaha,10.5,Negombo
1100,3,1,Colombo,32,2,6000000.0,Colombo,4.0,Kottawa
2400,4,3,Colombo,45,2,24800000.0,Colombo,6.0,Piliyandala
1300,4,2,Colombo,50,2,14300000.0,Colombo,18.0,Piliyandala
2550,4,3,Colombo,46,2,25500000.0,Colombo,7.5,Piliyandala
2000,3,1,Kandy,4,2,7500000.0,Kandy,142.0,Ampitiya
1500,3,3,Colombo,12,2,18500000.0,Colombo,7.5,Malabe
3000,4,4,Colombo,11,2,28500000.0,Colombo,15.0,Piliyandala
2500,6,4,Colombo,12,3,28000000.0,Colombo,20.0,Piliyandala
2300,4,4,Colombo,47,2,21500000.0,Colombo,9.5,Piliyandala
1800,3,3,Colombo,26,2,23500000.0,Colombo,8.0,Piliyandala
1250,3,2,Colombo,3,2,16500000.0,Colombo,7.5,Malabe
2700,5,3,Colombo,7,2,27000000.0,Colombo,7.5,Piliyandala
3000,4,3,Colombo,9,2,36000000.0,Colombo,8.0,Malabe
2400,4,3,Colombo,13,2,26000000.0,Colombo,7.0,Piliyandala
2000,3,2,Colombo,20,2,21500000.0,Colombo,9.5,Piliyandala
2200,4,3,Colombo,13,2,22500000.0,Colombo,6.3,Malabe
1200,3,3,Colombo,49,2,14000000.0,Colombo,12.0,Piliyandala
1200,3,2,Colombo,3,2,18500000.0,Colombo,10.0,Piliyandala
2800,3,3,Colombo,21,2,26500000.0,Colombo,10.0,Piliyandala
3250,5,3,Colombo,23,2,23500000.0,Colombo,7.0,Piliyandala
1680,4,1,Colombo,47,2,12500000.0,Colombo,12.5,Kottawa
2500,5,3,Colombo,34,2,17500000.0,Colombo,10.0,Kottawa
1830,4,2,Colombo,3,2,17500000.0,Colombo,13.0,Kottawa
3000,5,4,Colombo,7,2,40000000.0,Colombo,10.0,Piliyandala
1200,3,2,Colombo,20,2,16000000.0,Colombo,3.5,Ratmalana
2000,4,3,Colombo,41,2,19500000.0,Colombo,6.5,Piliyandala
1400,3,2,Colombo,9,2,14000000.0,Colombo,8.76,Piliyandala
3250,4,3,Colombo,19,2,30500000.0,Colombo,7.5,Piliyandala
3700,5,4,Colombo,44,2,30500000.0,Colombo,8.0,Piliyandala
3600,4,3,Colombo,12,2,36000000.0,Colombo,7.8,Malabe
2500,4,5,Colombo,7,2,25500000.0,Colombo,7.0,Piliyandala
2800,3,3,Colombo,16,2,35000000.0,Colombo,6.0,Battaramulla
3000,4,3,Colombo,37,2,47000000.0,Colombo,10.0,Malabe
2500,4,2,Colombo,3,2,20000000.0,Colombo,11.9,Piliyandala
4500,5,4,Colombo,22,2,115000000.0,Colombo,22.0,Battaramulla
2900,4,4,Colombo,47,2,36000000.0,Colombo,8.5,Piliyandala
6500,6,5,Colombo,10,3,44000000.0,Colombo,12.5,Talawatugoda
2600,5,3,Colombo,6,2,25500000.0,Colombo,6.2,Piliyandala
3026,5,3,Colombo,11,2,27000000.0,Colombo,7.5,Piliyandala
2400,5,4,Colombo,12,2,32500000.0,Colombo,7.5,Dehiwala
3100,5,4,Colombo,5,2,30000000.0,Colombo,8.0,Malabe
3000,4,4,Colombo,15,2,33000000.0,Colombo,8.0,Kottawa
4750,5,5,Colombo,26,2,82500000.0,Colombo,16.0,Battaramulla
2900,4,4,Colombo,43,2,27000000.0,Colombo,7.0,Kottawa
2200,4,3,Colombo,41,2,26000000.0,Colombo,7.0,Piliyandala
5866,5,5,Colombo,21,2,130000000.0,Colombo,62.0,Battaramulla
3000,5,4,Colombo,1,2,57500000.0,Colombo,6.0,Mount Lavinia
2822,4,4,Colombo,44,2,24800000.0,Colombo,6.0,Piliyandala
950,3,2,Colombo,14,2,18500000.0,Colombo,3.0,Athurugiriya
2067,5,4,Colombo,16,2,22000000.0,Colombo,6.0,Athurugiriya
1200,2,2,Colombo,14,1,9000000.0,Colombo,4.1,Wellampitiya
4000,4,4,Colombo,2,2,49500000.0,Colombo,10.0,Talawatugoda
2200,3,3,Colombo,18,2,25000000.0,Colombo,10.0,Athurugiriya
2000,3,3,Colombo,43,2,20500000.0,Colombo,6.5,Athurugiriya
1000,2,1,Colombo,44,1,8000000.0,Colombo,3.0,Wellampitiya
800,2,1,Colombo,45,1,8000000.0,Colombo,3.0,Wellampitiya
3000,4,4,Colombo,50,2,60000000.0,Colombo,15.0,Talawatugoda
3000,4,4,Colombo,6,2,25500000.0,Colombo,7.5,Piliyandala
3000,4,3,Colombo,40,2,110000000.0,Colombo,50.2,Talawatugoda
3300,3,2,Colombo,20,2,40000000.0,Colombo,7.0,Talawatugoda
2500,4,3,Gampaha,45,2,29500000.0,Gampaha,20.0,Negombo
1344,3,2,Colombo,45,2,11500000.0,Colombo,6.42,Piliyandala
3016,4,4,Colombo,16,2,27500000.0,Colombo,7.5,Piliyandala
3000,6,4,Colombo,22,3,48500000.0,Colombo,14.0,Piliyandala
1600,2,2,Colombo,23,1,24800000.0,Colombo,8.0,Dehiwala
1850,3,3,Colombo,4,2,17800000.0,Colombo,6.5,Kottawa
3852,5,4,Colombo,45,2,36700000.0,Colombo,11.5,Kesbewa
1200,3,1,Ratnapura,15,2,4000000.0,Ratnapura,20.0,Balangoda
1800,3,3,Colombo,23,2,17800000.0,Colombo,6.5,Piliyandala
2400,5,2,Colombo,16,2,27500000.0,Colombo,11.2,Maharagama
1200,2,1,Gampaha,7,1,5800000.0,Gampaha,11.1,Gampaha City
1800,2,1,Kalutara,10,1,5200000.0,Kalutara,10.0,Bandaragama
2950,5,3,Gampaha,38,2,60000000.0,Gampaha,15.0,Kiribathgoda
1365,3,1,Gampaha,1,2,9900000.0,Gampaha,10.0,Negombo
3150,4,3,Gampaha,25,2,26500000.0,Gampaha,10.5,Negombo
1658,3,3,Colombo,7,2,18500000.0,Colombo,8.5,Piliyandala
1500,3,1,Gampaha,11,2,4800000.0,Gampaha,11.3,Ganemulla
2600,4,2,Colombo,18,2,14000000.0,Colombo,12.8,Piliyandala
3000,5,3,Colombo,42,2,20000000.0,Colombo,34.0,Homagama
2700,4,3,Colombo,13,2,75000000.0,Colombo,9.8,Dehiwala
3846,5,4,Colombo,28,2,36700000.0,Colombo,11.5,Piliyandala
4100,5,5,Colombo,33,2,39000000.0,Colombo,13.8,Piliyandala
6500,5,5,Colombo,8,2,125000000.0,Colombo,15.0,Nugegoda
1500,3,1,Colombo,15,2,13100000.0,Colombo,7.53,Pannipitiya
2100,4,4,Gampaha,18,2,31500000.0,Gampaha,13.2,Negombo
3500,4,3,Gampaha,1,2,29500000.0,Gampaha,20.0,Negombo
1100,3,2,Colombo,16,2,11000000.0,Colombo,6.5,Kesbewa
2900,4,3,Colombo,5,2,45000000.0,Colombo,10.0,Nugegoda
3000,4,3,Colombo,16,2,52000000.0,Colombo,9.0,Battaramulla
2600,4,4,Colombo,22,2,29000000.0,Colombo,10.5,Athurugiriya
3000,4,3,Colombo,45,2,109000000.0,Colombo,33.7,Dehiwala
4500,5,4,Colombo,37,2,45000000.0,Colombo,11.0,Talawatugoda
1900,4,2,Colombo,47,2,19000000.0,Colombo,11.4,Malabe
1250,3,2,Colombo,10,2,16500000.0,Colombo,7.5,Malabe
3500,4,3,Colombo,41,2,37500000.0,Colombo,15.0,Talawatugoda
965,4,1,Hambantota,50,2,5000000.0,Hambantota,10.0,Tangalla
2200,4,3,Colombo,44,2,26500000.0,Colombo,6.5,Malabe
1880,3,3,Colombo,40,2,17800000.0,Colombo,6.5,Pannipitiya
1880,3,3,Colombo,4,2,17800000.0,Colombo,6.5,Kottawa
2670,4,4,Colombo,1,2,27000000.0,Colombo,8.0,Pannipitiya
2670,4,4,Colombo,17,2,27000000.0,Colombo,8.0,Kottawa
2986,4,5,Colombo,9,2,25500000.0,Colombo,7.5,Piliyandala
3985,4,4,Colombo,1,2,27500000.0,Colombo,7.5,Piliyandala
3874,5,5,Colombo,39,2,36700000.0,Colombo,11.5,Piliyandala
1845,3,3,Colombo,22,2,18000000.0,Colombo,11.0,Piliyandala
3500,3,3,Colombo,40,2,125000000.0,Colombo,20.8,Rajagiriya
2500,4,3,Colombo,17,2,49000000.0,Colombo,6.5,Colombo 9
2700,4,3,Colombo,49,2,25000000.0,Colombo,6.8,Kottawa
2000,4,3,Colombo,40,2,46500000.0,Colombo,10.0,Boralesgamuwa
5000,5,5,Colombo,11,2,37500000.0,Colombo,9.0,Boralesgamuwa
3700,5,4,Colombo,28,2,38000000.0,Colombo,15.0,Boralesgamuwa
1580,3,2,Gampaha,3,2,17000000.0,Gampaha,11.0,Negombo
2400,4,2,Gampaha,7,2,13000000.0,Gampaha,11.0,Negombo
1425,3,1,Gampaha,6,2,9900000.0,Gampaha,10.0,Negombo
2500,5,5,Colombo,21,2,55000000.0,Colombo,7.0,Mount Lavinia
3200,4,3,Gampaha,35,2,26500000.0,Gampaha,10.5,Negombo
4000,4,3,Gampaha,5,2,29500000.0,Gampaha,20.0,Negombo
2200,4,2,Colombo,2,2,24000000.0,Colombo,6.5,Nugegoda
4220,1,1,Gampaha,3,1,5000000.0,Gampaha,15.5,Gampaha City
1275,3,2,Gampaha,9,2,12500000.0,Gampaha,7.1,Kadawatha
1300,3,2,Colombo,28,2,23500000.0,Colombo,6.2,Kottawa
3200,4,4,Colombo,48,2,65000000.0,Colombo,18.0,Pannipitiya
2500,4,1,Gampaha,48,2,17500000.0,Gampaha,8.5,Kandana
2000,3,2,Colombo,7,2,21500000.0,Colombo,9.5,Piliyandala
1275,3,2,Gampaha,4,2,12500000.0,Gampaha,7.0,Kadawatha
3850,4,4,Colombo,26,2,33000000.0,Colombo,10.0,Piliyandala
3850,4,4,Colombo,47,2,46500000.0,Colombo,28.0,Piliyandala
2500,4,3,Gampaha,49,2,29500000.0,Gampaha,20.0,Negombo
3000,7,6,Gampaha,29,4,29500000.0,Gampaha,9.75,Kelaniya
2250,5,2,Colombo,25,2,105000000.0,Colombo,21.5,Kotte
2680,4,4,Colombo,48,2,27000000.0,Colombo,8.0,Kottawa
3700,4,4,Colombo,24,2,95000000.0,Colombo,10.8,Dehiwala
1350,2,1,Gampaha,6,1,15000000.0,Gampaha,10.5,Negombo
3150,4,3,Gampaha,8,2,26500000.0,Gampaha,10.5,Negombo
1550,3,2,Gampaha,2,2,17000000.0,Gampaha,11.0,Negombo
1365,3,1,Gampaha,3,2,9900000.0,Gampaha,10.0,Negombo
800,1,1,Colombo,12,1,7000000.0,Colombo,2.0,Colombo 5
2000,3,3,Colombo,46,2,25000000.0,Colombo,10.0,Athurugiriya
1400,3,3,Colombo,37,2,15000000.0,Colombo,10.0,Athurugiriya
2180,4,3,Colombo,22,2,13000000.0,Colombo,7.5,Homagama
2800,4,4,Colombo,10,2,28000000.0,Colombo,10.0,Athurugiriya
2600,4,4,Colombo,2,2,29000000.0,Colombo,10.5,Malabe
2800,4,4,Colombo,8,2,49500000.0,Colombo,10.12,Malabe
2800,4,4,Colombo,8,2,28000000.0,Colombo,10.0,Malabe
3100,4,3,Gampaha,6,2,26500000.0,Gampaha,10.5,Negombo
1275,2,1,Gampaha,5,1,7500000.0,Gampaha,9.5,Ragama
1425,3,1,Gampaha,26,2,9900000.0,Gampaha,10.0,Negombo
4800,6,4,Colombo,15,3,140000000.0,Colombo,8.0,Colombo 5
2480,4,4,Colombo,42,2,24800000.0,Colombo,6.0,Piliyandala
2600,4,4,Colombo,9,2,29000000.0,Colombo,10.5,Malabe
3500,4,3,Colombo,40,2,37500000.0,Colombo,15.0,Talawatugoda
3500,4,2,Kandy,32,2,35000000.0,Kandy,99.0,Kandy City
3500,4,3,Gampaha,35,2,29500000.0,Gampaha,20.0,Negombo
1700,3,2,Gampaha,18,2,19500000.0,Gampaha,12.5,Negombo
2300,5,3,Colombo,14,2,57500000.0,Colombo,10.0,Talawatugoda
2300,5,3,Colombo,24,2,57500000.0,Colombo,10.0,Kotte
1476,2,2,Colombo,24,1,40000000.0,Colombo,9.75,Battaramulla
2300,3,2,Gampaha,33,2,36000000.0,Gampaha,19.0,Wattala
1400,3,2,Gampaha,4,2,9900000.0,Gampaha,10.0,Negombo
1700,3,3,Colombo,7,2,60000000.0,Colombo,9.2,Nawala
3500,5,4,Colombo,22,2,50000000.0,Colombo,10.0,Talawatugoda
2900,4,4,Colombo,24,2,27000000.0,Colombo,7.0,Piliyandala
2900,4,4,Colombo,33,2,27000000.0,Colombo,7.0,Kottawa
2100,4,2,Colombo,21,2,32000000.0,Colombo,8.9,Athurugiriya
1800,3,1,Gampaha,1,2,19500000.0,Gampaha,32.0,Ganemulla
850,2,1,Gampaha,1,1,6900000.0,Gampaha,6.0,Gampaha City
1750,3,3,Colombo,20,2,19800000.0,Colombo,7.0,Homagama
1800,3,1,Colombo,16,2,8100000.0,Colombo,17.3,Homagama
2050,3,3,Colombo,17,2,13000000.0,Colombo,3.0,Ratmalana
5000,5,4,Colombo,18,2,90000000.0,Colombo,16.5,Dehiwala
3000,4,3,Colombo,44,2,27000000.0,Colombo,8.1,Ratmalana
1000,2,1,Colombo,49,1,6000000.0,Colombo,10.0,Homagama
2100,4,2,Gampaha,3,2,13000000.0,Gampaha,11.0,Negombo
1000,3,2,Colombo,12,2,7700000.0,Colombo,2.0,Wellampitiya
1700,3,2,Colombo,4,2,50000000.0,Colombo,17.5,Rajagiriya
1300,3,1,Gampaha,43,2,12500000.0,Gampaha,12.0,Kandana
4800,5,5,Gampaha,1,2,34000000.0,Gampaha,15.0,Kandana
2550,4,4,Colombo,8,2,24800000.0,Colombo,6.53,Piliyandala
3850,5,5,Colombo,45,2,36700000.0,Colombo,11.5,Piliyandala
2300,5,3,Colombo,46,2,58500000.0,Colombo,11.5,Kotte
1365,3,1,Gampaha,11,2,9900000.0,Gampaha,10.0,Negombo
1200,2,1,Kalutara,49,1,4800000.0,Kalutara,9.12,Panadura
1900,3,2,Gampaha,20,2,14000000.0,Gampaha,7.0,Negombo
1300,4,1,Matara,5,2,7000000.0,Matara,80.0,Matara City
3000,5,5,Colombo,23,2,85000000.0,Colombo,16.0,Battaramulla
1900,3,3,Colombo,8,2,21500000.0,Colombo,6.5,Athurugiriya
1498,4,2,Colombo,26,2,10000000.0,Colombo,6.2,Wellampitiya
3150,4,3,Gampaha,19,2,26500000.0,Gampaha,10.5,Negombo
4500,4,5,Gampaha,5,2,47000000.0,Gampaha,14.7,Negombo
1350,2,1,Gampaha,13,1,23500000.0,Gampaha,29.0,Negombo
1550,3,2,Gampaha,20,2,17000000.0,Gampaha,11.0,Negombo
4300,5,3,Colombo,45,2,25000000.0,Colombo,7.0,Wellampitiya
3456,4,4,Colombo,49,2,33000000.0,Colombo,10.0,Piliyandala
1370,2,2,Colombo,12,1,9500000.0,Colombo,5.0,Malabe
4500,5,2,Gampaha,13,2,34000000.0,Gampaha,80.0,Gampaha City
2700,3,3,Colombo,7,2,11000000.0,Colombo,10.0,Padukka
2470,2,1,Colombo,27,1,20500000.0,Colombo,9.7,Nawala
2500,4,3,Colombo,14,2,35000000.0,Colombo,8.5,Maharagama
700,3,1,Kegalle,34,2,6500000.0,Kegalle,24.0,Mawanella
1000,3,2,Galle,21,2,15000000.0,Galle,15.0,Galle City
1900,1,1,Colombo,16,1,17000000.0,Colombo,15.0,Athurugiriya
2500,4,3,Gampaha,7,2,29500000.0,Gampaha,20.0,Negombo
2000,4,2,Colombo,12,2,16000000.0,Colombo,17.0,Athurugiriya
1500,3,1,Colombo,8,2,9900000.0,Colombo,12.0,Kottawa
1800,3,2,Colombo,12,2,54000000.0,Colombo,20.0,Ratmalana
3000,3,2,Colombo,16,2,283200000.0,Colombo,17.7,Colombo 4
1400,3,3,Colombo,15,2,15000000.0,Colombo,10.0,Athurugiriya
1350,2,1,Gampaha,16,1,15000000.0,Gampaha,10.5,Negombo
3600,4,3,Colombo,4,2,36000000.0,Colombo,7.8,Malabe
2100,4,2,Gampaha,3,2,13000000.0,Gampaha,11.0,Negombo
3000,5,3,Colombo,11,2,26000000.0,Colombo,10.5,Boralesgamuwa
1900,4,2,Colombo,49,2,19000000.0,Colombo,11.4,Malabe
1250,3,2,Colombo,25,2,16500000.0,Colombo,7.5,Malabe
1365,3,1,Gampaha,39,2,9900000.0,Gampaha,10.0,Negombo
1600,5,3,Colombo,6,2,24000000.0,Colombo,8.0,Colombo 9
2500,3,2,Gampaha,6,2,32000000.0,Gampaha,9.0,Wattala
3000,3,2,Colombo,24,2,10500000.0,Colombo,12.0,Kaduwela
2000,3,2,Colombo,9,2,26000000.0,Colombo,8.9,Nugegoda
1000,1,1,Colombo,16,1,4500000.0,Colombo,10.0,Piliyandala
1200,3,3,Colombo,16,2,14500000.0,Colombo,6.0,Athurugiriya
1190,3,1,Colombo,9,2,16500000.0,Colombo,10.5,Malabe
1200,4,1,Kalutara,50,2,25000000.0,Kalutara,20.0,Kalutara City
2874,4,4,Colombo,14,2,27000000.0,Colombo,7.5,Piliyandala
3500,5,3,Colombo,25,2,100000000.0,Colombo,12.5,Pannipitiya
1089,4,2,Colombo,10,2,17500000.0,Colombo,4.0,Kolonnawa
2875,4,4,Colombo,31,2,25500000.0,Colombo,7.5,Piliyandala
1874,3,3,Colombo,50,2,18500000.0,Colombo,8.0,Piliyandala
2874,4,4,Colombo,9,2,21500000.0,Colombo,9.0,Piliyandala
3600,7,7,Colombo,6,4,90720000.0,Colombo,20.16,Dehiwala
1500,5,1,Kandy,5,2,16000000.0,Kandy,140.0,Gampola
3854,5,5,Colombo,7,2,36700000.0,Colombo,11.5,Piliyandala
3100,4,3,Gampaha,14,2,26500000.0,Gampaha,10.5,Negombo
1542,3,3,Colombo,22,2,18000000.0,Colombo,11.0,Piliyandala
3014,4,4,Colombo,50,2,33000000.0,Colombo,10.0,Piliyandala
2985,4,4,Colombo,23,2,27500000.0,Colombo,7.5,Piliyandala
1900,4,2,Colombo,43,2,18000000.0,Colombo,16.7,Homagama
1700,4,1,Colombo,50,2,10000000.0,Colombo,20.0,Avissawella
4000,4,3,Gampaha,32,2,29500000.0,Gampaha,20.0,Negombo
2340,4,3,Colombo,33,2,22000000.0,Colombo,7.5,Malabe
2500,5,4,Colombo,4,2,26000000.0,Colombo,10.5,Malabe
1200,3,1,Gampaha,38,2,16500000.0,Gampaha,20.0,Kadawatha
3200,5,3,Colombo,2,2,42500000.0,Colombo,6.5,Ratmalana
3500,5,4,Colombo,23,2,50000000.0,Colombo,10.0,Talawatugoda
4000,4,4,Colombo,17,2,49500000.0,Colombo,10.0,Battaramulla
8167,4,4,Monaragala,14,2,8500000.0,Monaragala,30.0,Kataragama
2200,4,3,Colombo,49,2,26500000.0,Colombo,6.5,Malabe
2200,4,3,Colombo,8,2,22500000.0,Colombo,6.3,Malabe
3000,4,4,Colombo,42,2,60000000.0,Colombo,15.0,Talawatugoda
1000,3,2,Colombo,22,2,6500000.0,Colombo,2.5,Kolonnawa
3300,3,2,Colombo,26,2,40000000.0,Colombo,7.0,Talawatugoda
1300,3,1,Gampaha,7,2,10000000.0,Gampaha,20.0,Gampaha City
3300,3,2,Colombo,10,2,40000000.0,Colombo,7.0,Talawatugoda
3300,3,2,Colombo,36,2,40000000.0,Colombo,7.0,Talawatugoda
4200,4,4,Colombo,21,2,49500000.0,Colombo,10.0,Talawatugoda
3000,4,3,Colombo,48,2,110000000.0,Colombo,50.0,Talawatugoda
1550,3,2,Gampaha,25,2,17000000.0,Gampaha,11.0,Negombo
3800,5,4,Colombo,1,2,47500000.0,Colombo,14.8,Talawatugoda
1500,3,1,Kegalle,4,2,4500000.0,Kegalle,14.0,Kegalle City
3300,4,4,Colombo,6,2,44000000.0,Colombo,7.7,Talawatugoda
3800,5,4,Colombo,25,2,45000000.0,Colombo,11.0,Talawatugoda
2200,4,3,Colombo,41,2,26000000.0,Colombo,7.0,Piliyandala
4000,4,4,Colombo,12,2,60000000.0,Colombo,15.0,Talawatugoda
1200,3,1,Matale,4,2,9500000.0,Matale,20.0,Matale City
3850,4,4,Colombo,8,2,33000000.0,Colombo,10.0,Piliyandala
2200,4,3,Colombo,2,2,21500000.0,Colombo,9.0,Piliyandala
2300,5,4,Colombo,2,2,27500000.0,Colombo,7.5,Piliyandala
3000,5,4,Colombo,10,2,40000000.0,Colombo,10.0,Piliyandala
4000,5,4,Colombo,15,2,65000000.0,Colombo,12.5,Malabe
3000,6,4,Colombo,24,3,48500000.0,Colombo,14.0,Piliyandala
3200,4,4,Colombo,27,2,36000000.0,Colombo,10.0,Malabe
1000,2,1,Colombo,24,1,9800000.0,Colombo,9.0,Piliyandala
1350,3,1,Gampaha,3,2,9900000.0,Gampaha,10.0,Negombo
5600,5,5,Colombo,8,2,135000000.0,Colombo,62.0,Malabe
2600,5,3,Colombo,1,2,25500000.0,Colombo,6.2,Piliyandala
2500,4,3,Colombo,2,2,26000000.0,Colombo,8.5,Piliyandala
3250,4,3,Colombo,37,2,30500000.0,Colombo,7.5,Piliyandala
3100,5,3,Colombo,19,2,37500000.0,Colombo,9.0,Malabe
1400,2,2,Colombo,3,1,8200000.0,Colombo,7.0,Piliyandala
3000,4,4,Colombo,18,2,36000000.0,Colombo,10.0,Malabe
2800,4,4,Colombo,20,2,27500000.0,Colombo,11.5,Malabe
2675,4,3,Colombo,22,2,48000000.0,Colombo,10.12,Malabe
1400,3,2,Colombo,9,2,10500000.0,Colombo,8.05,Piliyandala
3600,5,4,Colombo,47,2,27500000.0,Colombo,8.0,Piliyandala
3300,4,2,Colombo,45,2,55000000.0,Colombo,11.0,Battaramulla
4000,5,3,Colombo,45,2,65000000.0,Colombo,10.0,Battaramulla
3000,5,4,Colombo,3,2,75000000.0,Colombo,9.15,Battaramulla
2174,4,4,Colombo,23,2,40000000.0,Colombo,8.0,Kotte
2500,5,4,Colombo,45,2,40000000.0,Colombo,6.7,Rajagiriya
4000,4,2,Gampaha,42,2,23000000.0,Gampaha,21.0,Gampaha City
4000,7,7,Gampaha,38,4,70000000.0,Gampaha,26.0,Kiribathgoda
1800,3,1,Gampaha,39,2,18000000.0,Gampaha,15.0,Negombo
1500,6,2,Jaffna,25,3,13000000.0,Jaffna,20.0,Jaffna City
3000,4,4,Colombo,7,2,27000000.0,Colombo,7.0,Pannipitiya
4000,5,3,Colombo,29,2,65000000.0,Colombo,10.0,Battaramulla
4500,4,4,Colombo,16,2,46500000.0,Colombo,28.0,Piliyandala
3450,4,4,Colombo,37,2,33000000.0,Colombo,10.0,Piliyandala
3500,4,4,Colombo,49,2,85000000.0,Colombo,16.0,Battaramulla
3800,4,4,Colombo,37,2,45000000.0,Colombo,7.0,Battaramulla
4300,4,4,Colombo,50,2,34000000.0,Colombo,10.0,Piliyandala
4500,5,4,Colombo,30,2,115000000.0,Colombo,22.0,Battaramulla
2600,4,4,Colombo,8,2,34000000.0,Colombo,9.0,Maharagama
7200,6,4,Colombo,33,3,69000000.0,Colombo,20.0,Maharagama
5500,4,4,Colombo,31,2,85000000.0,Colombo,12.0,Battaramulla
3500,4,3,Colombo,9,2,70000000.0,Colombo,10.0,Nawala
3500,4,3,Gampaha,10,2,32100000.0,Gampaha,10.5,Kandana
2800,5,4,Colombo,46,2,25500000.0,Colombo,9.07,Piliyandala
3350,5,4,Colombo,2,2,96000000.0,Colombo,13.5,Battaramulla
1300,4,1,Gampaha,49,2,25000000.0,Gampaha,16.5,Wattala
2200,4,4,Colombo,26,2,19500000.0,Colombo,7.0,Piliyandala
1050,3,1,Colombo,14,2,8500000.0,Colombo,6.0,Piliyandala
2700,4,4,Colombo,28,2,21500000.0,Colombo,9.0,Piliyandala
2700,3,2,Colombo,46,2,13000000.0,Colombo,10.0,Piliyandala
4000,5,4,Colombo,24,2,75000000.0,Colombo,14.0,Talawatugoda
1800,4,2,Colombo,23,2,13000000.0,Colombo,6.0,Angoda
2000,4,2,Colombo,4,2,28000000.0,Colombo,10.5,Battaramulla
3050,5,4,Colombo,12,2,47000000.0,Colombo,11.7,Battaramulla
2500,5,4,Colombo,12,2,52500000.0,Colombo,12.0,Battaramulla
1800,5,3,Colombo,50,2,40000000.0,Colombo,12.0,Piliyandala
2000,3,1,Galle,44,2,7800000.0,Galle,11.34,Galle City
1800,3,1,Colombo,50,2,8900000.0,Colombo,9.5,Kaduwela
2500,5,3,Colombo,9,2,17500000.0,Colombo,10.0,Kottawa
1500,6,4,Colombo,1,3,28500000.0,Colombo,6.0,Kolonnawa
3000,6,5,Colombo,2,3,33500000.0,Colombo,16.0,Kottawa
1200,3,1,Colombo,19,2,7000000.0,Colombo,7.0,Homagama
3000,4,4,Colombo,45,2,23500000.0,Colombo,7.0,Piliyandala
1500,3,2,Galle,18,2,9500000.0,Galle,13.0,Galle City
2480,4,4,Colombo,13,2,24800000.0,Colombo,6.0,Piliyandala
3500,8,4,Colombo,3,4,28500000.0,Colombo,9.5,Kaduwela
3600,6,4,Colombo,7,3,33500000.0,Colombo,16.2,Piliyandala
1300,5,1,Galle,32,2,7500000.0,Galle,80.0,Galle City
1800,4,2,Colombo,30,2,17500000.0,Colombo,7.5,Kottawa
3800,6,4,Colombo,4,3,29500000.0,Colombo,13.0,Kottawa
1546,3,2,Colombo,29,2,14000000.0,Colombo,8.0,Piliyandala
1830,4,2,Colombo,14,2,17500000.0,Colombo,13.0,Kottawa
2400,4,3,Colombo,8,2,27000000.0,Colombo,7.0,Piliyandala
7100,6,5,Colombo,3,3,170000000.0,Colombo,27.0,Battaramulla
2824,4,4,Colombo,24,2,27500000.0,Colombo,7.5,Piliyandala
600,3,1,Colombo,9,2,6500000.0,Colombo,2.5,Kolonnawa
3500,4,3,Colombo,10,2,78000000.0,Colombo,13.0,Battaramulla
2000,4,2,Colombo,45,2,19000000.0,Colombo,18.0,Angoda
4000,4,4,Colombo,25,2,170000000.0,Colombo,11.9,Colombo 3
4012,5,3,Colombo,33,2,120000000.0,Colombo,43.0,Battaramulla
1300,2,1,Colombo,43,1,11000000.0,Colombo,9.5,Malabe
800,3,2,Colombo,18,2,7500000.0,Colombo,3.5,Kolonnawa
1300,2,1,Colombo,4,1,11000000.0,Colombo,9.5,Kaduwela
2800,5,7,Colombo,9,2,64000000.0,Colombo,17.5,Talawatugoda
3000,4,3,Colombo,15,2,110000000.0,Colombo,50.2,Talawatugoda
3000,4,4,Colombo,7,2,60000000.0,Colombo,15.0,Talawatugoda
1500,2,1,Colombo,45,1,4500000.0,Colombo,5.5,Kolonnawa
3200,4,3,Colombo,34,2,22500000.0,Colombo,8.5,Piliyandala
800,2,2,Colombo,22,1,9500000.0,Colombo,3.0,Wellampitiya
2400,4,3,Colombo,15,2,24800000.0,Colombo,6.0,Piliyandala
2550,4,3,Colombo,18,2,25500000.0,Colombo,7.5,Piliyandala
4000,4,4,Colombo,6,2,49500000.0,Colombo,10.0,Talawatugoda
3000,5,3,Colombo,43,2,18800000.0,Colombo,6.5,Piliyandala
3000,4,4,Colombo,3,2,52500000.0,Colombo,15.0,Talawatugoda
3000,4,4,Colombo,43,2,28500000.0,Colombo,15.0,Piliyandala
600,2,1,Colombo,46,1,5500000.0,Colombo,2.5,Wellampitiya
2500,7,6,Colombo,14,4,145000000.0,Colombo,2500.0,Colombo 7
1350,3,2,Colombo,15,2,14000000.0,Colombo,10.0,Athurugiriya
1900,4,2,Colombo,35,2,19000000.0,Colombo,11.4,Athurugiriya
6300,4,4,Colombo,5,2,130000000.0,Colombo,20.0,Rajagiriya
900,2,2,Colombo,21,1,10500000.0,Colombo,3.25,Wellampitiya
2300,4,4,Colombo,9,2,21500000.0,Colombo,9.5,Piliyandala
800,2,2,Colombo,6,1,9400000.0,Colombo,3.0,Wellampitiya
1800,3,3,Colombo,8,2,23500000.0,Colombo,8.0,Piliyandala
2700,5,3,Colombo,31,2,27000000.0,Colombo,7.5,Piliyandala
2600,4,4,Colombo,11,2,29000000.0,Colombo,10.0,Malabe
2800,4,4,Colombo,7,2,28000000.0,Colombo,10.0,Malabe
2400,4,3,Colombo,20,2,26000000.0,Colombo,7.0,Piliyandala
3000,6,4,Colombo,41,3,48500000.0,Colombo,14.0,Piliyandala
2500,5,3,Colombo,34,2,45000000.0,Colombo,6.0,Dehiwala
3000,4,2,Colombo,10,2,22000000.0,Colombo,15.4,Piliyandala
1200,3,2,Colombo,11,2,18500000.0,Colombo,10.0,Piliyandala
3250,5,3,Colombo,14,2,23500000.0,Colombo,7.0,Piliyandala
1200,3,3,Colombo,21,2,14000000.0,Colombo,12.0,Piliyandala
3000,4,3,Colombo,31,2,35000000.0,Colombo,19.0,Piliyandala
1500,3,2,Colombo,40,2,16500000.0,Colombo,7.5,Athurugiriya
2000,3,3,Colombo,14,2,20500000.0,Colombo,6.5,Athurugiriya
3500,5,3,Gampaha,48,2,32000000.0,Gampaha,20.0,Wattala
1500,3,3,Colombo,7,2,18500000.0,Colombo,7.5,Malabe
1200,3,1,Colombo,11,2,9800000.0,Colombo,5.1,Malabe
3100,4,3,Gampaha,10,2,26500000.0,Gampaha,10.53,Negombo
2000,4,2,Colombo,24,2,30000000.0,Colombo,20.0,Malabe
850,2,1,Galle,2,1,3500000.0,Galle,10.0,Galle City
2500,4,3,Colombo,38,2,33000000.0,Colombo,12.6,Piliyandala
2500,3,2,Colombo,6,2,15000000.0,Colombo,17.5,Padukka
2700,4,3,Colombo,4,2,33000000.0,Colombo,16.5,Athurugiriya
2000,4,3,Colombo,1,2,19500000.0,Colombo,6.5,Piliyandala
4000,5,5,Colombo,22,2,39000000.0,Colombo,13.65,Piliyandala
3700,5,4,Colombo,23,2,30500000.0,Colombo,8.0,Piliyandala
2750,4,4,Gampaha,41,2,32000000.0,Gampaha,7.3,Wattala
1350,3,2,Colombo,10,2,14000000.0,Colombo,10.0,Malabe
1500,3,2,Colombo,4,2,16500000.0,Colombo,7.5,Malabe
2500,4,5,Colombo,3,2,25500000.0,Colombo,7.0,Piliyandala
7000,7,7,Colombo,28,4,97500000.0,Colombo,23.0,Talawatugoda
4000,7,6,Colombo,49,4,79000000.0,Colombo,16.0,Talawatugoda
1700,3,2,Gampaha,12,2,19500000.0,Gampaha,12.5,Negombo
1100,3,2,Colombo,4,2,14200000.0,Colombo,7.86,Malabe
1900,4,2,Colombo,23,2,19000000.0,Colombo,11.4,Malabe
700,1,1,Gampaha,34,1,4100000.0,Gampaha,10.4,Ganemulla
1000,3,1,Gampaha,18,2,3500000.0,Gampaha,19.0,Veyangoda
3200,4,2,Colombo,40,2,37500000.0,Colombo,12.0,Angoda
2500,3,2,Gampaha,6,2,32000000.0,Gampaha,9.0,Wattala
3500,4,3,Gampaha,3,2,26500000.0,Gampaha,10.0,Negombo
2100,5,3,Colombo,50,2,32000000.0,Colombo,13.03,Maharagama
1350,2,1,Gampaha,40,1,23500000.0,Gampaha,29.0,Negombo
1800,3,2,Gampaha,7,2,18900000.0,Gampaha,8.5,Gampaha City
6500,6,5,Colombo,6,3,44000000.0,Colombo,12.5,Talawatugoda
3500,6,3,Colombo,15,3,65000000.0,Colombo,10.12,Dehiwala
3651,5,4,Colombo,47,2,32500000.0,Colombo,8.5,Piliyandala
4000,4,4,Colombo,42,2,49500000.0,Colombo,10.0,Talawatugoda
1300,3,1,Colombo,28,2,12000000.0,Colombo,12.0,Homagama
6000,8,4,Colombo,14,4,32000000.0,Colombo,9.5,Malabe
2600,4,4,Colombo,22,2,23000000.0,Colombo,7.0,Malabe
754,2,1,Gampaha,5,1,13800000.0,Gampaha,6.25,Kadawatha
2200,4,3,Colombo,1,2,26500000.0,Colombo,6.5,Malabe
2000,4,4,Colombo,45,2,23500000.0,Colombo,6.0,Malabe
1885,4,6,Colombo,24,2,25750000.0,Colombo,6.62,Pannipitiya
4200,4,4,Colombo,18,2,49500000.0,Colombo,10.0,Battaramulla
4500,5,5,Colombo,39,2,115000000.0,Colombo,22.0,Battaramulla
1300,3,2,Gampaha,9,2,6500000.0,Gampaha,20.0,Veyangoda
3800,5,4,Colombo,15,2,45000000.0,Colombo,11.0,Talawatugoda
3000,4,4,Colombo,46,2,60000000.0,Colombo,15.0,Talawatugoda
1350,2,1,Gampaha,44,1,15000000.0,Gampaha,10.5,Negombo
4500,5,4,Colombo,25,2,115000000.0,Colombo,22.0,Talawatugoda
3000,4,3,Colombo,46,2,105000000.0,Colombo,50.17,Talawatugoda
4500,4,4,Colombo,6,2,100000000.0,Colombo,10.0,Talawatugoda
3800,5,4,Colombo,14,2,45000000.0,Colombo,11.0,Talawatugoda
3500,4,3,Colombo,2,2,42500000.0,Colombo,11.0,Talawatugoda
3150,4,3,Gampaha,49,2,26500000.0,Gampaha,10.5,Negombo
2500,5,3,Colombo,50,2,25000000.0,Colombo,8.2,Kottawa
3500,4,3,Colombo,20,2,47500000.0,Colombo,8.0,Nugegoda
2500,4,3,Gampaha,6,2,29500000.0,Gampaha,20.0,Negombo
4000,5,4,Colombo,22,2,65000000.0,Colombo,10.0,Malabe
1350,3,1,Gampaha,5,2,9900000.0,Gampaha,10.0,Negombo
950,2,1,Colombo,4,1,12000000.0,Colombo,7.0,Pannipitiya
3000,5,4,Colombo,1,2,28000000.0,Colombo,10.0,Piliyandala
1300,3,1,Colombo,3,2,9500000.0,Colombo,10.6,Homagama
2000,4,3,Colombo,9,2,23500000.0,Colombo,6.0,Malabe
2500,4,2,Colombo,12,2,21000000.0,Colombo,8.0,Moratuwa
1100,3,2,Colombo,10,2,11000000.0,Colombo,6.5,Piliyandala
3214,5,3,Colombo,20,2,27000000.0,Colombo,7.5,Piliyandala
1500,2,1,Colombo,17,1,7500000.0,Colombo,18.5,Kaduwela
1546,3,2,Colombo,6,2,14000000.0,Colombo,8.0,Piliyandala
3500,4,3,Gampaha,9,2,29500000.0,Gampaha,20.0,Negombo
2500,4,2,Gampaha,3,2,26500000.0,Gampaha,12.0,Kandana
1500,3,1,Gampaha,25,2,4800000.0,Gampaha,11.3,Ganemulla
3000,4,3,Colombo,15,2,33000000.0,Colombo,8.0,Kottawa
1950,3,2,Colombo,42,2,17000000.0,Colombo,7.5,Malabe
2900,4,4,Colombo,10,2,27000000.0,Colombo,7.0,Kottawa
4500,4,4,Gampaha,16,2,36000000.0,Gampaha,12.0,Kandana
3500,5,4,Colombo,4,2,50000000.0,Colombo,10.0,Talawatugoda
2900,4,4,Colombo,2,2,36000000.0,Colombo,8.5,Piliyandala
4000,5,4,Colombo,26,2,85000000.0,Colombo,11.0,Talawatugoda
5500,5,4,Gampaha,9,2,39000000.0,Gampaha,12.9,Negombo
4000,4,4,Colombo,6,2,42000000.0,Colombo,8.0,Moratuwa
2865,4,4,Colombo,45,2,27500000.0,Colombo,7.5,Piliyandala
3200,5,4,Colombo,6,2,28500000.0,Colombo,10.0,Piliyandala
2874,4,4,Colombo,24,2,21500000.0,Colombo,9.0,Piliyandala
1875,3,3,Colombo,22,2,18000000.0,Colombo,11.0,Piliyandala
3745,4,4,Colombo,23,2,33000000.0,Colombo,10.0,Piliyandala
2874,3,3,Colombo,11,2,21500000.0,Colombo,9.5,Piliyandala
2985,4,4,Colombo,13,2,27000000.0,Colombo,7.0,Piliyandala
2956,4,4,Colombo,44,2,25500000.0,Colombo,7.5,Piliyandala
4000,5,4,Kalutara,24,2,26500000.0,Kalutara,20.0,Panadura
3500,5,3,Colombo,6,2,24500000.0,Colombo,10.0,Piliyandala
3852,5,5,Colombo,41,2,36700000.0,Colombo,11.5,Piliyandala
2965,4,4,Colombo,21,2,25500000.0,Colombo,7.0,Piliyandala
2865,4,4,Colombo,3,2,25500000.0,Colombo,6.0,Piliyandala
2986,4,4,Colombo,30,2,24800000.0,Colombo,6.0,Piliyandala
3250,4,2,Colombo,44,2,56000000.0,Colombo,8.0,Battaramulla
2350,5,3,Colombo,9,2,49500000.0,Colombo,11.7,Kotte
2009,3,2,Colombo,3,2,21000000.0,Colombo,12.5,Athurugiriya
3200,4,4,Colombo,11,2,25500000.0,Colombo,7.5,Boralesgamuwa
3000,4,4,Colombo,19,2,27500000.0,Colombo,7.5,Piliyandala
3000,5,3,Colombo,4,2,27000000.0,Colombo,7.5,Piliyandala
1665,3,3,Colombo,7,2,16800000.0,Colombo,11.5,Kesbewa
2560,4,4,Colombo,7,2,24800000.0,Colombo,6.0,Piliyandala
2000,3,3,Colombo,43,2,72000000.0,Colombo,9.25,Dehiwala
2000,3,2,Colombo,40,2,60000000.0,Colombo,6.0,Colombo 8
5000,4,4,Colombo,5,2,230000000.0,Colombo,12.0,Colombo 8
700,3,1,Colombo,41,2,7200000.0,Colombo,6.5,Piliyandala
6500,6,5,Colombo,41,3,44000000.0,Colombo,12.5,Talawatugoda
700,3,1,Colombo,20,2,7200000.0,Colombo,6.5,Piliyandala
3000,4,4,Colombo,12,2,60000000.0,Colombo,15.0,Battaramulla
2500,4,3,Colombo,7,2,122000000.0,Colombo,30.0,Dehiwala
3000,7,5,Colombo,31,4,37000000.0,Colombo,7.5,Kohuwala
2500,4,3,Colombo,4,2,30000000.0,Colombo,6.0,Dehiwala
2561,4,4,Colombo,48,2,25800000.0,Colombo,7.0,Piliyandala
4200,4,4,Colombo,10,2,33000000.0,Colombo,10.0,Piliyandala
3200,5,2,Colombo,17,2,42000000.0,Colombo,15.0,Boralesgamuwa
1200,3,2,Colombo,24,2,16500000.0,Colombo,7.0,Kottawa
3000,4,4,Colombo,10,2,48500000.0,Colombo,10.0,Talawatugoda
3000,4,4,Colombo,6,2,48500000.0,Colombo,10.0,Battaramulla
1650,4,2,Colombo,32,2,10700000.0,Colombo,12.7,Piliyandala
2200,5,2,Gampaha,1,2,14500000.0,Gampaha,10.0,Ja-Ela
2570,3,2,Colombo,34,2,25000000.0,Colombo,10.0,Athurugiriya
1400,3,3,Colombo,50,2,18500000.0,Colombo,11.0,Kesbewa
1800,3,3,Colombo,23,2,21500000.0,Colombo,10.6,Piliyandala
1200,2,1,Colombo,36,1,7700000.0,Colombo,3.5,Wellampitiya
1100,2,2,Colombo,20,1,17000000.0,Colombo,6.5,Malabe
1800,3,1,Colombo,12,2,16500000.0,Colombo,20.0,Athurugiriya
1875,2,1,Gampaha,15,1,9000000.0,Gampaha,18.0,Ganemulla
2800,3,3,Kandy,27,2,30000000.0,Kandy,12.0,Kandy City
2000,4,2,Colombo,31,2,32000000.0,Colombo,7.4,Battaramulla
2400,2,1,Colombo,35,1,13000000.0,Colombo,6.0,Maharagama
1250,3,2,Gampaha,4,2,130000000.0,Gampaha,11.1,Ragama
2400,4,2,Colombo,17,2,13500000.0,Colombo,6.0,Maharagama
1655,8,4,Colombo,45,4,36000000.0,Colombo,6.58,Dehiwala
1650,3,1,Gampaha,1,2,7500000.0,Gampaha,15.0,Ganemulla
875,2,1,Gampaha,39,1,5000000.0,Gampaha,10.0,Ganemulla
4000,4,4,Colombo,48,2,80000000.0,Colombo,12.0,Talawatugoda
1800,3,2,Colombo,6,2,14000000.0,Colombo,10.0,Kottawa
5000,5,4,Colombo,44,2,100000000.0,Colombo,31.68,Boralesgamuwa
3000,4,3,Colombo,37,2,29500000.0,Colombo,11.6,Rajagiriya
4750,6,4,Colombo,17,3,72500000.0,Colombo,11.0,Talawatugoda
1600,3,2,Kandy,25,2,20000000.0,Kandy,4.4,Kandy City
2300,4,2,Gampaha,13,2,16000000.0,Gampaha,10.0,Ragama
1275,3,2,Gampaha,26,2,12500000.0,Gampaha,7.1,Kadawatha
2149,3,2,Gampaha,8,2,12000000.0,Gampaha,8.5,Seeduwa
5200,5,7,Gampaha,19,2,120000000.0,Gampaha,20.5,Wattala
2300,4,2,Gampaha,10,2,22500000.0,Gampaha,33.0,Gampaha City
2750,3,4,Gampaha,34,2,32000000.0,Gampaha,7.3,Wattala
2000,3,3,Gampaha,39,2,21000000.0,Gampaha,7.4,Wattala
2630,4,2,Colombo,45,2,21000000.0,Colombo,20.0,Piliyandala
2000,3,2,Gampaha,10,2,37500000.0,Gampaha,47.0,Ganemulla
2850,4,2,Gampaha,10,2,28500000.0,Gampaha,12.0,Wattala
5800,6,6,Colombo,41,3,145000000.0,Colombo,15.0,Kotte
2600,5,2,Gampaha,9,2,15000000.0,Gampaha,12.0,Gampaha City
1196,3,1,Gampaha,3,2,8700000.0,Gampaha,18.3,Kandana
2400,4,2,Gampaha,9,2,12000000.0,Gampaha,15.0,Gampaha City
1500,2,1,Colombo,35,1,25000000.0,Colombo,20.0,Athurugiriya
1750,2,2,Colombo,37,1,14800000.0,Colombo,7.0,Malabe
2800,4,1,Badulla,28,2,29000000.0,Badulla,85.0,Badulla City
2500,4,3,Colombo,6,2,56000000.0,Colombo,7.4,Dehiwala
4200,5,4,Colombo,5,2,33500000.0,Colombo,10.0,Athurugiriya
3100,4,2,Colombo,4,2,55000000.0,Colombo,12.0,Battaramulla
3150,4,3,Gampaha,7,2,26500000.0,Gampaha,10.5,Negombo
3500,6,5,Colombo,7,3,46000000.0,Colombo,11.8,Nugegoda
2100,4,3,Colombo,41,2,24000000.0,Colombo,6.0,Malabe
4000,5,4,Colombo,22,2,30000000.0,Colombo,12.5,Boralesgamuwa
2700,4,3,Gampaha,16,2,37500000.0,Gampaha,10.0,Wattala
2400,5,4,Colombo,24,2,34000000.0,Colombo,8.15,Nugegoda
3000,4,2,Colombo,50,2,16000000.0,Colombo,12.0,Homagama
3000,4,3,Colombo,13,2,33000000.0,Colombo,8.0,Talawatugoda
1200,3,3,Colombo,10,2,31000000.0,Colombo,29.5,Malabe
3150,4,3,Gampaha,13,2,26500000.0,Gampaha,10.5,Negombo
4000,5,2,Colombo,9,2,66000000.0,Colombo,29.0,Malabe
1200,2,2,Colombo,7,1,8800000.0,Colombo,12.0,Homagama
1275,3,2,Gampaha,6,2,12500000.0,Gampaha,7.1,Delgoda
2671,4,2,Kalutara,6,2,13000000.0,Kalutara,16.0,Horana
2450,4,4,Colombo,8,2,27000000.0,Colombo,7.0,Kottawa
1015,2,1,Colombo,23,1,5000000.0,Colombo,10.2,Athurugiriya
1275,3,2,Gampaha,1,2,12500000.0,Gampaha,7.1,Gampaha City
2000,4,3,Colombo,3,2,23500000.0,Colombo,6.0,Malabe
4000,5,4,Colombo,18,2,65000000.0,Colombo,10.0,Malabe
2200,4,2,Colombo,11,2,52500000.0,Colombo,10.8,Dehiwala
2723,3,1,Gampaha,2,2,6300000.0,Gampaha,10.0,Negombo
2000,3,3,Colombo,6,2,28000000.0,Colombo,6.0,Battaramulla
2500,3,3,Colombo,23,2,114400000.0,Colombo,17.68,Dehiwala
4000,4,3,Colombo,23,2,25500000.0,Colombo,20.0,Kaduwela
2500,4,4,Colombo,15,2,25800000.0,Colombo,7.0,Piliyandala
5950,4,4,Colombo,46,2,98000000.0,Colombo,19.6,Nugegoda
3200,5,3,Colombo,10,2,75000000.0,Colombo,20.0,Nugegoda
2500,3,1,Galle,23,2,16000000.0,Galle,10.0,Ambalangoda
4500,6,3,Colombo,1,3,57000000.0,Colombo,24.5,Boralesgamuwa
3060,7,3,Colombo,20,4,38500000.0,Colombo,15.0,Boralesgamuwa
5000,3,3,Puttalam,15,2,15500000.0,Puttalam,22.5,Chilaw
1500,3,1,Colombo,39,2,15000000.0,Colombo,12.0,Athurugiriya
2000,4,3,Colombo,34,2,22500000.0,Colombo,6.35,Malabe
1275,3,2,Gampaha,13,2,12500000.0,Gampaha,7.1,Kadawatha
2500,6,2,Gampaha,15,3,23500000.0,Gampaha,12.0,Gampaha City
1200,2,1,Gampaha,10,1,6000000.0,Gampaha,6.0,Minuwangoda
1350,3,1,Gampaha,9,2,23500000.0,Gampaha,29.0,Negombo
1000,1,2,Colombo,19,1,9000000.0,Colombo,6.14,Piliyandala
1100,2,2,Colombo,11,1,18000000.0,Colombo,6.0,Ratmalana
3800,7,5,Colombo,16,4,51000000.0,Colombo,6.8,Mount Lavinia
1275,3,2,Gampaha,28,2,12500000.0,Gampaha,7.1,Kadawatha
1600,3,2,Colombo,6,2,15800000.0,Colombo,10.0,Kottawa
1000,2,1,Kalutara,39,1,7000000.0,Kalutara,10.0,Kalutara City
2000,4,2,Colombo,13,2,19500000.0,Colombo,5.0,Boralesgamuwa
1800,4,3,Colombo,38,2,18500000.0,Colombo,8.9,Kaduwela
3200,8,3,Colombo,21,4,32000000.0,Colombo,23.6,Moratuwa
3215,5,4,Colombo,48,2,27000000.0,Colombo,10.0,Piliyandala
2874,4,4,Colombo,28,2,25500000.0,Colombo,6.0,Piliyandala
2875,4,4,Colombo,2,2,27000000.0,Colombo,7.5,Piliyandala
1574,3,2,Colombo,45,2,14000000.0,Colombo,8.0,Piliyandala
1450,3,1,Colombo,25,2,15500000.0,Colombo,10.0,Piliyandala
2500,4,2,Colombo,14,2,59000000.0,Colombo,11.0,Nugegoda
3600,2,1,Batticaloa,29,1,8000000.0,Batticaloa,14.9,Batticaloa City
1450,2,1,Kalutara,23,1,7200000.0,Kalutara,10.65,Panadura
2643,4,3,Colombo,23,2,35000000.0,Colombo,9.5,Malabe
3150,4,3,Gampaha,40,2,26500000.0,Gampaha,10.5,Negombo
1200,2,2,Colombo,10,1,10500000.0,Colombo,10.5,Kesbewa
3100,4,4,Colombo,3,2,21000000.0,Colombo,6.0,Boralesgamuwa
950,2,1,Gampaha,8,1,3000000.0,Gampaha,50.0,Ja-Ela
2700,6,4,Colombo,43,3,12500000.0,Colombo,4.5,Wellampitiya
1150,3,1,Colombo,14,2,6900000.0,Colombo,12.0,Piliyandala
4500,4,5,Gampaha,2,2,47000000.0,Gampaha,14.7,Negombo
800,2,2,Colombo,11,1,15000000.0,Colombo,3.7,Kolonnawa
1200,3,1,Gampaha,2,2,8500000.0,Gampaha,12.5,Gampaha City
1100,3,1,Kalutara,40,2,12000000.0,Kalutara,14.0,Panadura
1650,3,2,Kalutara,4,2,16800000.0,Kalutara,10.8,Panadura
3500,4,3,Colombo,35,2,27500000.0,Colombo,10.0,Dehiwala
1300,3,2,Kalutara,23,2,12000000.0,Kalutara,10.0,Panadura
2600,4,2,Kalutara,10,2,32000000.0,Kalutara,22.0,Panadura
3000,4,4,Kalutara,28,2,22500000.0,Kalutara,20.0,Panadura
3800,5,4,Kalutara,22,2,36000000.0,Kalutara,11.75,Kalutara City
1400,3,1,Kalutara,17,2,6600000.0,Kalutara,10.0,Kalutara City
3500,4,3,Gampaha,25,2,37000000.0,Gampaha,11.0,Kandana
3000,6,2,Kalutara,38,3,34000000.0,Kalutara,38.0,Kalutara City
1425,3,1,Gampaha,7,2,9900000.0,Gampaha,10.0,Negombo
1100,3,1,Colombo,15,2,14000000.0,Colombo,6.23,Maharagama
2000,3,3,Colombo,14,2,25000000.0,Colombo,10.0,Athurugiriya
2000,4,2,Colombo,30,2,16000000.0,Colombo,17.0,Athurugiriya
4000,4,4,Colombo,20,2,100000000.0,Colombo,10.0,Kotte
1870,3,2,Colombo,6,2,29100000.0,Colombo,13.0,Nugegoda
1497,2,2,Matara,8,1,9600000.0,Matara,5.5,Matara City
3600,6,5,Colombo,8,3,33500000.0,Colombo,16.0,Kottawa
2500,5,3,Colombo,12,2,17500000.0,Colombo,10.0,Kottawa
3500,5,4,Colombo,10,2,50000000.0,Colombo,10.0,Talawatugoda
1365,3,1,Gampaha,25,2,9900000.0,Gampaha,10.0,Negombo
6300,5,6,Colombo,20,2,210000000.0,Colombo,15.0,Colombo 6
3000,4,3,Colombo,22,2,33000000.0,Colombo,8.0,Talawatugoda
4200,6,4,Colombo,7,3,50000000.0,Colombo,20.0,Ratmalana
2450,4,4,Colombo,11,2,21000000.0,Colombo,7.0,Malabe
3000,4,3,Gampaha,6,2,32500000.0,Gampaha,10.5,Kandana
4800,5,4,Kandy,13,2,42000000.0,Kandy,17.0,Kundasale
2500,4,3,Gampaha,41,2,29500000.0,Gampaha,20.0,Negombo
2850,5,2,Jaffna,22,2,50000000.0,Jaffna,15.0,Jaffna City
1210,3,1,Colombo,24,2,12000000.0,Colombo,10.0,Homagama
4000,5,1,Galle,4,2,16000000.0,Galle,20.0,Baddegama
1250,3,2,Colombo,35,2,16500000.0,Colombo,7.5,Malabe
2000,3,1,Anuradhapura,25,2,7500000.0,Anuradhapura,16.0,Anuradhapura City
2200,4,4,Colombo,32,2,23500000.0,Colombo,7.0,Malabe
3000,5,3,Colombo,48,2,37500000.0,Colombo,16.0,Malabe
2850,4,4,Colombo,44,2,49500000.0,Colombo,10.12,Malabe
2800,5,2,Gampaha,11,2,17500000.0,Gampaha,12.5,Kadawatha
2500,4,3,Colombo,1,2,35000000.0,Colombo,8.4,Piliyandala
4000,4,4,Colombo,16,2,49500000.0,Colombo,10.0,Talawatugoda
3800,7,6,Colombo,44,4,79000000.0,Colombo,16.0,Talawatugoda
3600,4,2,Colombo,40,2,29800000.0,Colombo,17.0,Homagama
2800,6,4,Colombo,18,3,28000000.0,Colombo,6.0,Dehiwala
2000,4,3,Colombo,31,2,23500000.0,Colombo,6.0,Malabe
1200,3,3,Colombo,8,2,29500000.0,Colombo,16.5,Malabe
3600,5,4,Colombo,7,2,35000000.0,Colombo,8.0,Malabe
1250,3,2,Colombo,46,2,26500000.0,Colombo,7.0,Malabe
4000,5,4,Colombo,47,2,65000000.0,Colombo,10.0,Talawatugoda
2000,3,1,Colombo,6,2,15500000.0,Colombo,6.8,Malabe
1000,3,1,Kurunegala,16,2,8500000.0,Kurunegala,160.0,Nikaweratiya
1400,3,2,Colombo,43,2,16000000.0,Colombo,10.5,Malabe
1300,3,2,Colombo,50,2,17000000.0,Colombo,7.5,Malabe
1150,3,2,Colombo,50,2,11000000.0,Colombo,8.0,Athurugiriya
3150,4,3,Gampaha,1,2,26500000.0,Gampaha,10.5,Negombo
3200,4,4,Colombo,45,2,36000000.0,Colombo,10.0,Malabe
1600,3,1,Colombo,36,2,7500000.0,Colombo,10.0,Meegoda
1873,3,3,Gampaha,5,2,18500000.0,Gampaha,8.7,Ja-Ela
3000,4,2,Gampaha,6,2,26000000.0,Gampaha,20.12,Kadawatha
3000,4,4,Colombo,47,2,36000000.0,Colombo,10.0,Talawatugoda
3000,5,4,Colombo,14,2,370000000.0,Colombo,20.0,Colombo 7
2400,4,2,Gampaha,10,2,26000000.0,Gampaha,11.0,Kandana
3854,5,4,Colombo,15,2,49000000.0,Colombo,15.0,Boralesgamuwa
2500,4,3,Colombo,35,2,23500000.0,Colombo,6.0,Malabe
1800,4,3,Colombo,4,2,29000000.0,Colombo,6.5,Boralesgamuwa
3800,5,2,Gampaha,43,2,27500000.0,Gampaha,16.5,Ja-Ela
2900,4,4,Colombo,10,2,27000000.0,Colombo,7.0,Kottawa
3300,4,4,Colombo,9,2,44000000.0,Colombo,7.7,Talawatugoda
2600,4,4,Colombo,3,2,29000000.0,Colombo,10.0,Athurugiriya
2800,4,3,Colombo,36,2,26500000.0,Colombo,6.5,Malabe
4000,5,4,Colombo,47,2,65000000.0,Colombo,12.5,Talawatugoda
1800,3,1,Gampaha,25,2,9500000.0,Gampaha,7.0,Kandana
4200,4,4,Colombo,3,2,49500000.0,Colombo,10.0,Talawatugoda
4000,4,4,Colombo,2,2,60000000.0,Colombo,15.0,Talawatugoda
2800,4,4,Colombo,11,2,28000000.0,Colombo,10.0,Athurugiriya
2500,5,3,Colombo,16,2,17500000.0,Colombo,10.0,Athurugiriya
2100,4,2,Gampaha,21,2,13000000.0,Gampaha,11.0,Negombo
3000,4,4,Colombo,42,2,33000000.0,Colombo,8.0,Talawatugoda
4000,4,3,Colombo,6,2,29500000.0,Colombo,8.0,Talawatugoda
1100,3,3,Colombo,7,2,14200000.0,Colombo,7.6,Malabe
3600,6,4,Colombo,45,3,33500000.0,Colombo,16.2,Kottawa
2300,6,3,Colombo,50,3,28000000.0,Colombo,20.0,Malabe
2200,4,4,Colombo,19,2,22500000.0,Colombo,6.3,Malabe
3800,7,4,Colombo,45,4,27000000.0,Colombo,10.0,Malabe
1700,4,2,Colombo,7,2,12500000.0,Colombo,7.5,Homagama
3100,4,3,Gampaha,25,2,26500000.0,Gampaha,10.5,Negombo
2300,4,4,Colombo,6,2,21500000.0,Colombo,9.5,Piliyandala
2400,4,3,Colombo,25,2,27000000.0,Colombo,7.0,Kottawa
3000,4,4,Colombo,24,2,28500000.0,Colombo,15.0,Piliyandala
2550,4,3,Colombo,4,2,25500000.0,Colombo,7.5,Piliyandala
1200,3,2,Gampaha,11,2,12000000.0,Gampaha,6.7,Kadawatha
3250,5,3,Colombo,21,2,23500000.0,Colombo,7.0,Piliyandala
3700,5,4,Colombo,18,2,30500000.0,Colombo,8.0,Piliyandala
2500,4,5,Colombo,39,2,25500000.0,Colombo,7.0,Piliyandala
2450,6,3,Kandy,48,3,41000000.0,Kandy,7.0,Katugastota
2700,5,3,Colombo,42,2,27000000.0,Colombo,7.5,Piliyandala
3000,4,3,Colombo,16,2,29500000.0,Colombo,12.0,Kottawa
2000,4,3,Colombo,16,2,19500000.0,Colombo,6.5,Piliyandala
2400,4,3,Colombo,18,2,24800000.0,Colombo,6.0,Piliyandala
2700,4,3,Colombo,50,2,35000000.0,Colombo,6.0,Battaramulla
2900,4,4,Colombo,47,2,27000000.0,Colombo,7.0,Pannipitiya
1070,3,2,Colombo,49,2,14200000.0,Colombo,7.6,Malabe
3500,4,3,Gampaha,4,2,29500000.0,Gampaha,20.0,Negombo
1200,2,1,Kalutara,39,1,6500000.0,Kalutara,5.0,Alutgama
3600,4,3,Colombo,17,2,36000000.0,Colombo,7.8,Malabe
2500,4,2,Colombo,21,2,22000000.0,Colombo,14.3,Piliyandala
4300,5,5,Colombo,36,2,55000000.0,Colombo,12.0,Malabe
2900,4,4,Colombo,18,2,27000000.0,Colombo,7.0,Kottawa
2800,4,4,Colombo,34,2,29000000.0,Colombo,6.2,Nugegoda
3200,5,3,Colombo,44,2,58000000.0,Colombo,20.0,Battaramulla
4800,4,4,Colombo,1,2,75000000.0,Colombo,24.0,Talawatugoda
1900,3,4,Colombo,17,2,72000000.0,Colombo,9.25,Dehiwala
1400,3,1,Colombo,25,2,12500000.0,Colombo,20.0,Homagama
1900,4,2,Colombo,39,2,18500000.0,Colombo,11.4,Malabe
2800,4,2,Colombo,7,2,35000000.0,Colombo,22.0,Homagama
4000,4,3,Colombo,1,2,30500000.0,Colombo,13.5,Homagama
1600,3,3,Colombo,20,2,20000000.0,Colombo,8.0,Kottawa
3000,4,3,Colombo,43,2,33000000.0,Colombo,8.0,Talawatugoda
1800,4,4,Colombo,12,2,17500000.0,Colombo,7.5,Kottawa
2400,4,2,Colombo,49,2,38000000.0,Colombo,10.0,Kottawa
1250,3,2,Colombo,4,2,16500000.0,Colombo,7.5,Malabe
1600,3,2,Gampaha,8,2,20500000.0,Gampaha,10.0,Negombo
5800,4,4,Colombo,43,2,45000000.0,Colombo,20.0,Homagama
3000,7,3,Colombo,4,4,32000000.0,Colombo,16.0,Homagama
3600,5,4,Colombo,49,2,28000000.0,Colombo,10.0,Homagama
1200,3,3,Colombo,48,2,14500000.0,Colombo,6.0,Athurugiriya
1350,3,2,Colombo,46,2,14000000.0,Colombo,10.0,Athurugiriya
950,3,2,Colombo,39,2,18500000.0,Colombo,3.0,Athurugiriya
2270,3,2,Gampaha,23,2,6850000.0,Gampaha,10.0,Kiribathgoda
3200,4,4,Colombo,10,2,35000000.0,Colombo,112.0,Boralesgamuwa
1701,2,1,Gampaha,1,1,4700000.0,Gampaha,10.0,Kiribathgoda
2067,5,2,Colombo,4,2,22000000.0,Colombo,6.0,Athurugiriya
2000,3,3,Colombo,6,2,20500000.0,Colombo,6.5,Athurugiriya
2800,3,2,Colombo,27,2,33000000.0,Colombo,7.5,Boralesgamuwa
5500,5,5,Colombo,8,2,65000000.0,Colombo,10.5,Boralesgamuwa
2800,4,4,Colombo,7,2,42500000.0,Colombo,10.0,Boralesgamuwa
3000,4,3,Colombo,46,2,110000000.0,Colombo,50.2,Malabe
2800,5,7,Colombo,24,2,64000000.0,Colombo,17.5,Talawatugoda
5000,4,4,Colombo,30,2,69000000.0,Colombo,15.21,Boralesgamuwa
3500,6,4,Colombo,20,3,48000000.0,Colombo,8.5,Boralesgamuwa
6500,6,5,Colombo,24,3,44000000.0,Colombo,12.5,Talawatugoda
1200,4,1,Galle,7,2,17500000.0,Galle,40.0,Galle City
2500,5,5,Colombo,46,2,24500000.0,Colombo,6.0,Battaramulla
800,3,1,Galle,50,2,12000000.0,Galle,21.0,Galle City
1600,2,1,Gampaha,35,1,18500000.0,Gampaha,62.0,Minuwangoda
3900,5,4,Colombo,2,2,46500000.0,Colombo,9.1,Moratuwa
4000,5,4,Kalutara,23,2,26500000.0,Kalutara,20.0,Panadura
6500,6,5,Colombo,2,3,44000000.0,Colombo,12.5,Talawatugoda
2300,3,3,Kalutara,18,2,140000000.0,Kalutara,700.0,Panadura
6500,6,5,Colombo,20,3,44000000.0,Colombo,12.5,Talawatugoda
4000,5,2,Colombo,7,2,66000000.0,Colombo,29.0,Battaramulla
1500,3,2,Gampaha,26,2,125000000.0,Gampaha,15.0,Kandana
2600,4,4,Colombo,33,2,29000000.0,Colombo,10.0,Malabe
2800,4,3,Colombo,5,2,27500000.0,Colombo,11.5,Malabe
2800,4,4,Colombo,19,2,28000000.0,Colombo,10.0,Malabe
4000,4,4,Colombo,22,2,49500000.0,Colombo,10.0,Talawatugoda
2500,4,2,Colombo,22,2,41250000.0,Colombo,12.5,Colombo 13
3600,4,4,Colombo,3,2,29500000.0,Colombo,8.0,Piliyandala
900,3,2,Colombo,32,2,10300000.0,Colombo,7.3,Athurugiriya
1500,3,3,Colombo,21,2,18500000.0,Colombo,7.5,Malabe
1900,3,2,Colombo,39,2,19000000.0,Colombo,11.4,Talawatugoda
3800,5,4,Colombo,41,2,45000000.0,Colombo,11.0,Talawatugoda
2600,4,4,Colombo,31,2,23000000.0,Colombo,7.0,Malabe
2200,4,3,Colombo,19,2,26500000.0,Colombo,6.5,Malabe
3000,4,4,Colombo,24,2,36000000.0,Colombo,10.0,Malabe
2000,3,2,Gampaha,14,2,50000000.0,Gampaha,100.0,Katunayake
6500,6,5,Colombo,48,3,44000000.0,Colombo,12.5,Talawatugoda
3000,4,3,Colombo,6,2,29500000.0,Colombo,8.0,Moratuwa
2600,4,2,Gampaha,8,2,12500000.0,Gampaha,15.0,Ja-Ela
1470,3,2,Gampaha,3,2,20000000.0,Gampaha,10.0,Ja-Ela
3000,4,3,Colombo,6,2,33000000.0,Colombo,8.0,Kottawa
1400,3,1,Colombo,31,2,5300000.0,Colombo,10.0,Piliyandala
2100,3,3,Gampaha,16,2,23000000.0,Gampaha,15.0,Ja-Ela
2300,5,2,Gampaha,48,2,35000000.0,Gampaha,10.0,Kandana
2000,5,2,Gampaha,6,2,15800000.0,Gampaha,10.0,Kiribathgoda
2300,7,3,Kurunegala,3,4,21000000.0,Kurunegala,20.0,Kurunegala City
4000,6,5,Colombo,41,3,45000000.0,Colombo,11.8,Kotte
2500,4,3,Gampaha,23,2,29500000.0,Gampaha,20.0,Negombo
1365,3,1,Gampaha,39,2,9900000.0,Gampaha,10.0,Negombo
2100,4,2,Gampaha,49,2,13000000.0,Gampaha,11.0,Negombo
1610,3,2,Gampaha,5,2,20500000.0,Gampaha,10.0,Negombo
2800,4,2,Gampaha,32,2,23500000.0,Gampaha,19.5,Ja-Ela
2985,4,4,Colombo,14,2,27000000.0,Colombo,7.0,Kottawa
1875,3,3,Colombo,49,2,18000000.0,Colombo,11.0,Piliyandala
3500,4,3,Gampaha,29,2,26500000.0,Gampaha,10.0,Negombo
3900,4,3,Colombo,1,2,38000000.0,Colombo,12.85,Athurugiriya
2874,4,4,Colombo,1,2,21500000.0,Colombo,9.0,Piliyandala
2300,5,3,Gampaha,23,2,17800000.0,Gampaha,6.5,Kandana
900,2,1,Kurunegala,10,1,8500000.0,Kurunegala,15.8,Kurunegala City
1600,3,2,Gampaha,7,2,20500000.0,Gampaha,10.0,Negombo
3985,5,5,Colombo,8,2,36700000.0,Colombo,11.5,Piliyandala
2985,4,4,Colombo,47,2,27000000.0,Colombo,7.0,Piliyandala
1500,2,2,Colombo,48,1,12500000.0,Colombo,8.0,Piliyandala
9000,5,5,Colombo,17,2,120000000.0,Colombo,16.0,Talawatugoda
2986,4,4,Colombo,12,2,30500000.0,Colombo,9.0,Piliyandala
2600,4,2,Gampaha,24,2,30000000.0,Gampaha,10.0,Ja-Ela
2100,4,4,Gampaha,42,2,31500000.0,Gampaha,13.2,Negombo
2200,4,2,Gampaha,2,2,15000000.0,Gampaha,10.5,Ja-Ela
4000,5,4,Colombo,5,2,65000000.0,Colombo,10.0,Talawatugoda
3500,4,3,Colombo,32,2,37500000.0,Colombo,15.0,Talawatugoda
1700,3,2,Gampaha,13,2,19500000.0,Gampaha,12.5,Negombo
1550,3,1,Colombo,19,2,9500000.0,Colombo,10.0,Homagama
1425,3,1,Gampaha,22,2,9900000.0,Gampaha,10.0,Negombo
2500,6,3,Colombo,17,3,26000000.0,Colombo,20.0,Malabe
1869,3,2,Kurunegala,24,2,19800000.0,Kurunegala,15.0,Kurunegala City
2200,7,2,Kurunegala,14,4,14800000.0,Kurunegala,43.0,Kurunegala City
3800,5,4,Colombo,41,2,45000000.0,Colombo,11.0,Talawatugoda
3100,4,3,Gampaha,36,2,26500000.0,Gampaha,10.5,Negombo
1000,3,1,Galle,9,2,9000000.0,Galle,7.19,Galle City
3500,4,3,Gampaha,1,2,29500000.0,Gampaha,20.0,Negombo
3985,5,5,Colombo,34,2,36700000.0,Colombo,11.5,Piliyandala
2200,4,2,Gampaha,18,2,7500000.0,Gampaha,6.0,Ragama
2451,4,4,Colombo,41,2,21500000.0,Colombo,9.0,Piliyandala
3142,4,4,Colombo,20,2,27500000.0,Colombo,7.5,Piliyandala
2800,4,5,Colombo,7,2,25500000.0,Colombo,7.5,Piliyandala
1400,3,2,Gampaha,1,2,9900000.0,Gampaha,10.0,Negombo
650,1,1,Galle,10,1,13000000.0,Galle,12.6,Galle City
1542,3,2,Colombo,15,2,14000000.0,Colombo,8.0,Piliyandala
2645,4,4,Colombo,33,2,25500000.0,Colombo,7.0,Piliyandala
2895,4,4,Colombo,2,2,25500000.0,Colombo,7.0,Piliyandala
3142,4,4,Colombo,3,2,33000000.0,Colombo,10.0,Piliyandala
2895,4,4,Colombo,19,2,24800000.0,Colombo,6.0,Piliyandala
2150,3,3,Gampaha,3,2,19500000.0,Gampaha,15.0,Negombo
2000,4,1,Galle,1,2,6000000.0,Galle,22.0,Galle City
1000,3,1,Galle,2,2,16000000.0,Galle,15.0,Galle City
2500,4,2,Galle,13,2,55800000.0,Galle,62.0,Galle City
1500,4,1,Galle,21,2,8000000.0,Galle,16.0,Galle City
3500,4,4,Colombo,13,2,30500000.0,Colombo,8.0,Piliyandala
1000,4,2,Colombo,2,2,6500000.0,Colombo,4.0,Wellampitiya
1425,3,1,Gampaha,15,2,9900000.0,Gampaha,10.0,Negombo
3100,4,3,Gampaha,29,2,26500000.0,Gampaha,10.5,Negombo
7200,5,5,Colombo,1,2,95000000.0,Colombo,11.0,Colombo 5
1275,3,2,Gampaha,10,2,12500000.0,Gampaha,7.1,Kadawatha
1800,4,2,Colombo,20,2,29500000.0,Colombo,15.0,Malabe
7200,3,3,Colombo,19,2,65000000.0,Colombo,12.5,Dehiwala
1800,3,1,Colombo,3,2,14000000.0,Colombo,16.5,Hanwella
2700,5,3,Colombo,3,2,27500000.0,Colombo,6.3,Athurugiriya
3600,5,4,Colombo,8,2,29000000.0,Colombo,7.5,Malabe
4500,4,5,Colombo,1,2,33500000.0,Colombo,8.0,Malabe
6000,5,5,Colombo,47,2,140000000.0,Colombo,16.0,Kotte
4500,4,3,Colombo,22,2,110000000.0,Colombo,21.5,Nugegoda
4500,5,4,Colombo,2,2,47500000.0,Colombo,10.0,Nugegoda
3800,7,7,Colombo,49,4,65000000.0,Colombo,19.75,Boralesgamuwa
3500,5,4,Colombo,8,2,52000000.0,Colombo,13.0,Nugegoda
4200,4,4,Colombo,18,2,49500000.0,Colombo,10.0,Pannipitiya
1350,3,1,Gampaha,9,2,23500000.0,Gampaha,29.0,Negombo
4200,4,4,Colombo,43,2,49500000.0,Colombo,10.0,Talawatugoda
2500,4,3,Gampaha,6,2,29500000.0,Gampaha,20.0,Negombo
3157,4,3,Gampaha,20,2,26500000.0,Gampaha,10.5,Negombo
2750,4,4,Colombo,18,2,48000000.0,Colombo,10.9,Talawatugoda
2700,5,3,Colombo,13,2,27000000.0,Colombo,7.5,Piliyandala
3800,4,4,Colombo,3,2,79000000.0,Colombo,16.0,Battaramulla
2200,3,2,Gampaha,26,2,34500000.0,Gampaha,10.0,Wattala
1600,3,2,Gampaha,9,2,29500000.0,Gampaha,10.0,Kandana
2675,4,4,Colombo,20,2,49500000.0,Colombo,10.15,Malabe
2700,4,3,Gampaha,17,2,28000000.0,Gampaha,17.5,Kadawatha
3450,4,2,Gampaha,29,2,23500000.0,Gampaha,12.5,Kadawatha
1100,3,2,Gampaha,29,2,11500000.0,Gampaha,10.8,Kadawatha
2100,4,2,Gampaha,7,2,29500000.0,Gampaha,15.8,Kadawatha
2800,3,3,Gampaha,6,2,28000000.0,Gampaha,10.75,Kadawatha
2200,4,2,Gampaha,3,2,35000000.0,Gampaha,15.5,Kadawatha
1350,3,2,Gampaha,9,2,12500000.0,Gampaha,6.87,Kadawatha
2800,3,3,Gampaha,29,2,21000000.0,Gampaha,10.0,Kadawatha
3150,4,3,Gampaha,1,2,26500000.0,Gampaha,10.5,Negombo
3000,4,3,Gampaha,10,2,26500000.0,Gampaha,12.5,Kadawatha
3842,4,3,Gampaha,4,2,40000000.0,Gampaha,10.0,Kadawatha
1605,3,3,Colombo,19,2,17800000.0,Colombo,6.0,Kottawa
1150,3,2,Gampaha,9,2,118000000.0,Gampaha,6.5,Kadawatha
5000,6,4,Colombo,6,3,70000000.0,Colombo,12.5,Nugegoda
1200,3,2,Gampaha,47,2,12000000.0,Gampaha,6.7,Kadawatha
1680,4,1,Colombo,12,2,12500000.0,Colombo,12.5,Kottawa
2750,4,2,Gampaha,3,2,13500000.0,Gampaha,10.0,Ganemulla
3000,3,2,Gampaha,17,2,26000000.0,Gampaha,12.5,Kadawatha
3000,6,2,Polonnaruwa,18,3,13500000.0,Polonnaruwa,60.0,Hingurakgoda
2300,5,5,Colombo,9,2,27500000.0,Colombo,7.5,Piliyandala
1800,3,1,Gampaha,48,2,13000000.0,Gampaha,15.0,Kadawatha
3800,6,3,Colombo,38,3,47500000.0,Colombo,7.0,Dehiwala
2700,4,2,Gampaha,35,2,17000000.0,Gampaha,13.5,Kadawatha
2000,3,2,Colombo,17,2,32000000.0,Colombo,3.14,Colombo 6
2700,4,2,Colombo,6,2,38000000.0,Colombo,4.9,Dehiwala
2900,4,2,Gampaha,9,2,28000000.0,Gampaha,8.0,Ja-Ela
3750,4,6,Gampaha,27,2,44500000.0,Gampaha,10.0,Ja-Ela
4000,6,5,Colombo,22,3,45000000.0,Colombo,11.8,Nugegoda
3100,5,3,Colombo,21,2,20500000.0,Colombo,14.0,Athurugiriya
1500,4,3,Colombo,22,2,26000000.0,Colombo,13.0,Pannipitiya
3200,5,3,Colombo,38,2,27000000.0,Colombo,14.0,Malabe
2300,4,2,Gampaha,25,2,34500000.0,Gampaha,12.0,Kadawatha
1864,3,2,Gampaha,23,2,21000000.0,Gampaha,12.0,Kadawatha
1880,3,3,Colombo,35,2,17800000.0,Colombo,6.5,Kesbewa
1560,4,2,Colombo,32,2,5700000.0,Colombo,10.7,Piliyandala
1880,3,3,Colombo,45,2,17800000.0,Colombo,6.5,Kottawa
3527,5,4,Gampaha,2,2,25000000.0,Gampaha,15.3,Kadawatha
4000,6,3,Colombo,43,3,130000000.0,Colombo,9.3,Colombo 4
5000,5,5,Colombo,40,2,37500000.0,Colombo,9.0,Boralesgamuwa
2000,5,2,Colombo,18,2,32000000.0,Colombo,9.8,Moratuwa
1365,3,1,Gampaha,41,2,9900000.0,Gampaha,10.0,Negombo
1300,2,1,Gampaha,10,1,3200000.0,Gampaha,7.0,Kiribathgoda
1550,2,1,Gampaha,5,1,7000000.0,Gampaha,10.0,Wattala
1750,2,1,Colombo,16,1,11000000.0,Colombo,10.0,Malabe
1750,2,1,Colombo,23,1,11000000.0,Colombo,10.0,Kaduwela
7500,6,3,Colombo,39,3,64000000.0,Colombo,33.0,Maharagama
2500,4,3,Colombo,26,2,43000000.0,Colombo,14.0,Dehiwala
1800,3,2,Colombo,23,2,16000000.0,Colombo,9.0,Kaduwela
1800,5,1,Ratnapura,1,2,85000000.0,Ratnapura,880.0,Ratnapura City
3500,3,2,Gampaha,6,2,29500000.0,Gampaha,10.0,Ja-Ela
1200,3,1,Colombo,24,2,26500000.0,Colombo,10.0,Nugegoda
4500,5,3,Colombo,6,2,35000000.0,Colombo,34.0,Angoda
2550,4,3,Colombo,38,2,25500000.0,Colombo,7.5,Piliyandala
4400,4,3,Colombo,15,2,80000000.0,Colombo,20.0,Kotte
3000,4,4,Colombo,6,2,28500000.0,Colombo,15.0,Piliyandala
1742,3,3,Colombo,20,2,18000000.0,Colombo,11.0,Piliyandala
2300,4,4,Colombo,19,2,21500000.0,Colombo,9.5,Piliyandala
3000,4,2,Gampaha,25,2,27000000.0,Gampaha,10.0,Ja-Ela
3250,5,3,Colombo,14,2,23500000.0,Colombo,7.0,Piliyandala
2500,4,5,Colombo,2,2,25500000.0,Colombo,7.0,Piliyandala
1850,3,2,Colombo,41,2,13800000.0,Colombo,10.0,Homagama
3000,5,2,Gampaha,47,2,49800000.0,Gampaha,27.0,Gampaha City
2700,5,3,Colombo,7,2,27000000.0,Colombo,7.5,Kottawa
2600,3,2,Gampaha,25,2,35000000.0,Gampaha,12.0,Ja-Ela
2100,4,2,Gampaha,43,2,17500000.0,Gampaha,7.5,Ja-Ela
1730,3,2,Colombo,42,2,15900000.0,Colombo,10.0,Homagama
3200,5,2,Gampaha,3,2,29800000.0,Gampaha,48.5,Ja-Ela
1410,4,2,Gampaha,8,2,17800000.0,Gampaha,10.0,Ja-Ela
2000,4,3,Colombo,1,2,55000000.0,Colombo,12.5,Ratmalana
4800,6,4,Colombo,27,3,28500000.0,Colombo,10.0,Kesbewa
1500,6,4,Colombo,43,3,28500000.0,Colombo,6.0,Kolonnawa
2500,3,1,Colombo,10,2,12500000.0,Colombo,13.0,Moratuwa
2580,5,4,Colombo,15,2,45000000.0,Colombo,10.5,Kohuwala
2300,4,2,Gampaha,4,2,20000000.0,Gampaha,9.0,Ja-Ela
2300,4,2,Colombo,22,2,25000000.0,Colombo,6.1,Kottawa
1874,3,2,Gampaha,44,2,21000000.0,Gampaha,12.0,Gampaha City
2100,3,3,Colombo,2,2,20000000.0,Colombo,8.0,Kottawa
600,2,1,Colombo,16,1,11000000.0,Colombo,9.0,Kottawa
2600,4,3,Gampaha,9,2,188000000.0,Gampaha,8.5,Ja-Ela
800,3,1,Colombo,2,2,6500000.0,Colombo,2.5,Kolonnawa
1800,3,2,Colombo,33,2,18000000.0,Colombo,8.0,Piliyandala
1200,3,1,Colombo,17,2,9700000.0,Colombo,6.0,Piliyandala
3100,4,3,Gampaha,19,2,26500000.0,Gampaha,10.5,Negombo
2000,1,1,Colombo,10,1,9800000.0,Colombo,10.0,Homagama
1000,2,1,Kalutara,2,1,8000000.0,Kalutara,56.0,Horana
3800,5,2,Gampaha,23,2,27500000.0,Gampaha,16.5,Ja-Ela
3700,3,1,Kurunegala,2,2,13000000.0,Kurunegala,15.0,Kurunegala City
4000,4,2,Gampaha,38,2,26000000.0,Gampaha,10.5,Ja-Ela
2650,4,2,Gampaha,24,2,35000000.0,Gampaha,13.5,Ja-Ela
2572,6,3,Colombo,20,3,45000000.0,Colombo,6.8,Dehiwala
1000,2,1,Kalutara,4,1,3500000.0,Kalutara,30.0,Matugama
3500,3,1,Gampaha,31,2,8500000.0,Gampaha,276.0,Veyangoda
2500,3,1,Gampaha,2,2,6000000.0,Gampaha,15.0,Veyangoda
2150,5,2,Colombo,10,2,37500000.0,Colombo,9.25,Kotte
3014,5,3,Colombo,15,2,27000000.0,Colombo,7.5,Piliyandala
2400,5,2,Colombo,46,2,27500000.0,Colombo,11.2,Maharagama
2200,4,2,Gampaha,3,2,18000000.0,Gampaha,9.17,Ja-Ela
3700,6,3,Colombo,36,3,42000000.0,Colombo,18.9,Moratuwa
2500,5,1,Gampaha,44,2,6500000.0,Gampaha,80.0,Nittambuwa
4400,4,4,Colombo,1,2,34000000.0,Colombo,10.0,Piliyandala
2500,2,1,Gampaha,15,1,9000000.0,Gampaha,80.0,Nittambuwa
900,2,1,Kandy,33,1,9000000.0,Kandy,10.0,Kandy City
2508,4,4,Colombo,31,2,24800000.0,Colombo,6.5,Piliyandala
3000,4,3,Colombo,6,2,95000000.0,Colombo,10.0,Battaramulla
1365,3,1,Gampaha,36,2,9900000.0,Gampaha,10.0,Negombo
4000,5,4,Colombo,20,2,165000000.0,Colombo,25.5,Colombo 8
3000,4,4,Colombo,46,2,24800000.0,Colombo,6.0,Piliyandala
3200,3,2,Gampaha,12,2,90000000.0,Gampaha,58.35,Kelaniya
4250,5,4,Colombo,9,2,85000000.0,Colombo,11.0,Talawatugoda
1600,2,1,Colombo,10,1,14800000.0,Colombo,6.8,Malabe
2800,4,4,Colombo,25,2,45000000.0,Colombo,10.0,Kohuwala
850,2,1,Galle,4,1,3800000.0,Galle,30.0,Baddegama
2200,5,2,Kurunegala,24,2,7900000.0,Kurunegala,13.5,Narammala
2600,4,2,Colombo,27,2,32000000.0,Colombo,14.0,Angoda
1085,3,2,Kandy,9,2,17500000.0,Kandy,8.08,Digana
2700,5,3,Colombo,35,2,27000000.0,Colombo,7.5,Piliyandala
1500,3,1,Gampaha,10,2,9000000.0,Gampaha,12.0,Ganemulla
2000,3,1,Kandy,9,2,7000888.0,Kandy,13.0,Kundasale
2000,3,2,Colombo,42,2,11000000.0,Colombo,15.5,Padukka
2800,6,4,Colombo,12,3,18500000.0,Colombo,10.0,Homagama
1600,2,1,Ratnapura,5,1,9500000.0,Ratnapura,15.0,Embilipitiya
3450,4,4,Colombo,38,2,34000000.0,Colombo,8.5,Piliyandala
2000,3,1,Anuradhapura,1,2,6000000.0,Anuradhapura,22.5,Anuradhapura City
3850,4,4,Colombo,2,2,46500000.0,Colombo,28.0,Piliyandala
1500,3,2,Colombo,50,2,14000000.0,Colombo,10.0,Piliyandala
3000,4,3,Colombo,41,2,56016000.0,Colombo,15.56,Mount Lavinia
2500,4,3,Gampaha,3,2,29500000.0,Gampaha,20.0,Negombo
1300,3,1,Colombo,49,2,15500000.0,Colombo,6.7,Malabe
3800,7,6,Colombo,49,4,79000000.0,Colombo,16.0,Talawatugoda
2932,3,1,Colombo,40,2,40300000.0,Colombo,10.77,Kolonnawa
2865,4,4,Colombo,10,2,25500000.0,Colombo,6.0,Piliyandala
2875,4,4,Colombo,23,2,25500000.0,Colombo,7.0,Piliyandala
2500,3,2,Colombo,16,2,17000000.0,Colombo,10.6,Malabe
2865,4,4,Colombo,21,2,27000000.0,Colombo,19.0,Piliyandala
3145,5,4,Colombo,25,2,27000000.0,Colombo,10.0,Piliyandala
450,3,1,Matara,7,2,4500000.0,Matara,15.19,Matara City
4580,8,7,Colombo,7,4,57500000.0,Colombo,10.0,Dehiwala
2750,6,4,Colombo,18,3,37000000.0,Colombo,7.0,Nugegoda
3300,3,2,Colombo,50,2,40000000.0,Colombo,7.0,Talawatugoda
4200,4,4,Colombo,38,2,49500000.0,Colombo,10.0,Talawatugoda
2100,4,2,Gampaha,4,2,13000000.0,Gampaha,11.0,Negombo
3000,4,3,Colombo,30,2,110000000.0,Colombo,50.0,Talawatugoda
2400,4,3,Colombo,43,2,24800000.0,Colombo,6.0,Kesbewa
2750,4,3,Colombo,23,2,22500000.0,Colombo,8.5,Piliyandala
5500,4,3,Kandy,15,2,65000000.0,Kandy,16.6,Katugastota
2800,4,3,Colombo,49,2,26500000.0,Colombo,6.5,Malabe
3214,4,4,Colombo,14,2,25500000.0,Colombo,7.5,Piliyandala
3200,4,4,Colombo,15,2,36000000.0,Colombo,10.0,Malabe
2864,4,4,Colombo,25,2,28500000.0,Colombo,7.5,Piliyandala
4000,5,4,Colombo,4,2,65000000.0,Colombo,12.5,Malabe
3052,5,3,Colombo,10,2,27000000.0,Colombo,7.5,Piliyandala
5600,5,5,Colombo,5,2,135000000.0,Colombo,65.0,Malabe
3100,5,3,Colombo,29,2,37500000.0,Colombo,9.0,Malabe
1000,3,2,Colombo,19,2,7500000.0,Colombo,3.25,Wellampitiya
2675,4,3,Colombo,4,2,48000000.0,Colombo,10.12,Malabe
3000,5,2,Galle,2,2,20000000.0,Galle,22.0,Ambalangoda
3500,5,5,Colombo,43,2,36700000.0,Colombo,11.5,Piliyandala
800,2,2,Colombo,13,1,9000000.0,Colombo,3.0,Colombo 9
3500,4,4,Colombo,23,2,85000000.0,Colombo,16.0,Battaramulla
3893,2,1,Colombo,6,1,15000000.0,Colombo,14.3,Angoda
3000,4,4,Colombo,6,2,33000000.0,Colombo,8.0,Kottawa
4000,4,3,Colombo,4,2,29500000.0,Colombo,8.0,Kottawa
3000,4,3,Colombo,3,2,29500000.0,Colombo,12.0,Kottawa
2400,4,3,Colombo,6,2,27000000.0,Colombo,7.0,Kottawa
2250,4,4,Colombo,40,2,21500000.0,Colombo,9.0,Piliyandala
1300,2,2,Kandy,34,1,12500000.0,Kandy,30.0,Kandy City
3000,4,3,Colombo,12,2,65000000.0,Colombo,8.0,Nugegoda
2900,4,3,Colombo,4,2,21000000.0,Colombo,8.0,Kottawa
1500,2,1,Colombo,21,1,4500000.0,Colombo,5.5,Kolonnawa
2800,4,3,Colombo,10,2,30000000.0,Colombo,7.0,Battaramulla
3200,5,4,Colombo,41,2,27500000.0,Colombo,8.5,Piliyandala
4000,5,3,Colombo,48,2,175000000.0,Colombo,26.0,Colombo 8
2400,4,2,Gampaha,7,2,13000000.0,Gampaha,11.0,Negombo
1300,3,1,Badulla,10,2,12000000.0,Badulla,10.0,Bandarawela
3600,6,4,Colombo,28,3,33500000.0,Colombo,16.2,Kottawa
1600,3,2,Gampaha,23,2,20500000.0,Gampaha,10.0,Negombo
2400,4,3,Colombo,25,2,24800000.0,Colombo,6.0,Piliyandala
2550,4,3,Colombo,12,2,25500000.0,Colombo,7.5,Piliyandala
3000,4,4,Colombo,10,2,28500000.0,Colombo,15.0,Piliyandala
1650,3,3,Colombo,8,2,17800000.0,Colombo,6.0,Kottawa
2300,4,4,Colombo,24,2,21500000.0,Colombo,9.5,Piliyandala
1800,3,3,Colombo,50,2,23500000.0,Colombo,8.0,Piliyandala
2400,4,3,Colombo,7,2,26000000.0,Colombo,7.0,Piliyandala
3403,4,1,Colombo,46,2,13000000.0,Colombo,12.5,Athurugiriya
1088,3,1,Kegalle,2,2,5700000.0,Kegalle,5.0,Mawanella
2000,4,3,Gampaha,1,2,26500000.0,Gampaha,7.5,Ja-Ela
1280,3,3,Colombo,37,2,14500000.0,Colombo,8.25,Piliyandala
3000,4,2,Colombo,5,2,22000000.0,Colombo,15.4,Piliyandala
1200,3,2,Colombo,27,2,18500000.0,Colombo,10.0,Piliyandala
3100,4,4,Colombo,14,2,40000000.0,Colombo,10.0,Piliyandala
3250,5,3,Colombo,49,2,23500000.0,Colombo,7.0,Piliyandala
1200,3,3,Colombo,2,2,14000000.0,Colombo,12.0,Piliyandala
740,3,1,Kandy,23,2,12500000.0,Kandy,7.0,Kandy City
3000,4,3,Colombo,3,2,35000000.0,Colombo,19.0,Piliyandala
2000,4,3,Colombo,11,2,19500000.0,Colombo,6.5,Piliyandala
2500,4,3,Colombo,41,2,33000000.0,Colombo,12.6,Piliyandala
2600,4,2,Colombo,22,2,39500000.0,Colombo,10.0,Malabe
3700,5,4,Colombo,43,2,30500000.0,Colombo,8.0,Piliyandala
3500,5,3,Colombo,9,2,100000000.0,Colombo,12.5,Pannipitiya
2500,4,5,Colombo,49,2,25500000.0,Colombo,7.0,Piliyandala
2400,4,3,Colombo,18,2,23500000.0,Colombo,7.0,Malabe
2592,4,4,Colombo,8,2,24800000.0,Colombo,6.5,Piliyandala
1850,3,3,Colombo,20,2,18500000.0,Colombo,6.5,Piliyandala
4400,4,4,Colombo,6,2,33000000.0,Colombo,10.0,Piliyandala
2700,3,3,Colombo,6,2,24000000.0,Colombo,8.0,Kottawa
2600,5,3,Colombo,2,2,25500000.0,Colombo,6.2,Piliyandala
3800,5,3,Colombo,48,2,29000000.0,Colombo,8.12,Boralesgamuwa
3000,6,4,Colombo,50,3,48500000.0,Colombo,14.0,Piliyandala
2500,4,3,Colombo,22,2,26000000.0,Colombo,8.5,Piliyandala
1700,3,2,Colombo,10,2,19000000.0,Colombo,5.92,Dehiwala
2400,5,3,Colombo,48,2,35000000.0,Colombo,6.0,Dehiwala
2150,3,3,Gampaha,4,2,19500000.0,Gampaha,15.0,Negombo
2750,4,2,Gampaha,12,2,13000000.0,Gampaha,11.0,Negombo
1700,3,2,Gampaha,4,2,19500000.0,Gampaha,12.5,Negombo
1658,3,3,Colombo,2,2,16000000.0,Colombo,9.0,Piliyandala
4000,8,5,Colombo,24,4,76500000.0,Colombo,15.3,Dehiwala
3000,5,3,Colombo,5,2,32500000.0,Colombo,18.0,Boralesgamuwa
2900,4,3,Colombo,23,2,24800000.0,Colombo,6.0,Piliyandala
2875,4,4,Colombo,44,2,26000000.0,Colombo,8.0,Piliyandala
2985,4,4,Colombo,44,2,27000000.0,Colombo,7.5,Pannipitiya
3985,5,5,Colombo,24,2,36700000.0,Colombo,11.5,Kottawa
2865,4,4,Colombo,35,2,27000000.0,Colombo,7.5,Kottawa
2985,4,4,Colombo,8,2,25500000.0,Colombo,7.5,Piliyandala
1542,3,2,Colombo,38,2,14000000.0,Colombo,8.0,Piliyandala
2963,4,5,Colombo,4,2,25500000.0,Colombo,7.5,Piliyandala
2745,3,3,Colombo,11,2,21500000.0,Colombo,9.5,Piliyandala
2875,4,4,Colombo,29,2,27000000.0,Colombo,7.5,Piliyandala
4000,4,4,Colombo,43,2,110000000.0,Colombo,50.17,Talawatugoda
3300,4,3,Colombo,5,2,42500000.0,Colombo,11.0,Talawatugoda
1200,3,1,Ratnapura,18,2,3000000.0,Ratnapura,38.0,Embilipitiya
2874,4,4,Colombo,7,2,21500000.0,Colombo,9.0,Piliyandala
2987,4,4,Colombo,45,2,28000000.0,Colombo,10.0,Piliyandala
2941,4,4,Colombo,11,2,28500000.0,Colombo,7.5,Piliyandala
2875,4,4,Colombo,24,2,24800000.0,Colombo,6.0,Piliyandala
1745,3,3,Colombo,1,2,18500000.0,Colombo,8.0,Piliyandala
3988,5,4,Colombo,40,2,36700000.0,Colombo,11.5,Piliyandala
2718,4,2,Colombo,15,2,36000000.0,Colombo,12.5,Athurugiriya
4200,7,5,Colombo,43,4,41500000.0,Colombo,20.0,Ratmalana
1780,5,4,Gampaha,21,2,45000000.0,Gampaha,6.9,Wattala
4200,4,4,Colombo,1,2,53000000.0,Colombo,20.2,Mount Lavinia
2500,2,1,Gampaha,3,1,32000000.0,Gampaha,15.0,Kiribathgoda
4200,4,4,Colombo,3,2,49500000.0,Colombo,10.0,Talawatugoda
3000,4,3,Colombo,7,2,27000000.0,Colombo,10.5,Malabe
3150,4,3,Gampaha,38,2,26500000.0,Gampaha,10.5,Negombo
3150,4,3,Gampaha,43,2,26500000.0,Gampaha,10.5,Negombo
4500,4,5,Gampaha,38,2,47000000.0,Gampaha,14.7,Negombo
3000,4,4,Colombo,48,2,200000000.0,Colombo,12.65,Colombo 7
1550,3,2,Gampaha,2,2,17000000.0,Gampaha,11.0,Negombo
3000,5,1,Kalutara,22,2,27500000.0,Kalutara,10.0,Horana
2500,4,3,Gampaha,8,2,29500000.0,Gampaha,20.0,Negombo
1610,3,2,Gampaha,4,2,20500000.0,Gampaha,10.0,Negombo
2000,4,2,Kalutara,7,2,4500000.0,Kalutara,40.0,Matugama
2900,4,3,Colombo,48,2,24800000.0,Colombo,6.0,Piliyandala
2100,4,2,Gampaha,6,2,13000000.0,Gampaha,11.0,Negombo
3150,4,3,Gampaha,28,2,26500000.0,Gampaha,10.5,Negombo
2500,5,4,Colombo,28,2,28000000.0,Colombo,12.9,Colombo 3
1365,3,1,Gampaha,35,2,9900000.0,Gampaha,10.0,Negombo
750,2,1,Kandy,11,1,3250000.0,Kandy,15.0,Kandy City
900,2,1,Colombo,4,1,6500000.0,Colombo,7.5,Piliyandala
4200,4,4,Colombo,23,2,33000000.0,Colombo,10.0,Piliyandala
4500,4,3,Colombo,11,2,100000000.0,Colombo,22.5,Kotte
1600,3,2,Colombo,13,2,15800000.0,Colombo,10.0,Homagama
4500,4,4,Colombo,22,2,210000000.0,Colombo,8.7,Colombo 7
3000,4,3,Colombo,23,2,90000000.0,Colombo,10.0,Kotte
3000,4,4,Colombo,7,2,120000000.0,Colombo,9.8,Colombo 5
2660,4,3,Kandy,31,2,37000000.0,Kandy,10.0,Kandy City
3100,4,3,Gampaha,49,2,26500000.0,Gampaha,10.5,Negombo
850,2,1,Kurunegala,4,1,16000000.0,Kurunegala,16.0,Kurunegala City
2650,4,4,Colombo,23,2,33000000.0,Colombo,7.0,Nugegoda
4500,5,3,Kandy,28,2,55000000.0,Kandy,26.0,Kandy City
1425,3,1,Gampaha,8,2,9900000.0,Gampaha,10.0,Negombo
1580,3,2,Gampaha,43,2,20500000.0,Gampaha,10.0,Negombo
1800,5,5,Colombo,21,2,55000000.0,Colombo,6.0,Dehiwala
3300,3,2,Colombo,9,2,40000000.0,Colombo,7.0,Talawatugoda
3000,5,4,Colombo,42,2,55000000.0,Colombo,17.8,Talawatugoda
2200,4,2,Gampaha,28,2,31750000.0,Gampaha,13.5,Ja-Ela
1580,4,1,Colombo,25,2,12500000.0,Colombo,12.5,Athurugiriya
4000,4,3,Colombo,50,2,55000000.0,Colombo,10.0,Malabe
1580,4,1,Colombo,21,2,12500000.0,Colombo,12.5,Kottawa
1700,6,5,Colombo,42,3,38000000.0,Colombo,6.5,Dehiwala
2380,4,3,Colombo,16,2,23500000.0,Colombo,7.0,Malabe
2380,4,3,Colombo,6,2,23500000.0,Colombo,6.5,Malabe
2480,4,4,Colombo,22,2,28500000.0,Colombo,6.5,Malabe
1200,3,1,Colombo,33,2,15000000.0,Colombo,6.0,Athurugiriya
5000,6,4,Colombo,14,3,39500000.0,Colombo,9.0,Nugegoda
5000,7,5,Colombo,18,4,47500000.0,Colombo,10.0,Dehiwala
1000,4,1,Colombo,46,2,8500000.0,Colombo,3.5,Mount Lavinia
1500,3,1,Colombo,19,2,5500000.0,Colombo,10.0,Kaduwela
2000,3,2,Colombo,16,2,45000000.0,Colombo,13.7,Battaramulla
1200,2,1,Gampaha,21,1,15500000.0,Gampaha,4.25,Gampaha City
3500,6,4,Colombo,45,3,34000000.0,Colombo,16.0,Kottawa
1200,3,2,Colombo,47,2,8000000.0,Colombo,7.05,Piliyandala
3150,4,3,Gampaha,49,2,26500000.0,Gampaha,10.5,Negombo
817,2,1,Colombo,31,1,4700000.0,Colombo,3.0,Colombo 15
1563,3,1,Gampaha,6,2,19000000.0,Gampaha,28.5,Kiribathgoda
2000,4,1,Kandy,11,2,4000000.0,Kandy,20.0,Pilimatalawa
1600,3,2,Gampaha,20,2,20500000.0,Gampaha,10.0,Negombo
5000,5,4,Colombo,6,2,140000000.0,Colombo,69.0,Battaramulla
3741,5,5,Colombo,23,2,36000000.0,Colombo,11.5,Piliyandala
4000,5,5,Ratnapura,9,2,50000000.0,Ratnapura,13.5,Ratnapura City
1600,5,2,Kalutara,6,2,17000000.0,Kalutara,6.01,Panadura
1605,3,3,Colombo,11,2,17800000.0,Colombo,6.0,Kesbewa
2865,4,4,Colombo,24,2,27000000.0,Colombo,19.0,Piliyandala
2896,5,4,Colombo,40,2,27000000.0,Colombo,10.0,Piliyandala
1625,4,1,Colombo,43,2,27000000.0,Colombo,20.0,Kesbewa
3600,2,1,Batticaloa,8,1,6500000.0,Batticaloa,16.5,Batticaloa City
2200,3,3,Colombo,46,2,25000000.0,Colombo,10.0,Athurugiriya
1700,3,1,Colombo,5,2,12000000.0,Colombo,21.5,Homagama
1605,3,3,Colombo,4,2,17800000.0,Colombo,6.0,Piliyandala
1605,3,3,Colombo,7,2,17800000.0,Colombo,6.0,Kottawa
1825,3,3,Colombo,7,2,12000000.0,Colombo,12.0,Homagama
3500,4,3,Colombo,12,2,125000000.0,Colombo,30.0,Dehiwala
1635,3,1,Colombo,10,2,22000000.0,Colombo,9.8,Pannipitiya
1000,2,2,Colombo,17,1,9500000.0,Colombo,3.0,Wellampitiya
4000,4,4,Colombo,12,2,120000000.0,Colombo,17.4,Battaramulla
2500,4,3,Colombo,4,2,80000000.0,Colombo,17.2,Kotte
2000,3,3,Colombo,5,2,22000000.0,Colombo,8.0,Homagama
4600,5,5,Colombo,14,2,180000000.0,Colombo,8.5,Colombo 5
2800,4,4,Colombo,21,2,28000000.0,Colombo,10.0,Athurugiriya
1650,2,1,Kandy,14,1,6000000.0,Kandy,21.0,Kadugannawa
3500,4,3,Gampaha,24,2,29500000.0,Gampaha,20.0,Negombo
2500,5,3,Colombo,3,2,17500000.0,Colombo,10.0,Athurugiriya
2600,4,4,Colombo,47,2,29000000.0,Colombo,10.5,Athurugiriya
2896,4,4,Colombo,27,2,25500000.0,Colombo,7.5,Piliyandala
2875,4,4,Colombo,21,2,33000000.0,Colombo,10.0,Piliyandala
4000,7,4,Colombo,24,4,221000000.0,Colombo,17.0,Colombo 7
3150,4,3,Gampaha,3,2,26500000.0,Gampaha,10.5,Negombo
2500,5,1,Gampaha,4,2,16000000.0,Gampaha,27.0,Seeduwa
1000,3,2,Colombo,17,2,14500000.0,Colombo,12.3,Pannipitiya
1200,2,1,Gampaha,50,1,13000000.0,Gampaha,11.0,Kadawatha
3500,5,4,Colombo,19,2,50000000.0,Colombo,11.6,Maharagama
1500,3,1,Gampaha,39,2,7500000.0,Gampaha,10.0,Ganemulla
2000,3,2,Gampaha,2,2,19500000.0,Gampaha,12.5,Negombo
1700,3,3,Colombo,24,2,17800000.0,Colombo,6.0,Kottawa
2500,4,3,Gampaha,10,2,29500000.0,Gampaha,20.0,Negombo
2517,3,3,Colombo,7,2,34850000.0,Colombo,6.7,Boralesgamuwa
1350,3,1,Gampaha,25,2,9900000.0,Gampaha,10.0,Negombo
3250,5,3,Colombo,32,2,23500000.0,Colombo,7.0,Piliyandala
1800,3,3,Colombo,6,2,23000000.0,Colombo,8.0,Piliyandala
2300,4,4,Colombo,18,2,21500000.0,Colombo,9.5,Piliyandala
2000,3,1,Ratnapura,28,2,3600000.0,Ratnapura,20.0,Embilipitiya
1650,2,1,Colombo,25,1,15900000.0,Colombo,8.8,Moratuwa
3000,4,4,Colombo,49,2,28500000.0,Colombo,15.0,Piliyandala
2500,2,1,Colombo,35,1,50000000.0,Colombo,12.1,Mount Lavinia
2400,4,3,Colombo,31,2,24800000.0,Colombo,6.0,Piliyandala
2506,4,4,Colombo,17,2,21500000.0,Colombo,9.0,Piliyandala
1800,4,2,Colombo,45,2,15000000.0,Colombo,4.5,Wellampitiya
2300,5,4,Colombo,40,2,27500000.0,Colombo,7.5,Piliyandala
2550,4,4,Colombo,15,2,25500000.0,Colombo,7.5,Piliyandala
1600,4,2,Matara,4,2,16500000.0,Matara,7.0,Matara City
3500,4,4,Colombo,45,2,33000000.0,Colombo,10.0,Piliyandala
3900,5,5,Colombo,7,2,42500000.0,Colombo,10.0,Battaramulla
4000,5,4,Colombo,46,2,47500000.0,Colombo,14.5,Talawatugoda
4000,4,4,Colombo,1,2,60000000.0,Colombo,15.0,Talawatugoda
4500,5,4,Colombo,40,2,45000000.0,Colombo,11.0,Talawatugoda
2500,4,2,Kurunegala,29,2,18500000.0,Kurunegala,18.0,Kurunegala City
4000,4,3,Colombo,4,2,110000000.0,Colombo,50.0,Talawatugoda
4200,4,4,Colombo,8,2,49500000.0,Colombo,11.0,Talawatugoda
3300,3,2,Colombo,22,2,40000000.0,Colombo,7.0,Talawatugoda
2100,4,2,Gampaha,50,2,13000000.0,Gampaha,11.0,Negombo
2000,2,2,Colombo,34,1,28500000.0,Colombo,12.0,Battaramulla
1300,4,4,Kalutara,7,2,7800000.0,Kalutara,11.3,Kalutara City
3000,5,4,Colombo,22,2,52500000.0,Colombo,12.0,Colombo 4
2450,4,3,Gampaha,1,2,27500000.0,Gampaha,6.0,Ragama
800,2,1,Colombo,23,1,5500000.0,Colombo,2.5,Wellampitiya
2600,4,4,Colombo,30,2,21500000.0,Colombo,9.0,Piliyandala
4000,4,3,Gampaha,20,2,46000000.0,Gampaha,82.8,Divulapitiya
3850,4,4,Colombo,10,2,46500000.0,Colombo,28.0,Piliyandala
2595,5,4,Colombo,20,2,28500000.0,Colombo,8.5,Piliyandala
3000,5,4,Colombo,50,2,80000002.0,Colombo,17.9,Ratmalana
1500,2,1,Matara,3,1,9000000.0,Matara,20.0,Matara City
3150,4,3,Gampaha,23,2,26500000.0,Gampaha,10.5,Negombo
3500,4,4,Colombo,6,2,44000000.0,Colombo,7.7,Talawatugoda
2500,4,4,Colombo,6,2,24800000.0,Colombo,6.0,Piliyandala
1350,3,2,Colombo,13,2,14000000.0,Colombo,10.0,Athurugiriya
4000,4,4,Colombo,33,2,49500000.0,Colombo,10.0,Talawatugoda
5100,8,5,Colombo,29,4,42500000.0,Colombo,13.2,Nugegoda
1500,4,2,Colombo,13,2,14500000.0,Colombo,26.0,Kaduwela
2000,4,3,Gampaha,8,2,18000000.0,Gampaha,15.0,Delgoda
2986,4,5,Colombo,23,2,25500000.0,Colombo,7.0,Piliyandala
3000,6,5,Colombo,49,3,33500000.0,Colombo,16.0,Kottawa
2963,4,4,Colombo,23,2,21500000.0,Colombo,9.0,Piliyandala
3000,4,4,Colombo,46,2,60000000.0,Colombo,15.0,Talawatugoda
2200,4,2,Colombo,45,2,14000000.0,Colombo,12.0,Homagama
2500,5,3,Colombo,31,2,17500000.0,Colombo,10.0,Kottawa
1800,4,4,Colombo,15,2,17500000.0,Colombo,7.5,Kottawa
3000,4,4,Colombo,20,2,38500000.0,Colombo,14.0,Maharagama
1830,4,2,Colombo,48,2,17500000.0,Colombo,13.0,Kottawa
3800,6,4,Colombo,9,3,29500000.0,Colombo,13.0,Kottawa
1280,2,2,Colombo,49,1,12300000.0,Colombo,6.8,Kesbewa
4100,4,3,Gampaha,10,2,26000000.0,Gampaha,20.0,Kadawatha
2500,7,2,Kurunegala,39,4,22500000.0,Kurunegala,20.0,Kurunegala City
1600,3,3,Colombo,9,2,17900000.0,Colombo,11.0,Kottawa
1200,3,3,Colombo,45,2,14500000.0,Colombo,6.0,Athurugiriya
1500,3,2,Colombo,21,2,16500000.0,Colombo,7.5,Athurugiriya
1700,3,2,Gampaha,2,2,8500000.0,Gampaha,15.0,Divulapitiya
2067,5,4,Colombo,25,2,22000000.0,Colombo,6.0,Athurugiriya
2000,3,3,Colombo,13,2,20500000.0,Colombo,6.5,Athurugiriya
3665,4,3,Colombo,9,2,68000000.0,Colombo,25.0,Pannipitiya
1700,3,2,Gampaha,4,2,19500000.0,Gampaha,12.5,Negombo
3812,6,4,Mannar,4,3,150000000.0,Mannar,14.0,Mannar City
2100,4,4,Gampaha,2,2,31500000.0,Gampaha,13.2,Negombo
800,2,2,Colombo,49,1,9400000.0,Colombo,3.0,Wellampitiya
3000,4,3,Colombo,18,2,110000000.0,Colombo,50.2,Talawatugoda
3000,4,4,Colombo,5,2,53000000.0,Colombo,16.0,Talawatugoda
3300,3,2,Colombo,45,2,40000000.0,Colombo,7.0,Talawatugoda
2700,4,3,Colombo,12,2,18000000.0,Colombo,11.0,Maharagama
900,2,1,Colombo,17,1,5800000.0,Colombo,6.0,Kesbewa
1500,3,2,Galle,41,2,6600000.0,Galle,11.8,Batapola
3250,4,3,Colombo,17,2,30500000.0,Colombo,7.5,Piliyandala
2600,4,4,Colombo,28,2,29000000.0,Colombo,10.0,Malabe
2800,4,4,Colombo,10,2,28000000.0,Colombo,10.0,Malabe
2900,4,4,Colombo,31,2,36000000.0,Colombo,8.5,Piliyandala
4200,4,4,Colombo,18,2,49500000.0,Colombo,10.0,Talawatugoda
1000,3,2,Kandy,3,2,18000000.0,Kandy,10.5,Kundasale
2800,4,4,Colombo,16,2,27500000.0,Colombo,11.5,Malabe
1250,3,2,Colombo,6,2,16500000.0,Colombo,7.5,Malabe
3000,4,3,Gampaha,7,2,25000000.0,Gampaha,10.0,Negombo
4200,4,4,Colombo,1,2,49500000.0,Colombo,10.0,Malabe
2900,4,3,Colombo,36,2,21000000.0,Colombo,8.0,Kottawa
3500,4,4,Colombo,40,2,45000000.0,Colombo,8.9,Battaramulla
3500,5,5,Colombo,43,2,36700000.0,Colombo,11.5,Boralesgamuwa
2498,4,4,Colombo,3,2,24800000.0,Colombo,6.5,Piliyandala
2502,4,4,Colombo,16,2,25500000.0,Colombo,7.5,Piliyandala
1500,3,3,Colombo,7,2,18500000.0,Colombo,7.5,Malabe
1900,3,2,Colombo,16,2,19000000.0,Colombo,11.4,Malabe
1350,3,2,Colombo,3,2,14000000.0,Colombo,10.0,Malabe
4000,5,3,Colombo,8,2,39000000.0,Colombo,20.0,Kottawa
2200,4,3,Colombo,7,2,22500000.0,Colombo,6.3,Malabe
2000,4,4,Colombo,20,2,23500000.0,Colombo,7.0,Malabe
2200,4,3,Colombo,49,2,26500000.0,Colombo,6.5,Malabe
3800,5,4,Colombo,6,2,45000000.0,Colombo,11.0,Talawatugoda
3000,4,4,Colombo,7,2,60000000.0,Colombo,15.0,Talawatugoda
4200,4,4,Colombo,17,2,49500000.0,Colombo,10.0,Pannipitiya
3800,4,4,Colombo,23,2,80000000.0,Colombo,16.0,Talawatugoda
2480,4,4,Colombo,17,2,27000000.0,Colombo,7.0,Kottawa
3850,4,4,Colombo,5,2,33000000.0,Colombo,10.0,Piliyandala
2500,4,3,Colombo,17,2,26000000.0,Colombo,8.5,Piliyandala
2200,4,3,Colombo,2,2,26000000.0,Colombo,7.0,Piliyandala
3499,4,4,Colombo,47,2,33000000.0,Colombo,10.0,Piliyandala
1550,3,2,Gampaha,7,2,17000000.0,Gampaha,11.0,Negombo
3200,4,4,Colombo,29,2,25500000.0,Colombo,7.5,Piliyandala
3000,4,4,Colombo,21,2,28500000.0,Colombo,7.5,Piliyandala
3000,5,3,Colombo,23,2,27000000.0,Colombo,7.5,Kottawa
2490,4,4,Colombo,5,2,24800000.0,Colombo,6.5,Piliyandala
7000,5,5,Colombo,23,2,160000000.0,Colombo,20.96,Colombo 6
6500,6,5,Colombo,17,3,44000000.0,Colombo,12.5,Talawatugoda
6500,6,5,Colombo,6,3,44000000.0,Colombo,12.5,Talawatugoda
4500,5,2,Gampaha,1,2,42500000.0,Gampaha,129.0,Gampaha City
3000,4,3,Gampaha,12,2,25000000.0,Gampaha,10.0,Negombo
3000,4,3,Colombo,2,2,33000000.0,Colombo,8.0,Pannipitiya
1800,3,3,Gampaha,9,2,17500000.0,Gampaha,211.0,Nittambuwa
4000,4,4,Colombo,6,2,49500000.0,Colombo,10.0,Talawatugoda
1400,3,2,Gampaha,2,2,9900000.0,Gampaha,10.0,Negombo
800,4,1,Galle,47,2,12000000.0,Galle,40.5,Karapitiya
1600,5,4,Galle,11,2,12500000.0,Galle,10.0,Karapitiya
1500,3,2,Colombo,41,2,15000000.0,Colombo,9.5,Piliyandala
3200,5,4,Colombo,14,2,32500000.0,Colombo,10.5,Piliyandala
2516,4,4,Colombo,3,2,25500000.0,Colombo,6.2,Boralesgamuwa
1520,3,2,Colombo,29,2,14000000.0,Colombo,8.0,Piliyandala
5000,5,7,Colombo,1,2,145000000.0,Colombo,15.0,Kotte
2986,4,4,Colombo,36,2,33000000.0,Colombo,10.0,Piliyandala
2865,4,4,Colombo,12,2,21500000.0,Colombo,9.0,Piliyandala
2874,4,4,Colombo,17,2,27500000.0,Colombo,8.0,Pannipitiya
2986,4,4,Colombo,6,2,27500000.0,Colombo,7.5,Kottawa
3014,4,4,Colombo,41,2,27000000.0,Colombo,8.0,Kottawa
2865,4,4,Colombo,1,2,27000000.0,Colombo,8.0,Pannipitiya
1542,3,2,Colombo,8,2,14000000.0,Colombo,8.0,Piliyandala
2964,4,4,Colombo,2,2,27500000.0,Colombo,7.5,Piliyandala
2865,4,4,Colombo,6,2,24800000.0,Colombo,6.0,Piliyandala
2986,4,4,Colombo,16,2,27500000.0,Colombo,7.5,Piliyandala
2200,3,3,Colombo,21,2,25000000.0,Colombo,8.4,Athurugiriya
2000,3,1,Galle,49,2,19500000.0,Galle,31.11,Karapitiya
2985,4,4,Colombo,34,2,27000000.0,Colombo,8.0,Piliyandala
3980,5,5,Colombo,8,2,36700000.0,Colombo,11.5,Piliyandala
3000,3,3,Colombo,9,2,40000000.0,Colombo,20.0,Kaduwela
3390,4,2,Kalutara,14,2,25000000.0,Kalutara,10.6,Panadura
2300,3,3,Colombo,19,2,15500000.0,Colombo,11.0,Piliyandala
2540,4,4,Colombo,10,2,24800000.0,Colombo,6.0,Piliyandala
2500,4,1,Kalutara,43,2,13800000.0,Kalutara,15.0,Kalutara City
800,2,1,Jaffna,15,1,5600000.0,Jaffna,10.0,Jaffna City
3500,5,3,Colombo,14,2,47000000.0,Colombo,15.0,Nugegoda
2750,4,4,Colombo,40,2,26000000.0,Colombo,8.5,Piliyandala
1670,3,3,Colombo,23,2,16800000.0,Colombo,11.5,Piliyandala
7700,4,4,Gampaha,10,2,175000000.0,Gampaha,107.0,Negombo
3000,5,3,Colombo,9,2,27000000.0,Colombo,7.5,Piliyandala
2000,4,2,Kalutara,40,2,15500000.0,Kalutara,10.0,Wadduwa
2400,5,3,Colombo,9,2,57500000.0,Colombo,10.0,Talawatugoda
1200,3,2,Colombo,3,2,11500000.0,Colombo,10.0,Homagama
3200,6,4,Colombo,50,3,30000000.0,Colombo,13.0,Talawatugoda
1850,3,2,Colombo,33,2,17000000.0,Colombo,12.9,Talawatugoda
4000,5,4,Gampaha,5,2,55000000.0,Gampaha,12.0,Wattala
3850,4,4,Colombo,8,2,33000000.0,Colombo,10.0,Piliyandala
2700,5,3,Colombo,46,2,27000000.0,Colombo,7.5,Piliyandala
6200,6,5,Colombo,8,3,100000000.0,Colombo,20.5,Talawatugoda
5000,5,7,Colombo,47,2,145000000.0,Colombo,15.0,Kotte
2100,3,1,Gampaha,47,2,14800000.0,Gampaha,14.2,Kandana
2000,3,2,Gampaha,10,2,19500000.0,Gampaha,12.5,Negombo
1350,3,1,Gampaha,32,2,9900000.0,Gampaha,10.0,Negombo
2100,4,2,Gampaha,2,2,13000000.0,Gampaha,11.0,Negombo
3150,4,3,Gampaha,7,2,26500000.0,Gampaha,10.5,Negombo
2500,4,3,Gampaha,2,2,29500000.0,Gampaha,20.0,Negombo
2800,5,4,Colombo,50,2,29500000.0,Colombo,11.0,Boralesgamuwa
3500,6,4,Colombo,20,3,34000000.0,Colombo,16.0,Kottawa
1369,4,3,Kandy,13,2,140000000.0,Kandy,5.03,Kandy City
3000,4,3,Badulla,2,2,22500000.0,Badulla,47.0,Bandarawela
1610,3,2,Gampaha,4,2,20500000.0,Gampaha,10.0,Negombo
3150,4,3,Gampaha,13,2,26500000.0,Gampaha,10.5,Negombo
3000,6,4,Colombo,3,3,65000000.0,Colombo,19.1,Kotte
3000,4,2,Colombo,24,2,19500000.0,Colombo,4.0,Colombo 9
1600,3,2,Gampaha,33,2,22500000.0,Gampaha,10.0,Ganemulla
3000,4,4,Colombo,40,2,60000000.0,Colombo,15.0,Talawatugoda
2500,4,2,Badulla,32,2,7500000.0,Badulla,65.0,Bandarawela
4800,5,4,Colombo,39,2,115000000.0,Colombo,22.0,Talawatugoda
3300,4,3,Colombo,6,2,42500000.0,Colombo,11.0,Talawatugoda
1404,4,6,Colombo,24,2,22000000.0,Colombo,10.0,Moratuwa
3500,4,3,Colombo,9,2,69000000.0,Colombo,10.0,Nawala
4000,3,2,Colombo,46,2,40000000.0,Colombo,7.0,Talawatugoda
3000,4,3,Colombo,47,2,47500000.0,Colombo,10.0,Talawatugoda
2560,5,4,Colombo,43,2,26000000.0,Colombo,9.5,Moratuwa
4000,5,4,Colombo,11,2,65000000.0,Colombo,10.0,Talawatugoda
4000,4,3,Colombo,7,2,84000000.0,Colombo,15.0,Battaramulla
2800,4,4,Colombo,27,2,21500000.0,Colombo,8.5,Boralesgamuwa
2400,4,2,Gampaha,6,2,13000000.0,Gampaha,11.0,Negombo
1600,3,2,Gampaha,17,2,20500000.0,Gampaha,10.0,Negombo
4800,4,2,Gampaha,39,2,23000000.0,Gampaha,18.4,Kandana
3000,6,2,Kalutara,1,3,20000000.0,Kalutara,30.0,Horana
800,3,2,Gampaha,21,2,13000000.0,Gampaha,6.0,Ja-Ela
2100,4,2,Gampaha,13,2,13000000.0,Gampaha,11.0,Negombo
1800,4,2,Gampaha,3,2,18025000.0,Gampaha,10.6,Kandana
2700,4,2,Gampaha,3,2,20000000.0,Gampaha,17.0,Ganemulla
1500,3,1,Colombo,45,2,13000000.0,Colombo,10.0,Athurugiriya
1356,3,2,Colombo,17,2,23800000.0,Colombo,6.5,Piliyandala
1365,3,2,Colombo,33,2,23800000.0,Colombo,6.5,Piliyandala
2500,4,4,Colombo,31,2,23500000.0,Colombo,6.0,Malabe
1365,3,2,Colombo,34,2,23800000.0,Colombo,6.5,Piliyandala
2400,4,4,Colombo,48,2,21500000.0,Colombo,9.0,Piliyandala
2400,4,5,Colombo,14,2,25500000.0,Colombo,7.0,Piliyandala
800,3,1,Galle,13,2,6500000.0,Galle,10.0,Ahangama
1950,4,3,Colombo,8,2,22500000.0,Colombo,6.4,Malabe
1070,3,2,Colombo,26,2,14200000.0,Colombo,7.6,Malabe
3600,4,3,Colombo,16,2,360000000.0,Colombo,7.8,Malabe
3000,3,3,Colombo,46,2,23000000.0,Colombo,6.5,Piliyandala
1770,3,2,Colombo,10,2,24800000.0,Colombo,8.5,Homagama
2500,6,2,Colombo,12,3,25500000.0,Colombo,10.0,Malabe
2400,4,3,Colombo,5,2,26000000.0,Colombo,10.5,Malabe
3000,5,4,Kandy,25,2,13500000.0,Kandy,13.5,Digana
3600,5,4,Colombo,15,2,35000000.0,Colombo,8.0,Malabe
1200,3,3,Colombo,43,2,29500000.0,Colombo,16.5,Malabe
2500,4,3,Gampaha,24,2,29500000.0,Gampaha,20.0,Negombo
1250,3,2,Colombo,1,2,26500000.0,Colombo,7.0,Malabe
2500,3,1,Gampaha,4,2,6500000.0,Gampaha,15.0,Nittambuwa
2000,3,1,Colombo,41,2,15500000.0,Colombo,6.8,Malabe
3150,4,3,Gampaha,2,2,26500000.0,Gampaha,10.5,Negombo
1400,3,2,Colombo,45,2,16000000.0,Colombo,10.5,Malabe
1300,3,2,Colombo,2,2,17000000.0,Colombo,7.5,Malabe
2750,4,3,Colombo,18,2,35000000.0,Colombo,10.0,Athurugiriya
2100,3,3,Colombo,24,2,19000000.0,Colombo,8.0,Athurugiriya
2000,4,2,Colombo,49,2,25000000.0,Colombo,7.0,Athurugiriya
1800,3,3,Colombo,8,2,18500000.0,Colombo,10.0,Athurugiriya
2100,4,4,Colombo,4,2,20500000.0,Colombo,6.0,Athurugiriya
3300,5,4,Colombo,11,2,31500000.0,Colombo,10.0,Athurugiriya
2240,3,3,Galle,48,2,47250000.0,Galle,9.0,Galle City
1150,3,2,Colombo,2,2,11000000.0,Colombo,8.0,Athurugiriya
2900,4,3,Colombo,7,2,25000000.0,Colombo,10.0,Athurugiriya
2700,4,3,Colombo,23,2,35500000.0,Colombo,6.0,Dehiwala
3300,4,2,Colombo,8,2,55000000.0,Colombo,11.0,Battaramulla
2800,4,4,Colombo,2,2,28000000.0,Colombo,10.0,Malabe
2600,4,4,Colombo,48,2,29000000.0,Colombo,10.0,Malabe
3258,4,4,Colombo,23,2,25500000.0,Colombo,7.5,Piliyandala
1000,7,2,Colombo,23,4,35000000.0,Colombo,6.0,Kolonnawa
2250,4,4,Colombo,28,2,21500000.0,Colombo,9.0,Piliyandala
2600,4,4,Colombo,27,2,34000000.0,Colombo,8.5,Piliyandala
4500,7,6,Colombo,11,4,75000000.0,Colombo,8.3,Colombo 5
1350,3,2,Colombo,10,2,14500000.0,Colombo,10.0,Malabe
2900,4,4,Colombo,43,2,22000000.0,Colombo,9.0,Boralesgamuwa
2900,4,3,Colombo,12,2,33000000.0,Colombo,8.0,Kottawa
3100,4,4,Colombo,11,2,21500000.0,Colombo,9.0,Boralesgamuwa
1100,3,2,Colombo,45,2,14200000.0,Colombo,7.6,Malabe
2800,4,3,Colombo,3,2,27500000.0,Colombo,11.5,Malabe
3000,6,4,Colombo,47,3,47500000.0,Colombo,10.0,Nugegoda
1800,3,2,Colombo,20,2,25000000.0,Colombo,10.0,Boralesgamuwa
3000,5,3,Colombo,9,2,37500000.0,Colombo,16.0,Malabe
2850,4,3,Colombo,16,2,49500000.0,Colombo,10.12,Malabe
2600,5,3,Colombo,31,2,30000000.0,Colombo,6.5,Dehiwala
3500,4,3,Colombo,38,2,47500000.0,Colombo,7.0,Battaramulla
3000,4,4,Colombo,1,2,53000000.0,Colombo,16.0,Talawatugoda
3300,3,2,Colombo,11,2,40000000.0,Colombo,7.0,Talawatugoda
2500,7,2,Matara,1,4,15000000.0,Matara,15.0,Matara City
1900,3,1,Gampaha,4,2,5500000.0,Gampaha,18.0,Minuwangoda
6000,5,4,Colombo,1,2,87500000.0,Colombo,14.0,Maharagama
2800,4,3,Colombo,19,2,28500000.0,Colombo,10.0,Maharagama
3200,4,4,Colombo,22,2,30000000.0,Colombo,10.0,Boralesgamuwa
6000,4,3,Colombo,42,2,338000000.0,Colombo,20.5,Colombo 7
3200,4,4,Colombo,49,2,34000000.0,Colombo,10.0,Athurugiriya
3000,4,1,Gampaha,1,2,6500000.0,Gampaha,12.0,Gampaha City
3000,3,3,Colombo,2,2,69000000.0,Colombo,13.8,Dehiwala
5195,4,5,Colombo,11,2,47500000.0,Colombo,12.34,Athurugiriya
2000,3,3,Kalutara,7,2,11000000.0,Kalutara,8.0,Panadura
1350,3,1,Gampaha,26,2,23500000.0,Gampaha,29.0,Negombo
499,1,1,Jaffna,32,1,3500000.0,Jaffna,6.0,Nallur
850,3,2,Kandy,24,2,4000000.0,Kandy,12.0,Peradeniya
2400,7,4,Colombo,35,4,30000000.0,Colombo,2.5,Colombo 3
3600,4,3,Colombo,46,2,36000000.0,Colombo,7.8,Malabe
1800,4,2,Gampaha,20,2,14000000.0,Gampaha,15.0,Gampaha City
4850,5,3,Colombo,16,2,55000000.0,Colombo,8.0,Dehiwala
3000,4,4,Colombo,1,2,36000000.0,Colombo,10.0,Malabe
2400,4,4,Colombo,26,2,26000000.0,Colombo,10.5,Malabe
2100,4,2,Gampaha,36,2,13000000.0,Gampaha,11.0,Negombo
1563,3,3,Colombo,10,2,18500000.0,Colombo,8.0,Piliyandala
2985,4,4,Colombo,10,2,24800000.0,Colombo,6.0,Piliyandala
2875,3,3,Colombo,3,2,21500000.0,Colombo,9.5,Piliyandala
3102,4,4,Colombo,43,2,33000000.0,Colombo,10.0,Piliyandala
2986,4,5,Colombo,31,2,25500000.0,Colombo,7.5,Piliyandala
3267,5,1,Kandy,46,2,9500000.0,Kandy,68.0,Digana
5500,4,4,Gampaha,8,2,95000000.0,Gampaha,28.0,Kiribathgoda
3150,4,3,Gampaha,17,2,26500000.0,Gampaha,10.5,Negombo
1000,3,1,Colombo,9,2,8200000.0,Colombo,7.0,Homagama
1325,3,1,Gampaha,3,2,9900000.0,Gampaha,10.0,Negombo
2400,4,3,Colombo,6,2,24800000.0,Colombo,6.0,Piliyandala
1500,4,1,Hambantota,43,2,12000000.0,Hambantota,23.0,Ambalantota
2500,4,3,Gampaha,2,2,29500000.0,Gampaha,20.0,Negombo
1200,2,1,Colombo,39,1,7500000.0,Colombo,11.2,Piliyandala
3800,7,4,Gampaha,7,4,55000000.0,Gampaha,15.0,Wattala
400,6,3,Gampaha,46,3,40000000.0,Gampaha,14.0,Kelaniya
6100,6,5,Colombo,9,3,120000000.0,Colombo,16.5,Talawatugoda
2000,4,2,Colombo,33,2,16000000.0,Colombo,17.0,Athurugiriya
2407,5,2,Kurunegala,8,2,9000000.0,Kurunegala,24.0,Kurunegala City
1188,1,1,Gampaha,9,1,6000000.0,Gampaha,14.0,Gampaha City
1500,4,2,Colombo,42,2,240000000.0,Colombo,4.7,Mount Lavinia
2500,3,2,Colombo,26,2,35000000.0,Colombo,20.0,Pannipitiya
2500,3,3,Gampaha,38,2,26500000.0,Gampaha,7.0,Kadawatha
3800,5,4,Colombo,40,2,45000000.0,Colombo,11.0,Talawatugoda
4200,4,4,Colombo,45,2,49500000.0,Colombo,10.0,Talawatugoda
2500,5,7,Colombo,37,2,64000000.0,Colombo,17.5,Pannipitiya
3300,3,2,Colombo,6,2,40000000.0,Colombo,7.0,Talawatugoda
3000,4,3,Colombo,40,2,110000000.0,Colombo,50.0,Talawatugoda
3800,5,4,Colombo,36,2,47500000.0,Colombo,14.8,Talawatugoda
3300,4,4,Colombo,50,2,44000000.0,Colombo,7.7,Talawatugoda
4000,4,4,Colombo,37,2,60000000.0,Colombo,15.0,Talawatugoda
3500,5,4,Colombo,22,2,46000000.0,Colombo,10.5,Nugegoda
5000,8,5,Colombo,4,4,42500000.0,Colombo,13.2,Nugegoda
4000,6,6,Colombo,32,3,63000000.0,Colombo,12.0,Nugegoda
7100,6,5,Colombo,12,3,15500000.0,Colombo,27.0,Nugegoda
2800,4,3,Colombo,1,2,26500000.0,Colombo,6.5,Malabe
3200,4,4,Colombo,16,2,36000000.0,Colombo,10.0,Malabe
4000,5,4,Colombo,19,2,65000000.0,Colombo,12.5,Malabe
2675,4,3,Colombo,16,2,48000000.0,Colombo,10.12,Malabe
2500,5,3,Kandy,10,2,25000000.0,Kandy,20.0,Kandy City
4900,4,4,Colombo,41,2,80000000.0,Colombo,16.0,Kotte
3500,4,4,Colombo,1,2,60000000.0,Colombo,13.0,Kotte
2200,4,3,Colombo,49,2,22500000.0,Colombo,6.3,Malabe
3200,4,4,Colombo,10,2,100000000.0,Colombo,10.0,Kotte
2200,4,3,Colombo,14,2,26500000.0,Colombo,6.5,Malabe
1400,3,2,Gampaha,9,2,9900000.0,Gampaha,10.0,Negombo
2500,3,2,Colombo,12,2,18250000.0,Colombo,12.0,Wellampitiya
1480,3,2,Colombo,26,2,12000000.0,Colombo,11.5,Kottawa
3000,5,4,Colombo,16,2,36500000.0,Colombo,10.0,Athurugiriya
2934,5,2,Colombo,10,2,21000000.0,Colombo,10.3,Homagama
1450,3,2,Matara,28,2,9500000.0,Matara,24.0,Hakmana
5500,5,5,Colombo,2,2,85000000.0,Colombo,45.0,Maharagama
3000,4,4,Colombo,19,2,33000000.0,Colombo,8.0,Kottawa
4500,4,4,Gampaha,43,2,47000000.0,Gampaha,14.7,Negombo
4000,4,3,Colombo,40,2,29500000.0,Colombo,8.0,Kottawa
1380,3,2,Colombo,32,2,13000000.0,Colombo,9.5,Homagama
4000,5,3,Colombo,38,2,65000000.0,Colombo,10.0,Battaramulla
4000,4,4,Colombo,6,2,90000000.0,Colombo,10.0,Kotte
3350,5,4,Colombo,7,2,96000000.0,Colombo,13.5,Battaramulla
3800,4,4,Colombo,39,2,45000000.0,Colombo,7.0,Battaramulla
4500,5,4,Colombo,39,2,115000000.0,Colombo,22.0,Battaramulla
5500,4,4,Colombo,1,2,85000000.0,Colombo,12.0,Battaramulla
4000,5,4,Colombo,10,2,75000000.0,Colombo,14.0,Battaramulla
2600,4,4,Colombo,22,2,25500000.0,Colombo,7.0,Piliyandala
1580,3,2,Gampaha,19,2,20500000.0,Gampaha,10.0,Negombo
4000,5,4,Colombo,24,2,75000000.0,Colombo,14.0,Malabe
3000,5,1,Badulla,26,2,9000000.0,Badulla,140.0,Bandarawela
3600,6,4,Colombo,2,3,33500000.0,Colombo,16.2,Kottawa
2400,4,3,Colombo,25,2,27000000.0,Colombo,7.0,Kottawa
1500,5,3,Colombo,46,2,9000000.0,Colombo,3.0,Wellampitiya
1900,3,3,Colombo,9,2,26000000.0,Colombo,7.0,Athurugiriya
1800,5,3,Gampaha,16,2,38500000.0,Gampaha,7.0,Wattala
1300,4,2,Colombo,49,2,14300000.0,Colombo,18.0,Piliyandala
2400,4,3,Colombo,10,2,24800000.0,Colombo,6.0,Piliyandala
2500,5,3,Colombo,21,2,17500000.0,Colombo,10.0,Kottawa
1800,4,4,Colombo,48,2,17500000.0,Colombo,7.5,Kottawa
1830,4,2,Colombo,47,2,17500000.0,Colombo,13.0,Kottawa
3000,4,4,Colombo,1,2,28500000.0,Colombo,15.0,Piliyandala
3658,5,3,Gampaha,5,2,10000000.0,Gampaha,13.5,Kandana
2300,4,4,Colombo,34,2,21500000.0,Colombo,9.5,Piliyandala
1200,3,1,Galle,8,2,15000000.0,Galle,10.0,Galle City
1800,3,3,Colombo,1,2,23500000.0,Colombo,8.0,Piliyandala
2750,4,2,Gampaha,2,2,13000000.0,Gampaha,11.0,Negombo
2400,4,3,Colombo,48,2,26000000.0,Colombo,7.0,Piliyandala
1300,3,2,Colombo,15,2,16000000.0,Colombo,7.5,Piliyandala
2500,3,2,Colombo,17,2,70000000.0,Colombo,14.0,Kotte
3000,4,2,Colombo,10,2,22000000.0,Colombo,15.4,Piliyandala
1325,3,1,Gampaha,12,2,9900000.0,Gampaha,10.0,Negombo
3250,5,4,Colombo,14,2,23500000.0,Colombo,7.0,Piliyandala
2600,4,4,Colombo,42,2,29000000.0,Colombo,10.0,Malabe
2800,4,4,Colombo,1,2,28000000.0,Colombo,10.0,Malabe
1200,3,3,Colombo,43,2,14000000.0,Colombo,12.0,Piliyandala
3000,6,5,Colombo,44,3,33500000.0,Colombo,16.0,Kottawa
1350,3,2,Colombo,25,2,14000000.0,Colombo,10.0,Athurugiriya
820,3,2,Colombo,34,2,15000000.0,Colombo,4.0,Colombo 5
1500,3,2,Colombo,5,2,16500000.0,Colombo,7.5,Athurugiriya
2000,3,4,Colombo,35,2,42000000.0,Colombo,5.24,Dehiwala
3000,4,3,Colombo,49,2,35000000.0,Colombo,19.0,Piliyandala
2000,3,3,Colombo,24,2,20500000.0,Colombo,6.5,Athurugiriya
950,2,1,Colombo,42,1,6500000.0,Colombo,4.5,Piliyandala
2067,5,4,Colombo,28,2,22000000.0,Colombo,6.0,Athurugiriya
2200,4,3,Colombo,10,2,23000000.0,Colombo,7.0,Athurugiriya
3700,5,4,Colombo,22,2,30500000.0,Colombo,8.0,Piliyandala
2700,6,3,Colombo,26,3,67500000.0,Colombo,27.0,Talawatugoda
1400,3,2,Gampaha,3,2,9900000.0,Gampaha,10.0,Negombo
1500,3,1,Gampaha,7,2,7200000.0,Gampaha,9.0,Ganemulla
1600,3,2,Gampaha,33,2,20500000.0,Gampaha,10.0,Negombo
3000,4,3,Colombo,30,2,110000000.0,Colombo,50.2,Talawatugoda
2800,5,7,Colombo,24,2,64000000.0,Colombo,17.5,Talawatugoda
3000,4,4,Colombo,18,2,60000000.0,Colombo,15.0,Talawatugoda
4500,4,5,Gampaha,39,2,47000000.0,Gampaha,14.7,Negombo
3400,5,4,Colombo,9,2,23500000.0,Colombo,10.0,Piliyandala
1600,3,2,Gampaha,10,2,20500000.0,Gampaha,10.0,Negombo
2500,4,5,Colombo,17,2,25500000.0,Colombo,7.0,Piliyandala
1000,2,1,Colombo,4,1,4500000.0,Colombo,4.0,Wellampitiya
2500,6,4,Colombo,9,3,18000000.0,Colombo,10.0,Wellampitiya
2259,5,3,Colombo,10,2,16500000.0,Colombo,13.5,Piliyandala
4200,4,4,Colombo,7,2,49500000.0,Colombo,10.0,Talawatugoda
1350,3,2,Colombo,19,2,14000000.0,Colombo,10.0,Malabe
1900,4,2,Colombo,25,2,19000000.0,Colombo,11.4,Malabe
1700,4,2,Kegalle,4,2,12000000.0,Kegalle,11.0,Ruwanwella
1500,3,3,Colombo,21,2,18500000.0,Colombo,7.5,Malabe
2100,4,4,Gampaha,22,2,31500000.0,Gampaha,13.2,Negombo
982,2,1,Colombo,22,1,8800000.0,Colombo,10.0,Meegoda
1100,2,2,Colombo,41,1,11500000.0,Colombo,8.0,Piliyandala
1450,4,2,Colombo,18,2,10800000.0,Colombo,18.5,Kesbewa
1600,3,3,Colombo,22,2,17900000.0,Colombo,11.0,Piliyandala
1425,4,1,Gampaha,4,2,3700000.0,Gampaha,20.0,Divulapitiya
1500,2,1,Gampaha,10,1,7300000.0,Gampaha,8.0,Ganemulla
2800,4,4,Colombo,47,2,27500000.0,Colombo,11.5,Malabe
1600,3,2,Gampaha,2,2,20500000.0,Gampaha,10.0,Negombo
3000,4,4,Colombo,3,2,36000000.0,Colombo,10.0,Malabe
3800,7,4,Colombo,18,4,27000000.0,Colombo,10.0,Malabe
4300,4,4,Colombo,29,2,25000000.0,Colombo,11.0,Malabe
3000,5,4,Colombo,3,2,40000000.0,Colombo,10.0,Piliyandala
3850,4,4,Colombo,6,2,33000000.0,Colombo,10.0,Piliyandala
2500,4,3,Colombo,14,2,26000000.0,Colombo,8.5,Piliyandala
2200,4,3,Colombo,43,2,26000000.0,Colombo,7.0,Piliyandala
2600,5,3,Colombo,39,2,25500000.0,Colombo,6.2,Piliyandala
3500,4,3,Gampaha,8,2,26500000.0,Gampaha,10.0,Negombo
2500,4,3,Gampaha,13,2,29500000.0,Gampaha,20.0,Negombo
1481,4,2,Ratnapura,5,2,9500000.0,Ratnapura,24.0,Pelmadulla
2100,3,2,Gampaha,7,2,23500000.0,Gampaha,15.0,Kadawatha
2874,4,4,Colombo,36,2,27500000.0,Colombo,8.0,Piliyandala
1528,3,3,Colombo,3,2,18500000.0,Colombo,8.0,Piliyandala
1600,3,3,Colombo,7,2,18000000.0,Colombo,8.0,Kottawa
3980,5,5,Colombo,34,2,36700000.0,Colombo,11.5,Piliyandala
3300,3,2,Colombo,23,2,40000000.0,Colombo,7.0,Talawatugoda
1600,3,2,Gampaha,10,2,20500000.0,Gampaha,10.0,Negombo
3150,4,3,Gampaha,5,2,26500000.0,Gampaha,10.5,Negombo
2100,4,2,Gampaha,31,2,13000000.0,Gampaha,11.0,Negombo
3000,4,3,Colombo,33,2,42000000.0,Colombo,10.0,Pannipitiya
3500,4,3,Gampaha,17,2,29500000.0,Gampaha,20.0,Negombo
2800,4,4,Colombo,50,2,24800000.0,Colombo,6.5,Piliyandala
4000,5,4,Colombo,47,2,65000000.0,Colombo,10.0,Malabe
3000,4,3,Colombo,9,2,42000000.0,Colombo,10.0,Talawatugoda
2990,4,2,Colombo,26,2,33000000.0,Colombo,13.0,Angoda
2000,3,3,Gampaha,3,2,20500000.0,Gampaha,10.0,Negombo
3000,6,5,Gampaha,17,3,40000000.0,Gampaha,13.0,Kandana
800,4,1,Gampaha,23,2,13800000.0,Gampaha,11.5,Kelaniya
1650,3,2,Gampaha,15,2,19500000.0,Gampaha,12.5,Negombo
3200,5,3,Gampaha,14,2,22500000.0,Gampaha,14.4,Ragama
1600,3,2,Gampaha,13,2,20500000.0,Gampaha,10.0,Negombo
1450,4,2,Kalutara,41,2,9000000.0,Kalutara,15.0,Panadura
1280,3,2,Colombo,16,2,11500000.0,Colombo,6.4,Kottawa
3200,4,4,Colombo,3,2,28500000.0,Colombo,8.0,Piliyandala
3500,4,4,Colombo,19,2,33000000.0,Colombo,10.0,Piliyandala
3000,4,3,Gampaha,19,2,25000000.0,Gampaha,10.0,Negombo
2400,4,4,Colombo,10,2,21500000.0,Colombo,9.0,Piliyandala
3250,6,4,Colombo,5,3,44000000.0,Colombo,10.0,Maharagama
3500,7,5,Colombo,15,4,360000000.0,Colombo,7.5,Dehiwala
2400,4,4,Colombo,33,2,27000000.0,Colombo,7.0,Pannipitiya
1542,3,2,Colombo,35,2,14000000.0,Colombo,8.0,Piliyandala
2982,4,4,Colombo,6,2,28000000.0,Colombo,10.0,Piliyandala
9000,5,5,Colombo,16,2,120000000.0,Colombo,16.0,Talawatugoda
3250,4,3,Colombo,12,2,38000000.0,Colombo,10.8,Battaramulla
2300,4,3,Colombo,43,2,19500000.0,Colombo,10.65,Malabe
2200,4,2,Colombo,47,2,17000000.0,Colombo,7.5,Kottawa
2500,4,3,Colombo,10,2,67500000.0,Colombo,36.5,Nugegoda
2500,5,3,Colombo,16,2,25000000.0,Colombo,8.2,Kottawa
1500,2,2,Colombo,31,1,18000000.0,Colombo,6.8,Athurugiriya
1875,3,2,Colombo,7,2,29100000.0,Colombo,13.0,Nugegoda
2950,5,3,Colombo,45,2,19800000.0,Colombo,8.0,Athurugiriya
1600,3,2,Colombo,12,2,23000000.0,Colombo,34.68,Kottawa
4500,7,5,Colombo,42,4,55000000.0,Colombo,11.3,Nugegoda
1950,4,3,Colombo,47,2,22500000.0,Colombo,6.35,Malabe
1500,4,6,Colombo,6,2,21000000.0,Colombo,10.0,Moratuwa
4000,5,4,Colombo,24,2,46000000.0,Colombo,10.0,Nugegoda
1280,2,2,Colombo,11,1,12300000.0,Colombo,6.8,Kesbewa
1280,2,2,Colombo,8,1,12300000.0,Colombo,8.0,Kottawa
4000,4,4,Colombo,29,2,26500000.0,Colombo,9.0,Piliyandala
3500,5,3,Colombo,35,2,38500000.0,Colombo,14.2,Nugegoda
3500,5,5,Colombo,9,2,85000000.0,Colombo,16.0,Battaramulla
3200,4,3,Kandy,35,2,45000000.0,Kandy,91.0,Peradeniya
2500,5,2,Colombo,21,2,22000000.0,Colombo,6.0,Athurugiriya
1700,3,1,Colombo,34,2,21500000.0,Colombo,16.0,Talawatugoda
3800,6,5,Colombo,46,3,152000000.0,Colombo,18.0,Nawala
2000,4,4,Colombo,46,2,34800000.0,Colombo,8.5,Mount Lavinia
1200,5,3,Colombo,5,2,43500000.0,Colombo,19.0,Mount Lavinia
1280,3,1,Colombo,1,2,8800000.0,Colombo,15.0,Homagama
730,3,1,Matara,4,2,4300000.0,Matara,10.0,Kamburugamuwa
3500,4,3,Colombo,2,2,70000000.0,Colombo,10.0,Nawala
1200,2,1,Colombo,2,1,18000000.0,Colombo,18.75,Kaduwela
2000,4,3,Colombo,8,2,22000000.0,Colombo,4.0,Mount Lavinia
2500,5,3,Colombo,24,2,55000000.0,Colombo,12.0,Battaramulla
2000,3,2,Gampaha,10,2,15500000.0,Gampaha,12.0,Ganemulla
1400,3,1,Ratnapura,1,2,7500000.0,Ratnapura,147.0,Balangoda
1000,2,1,Kurunegala,50,1,9500000.0,Kurunegala,15.8,Kurunegala City
3200,5,4,Colombo,11,2,28500000.0,Colombo,10.0,Malabe
1850,3,2,Colombo,18,2,24500000.0,Colombo,11.0,Talawatugoda
2000,5,3,Gampaha,20,2,24000000.0,Gampaha,10.0,Kiribathgoda
2200,5,2,Kalutara,15,2,24000000.0,Kalutara,20.0,Wadduwa
3100,4,3,Colombo,10,2,35000000.0,Colombo,12.0,Malabe
1600,3,2,Gampaha,31,2,20500000.0,Gampaha,10.0,Negombo
2300,4,3,Kalutara,8,2,29500000.0,Kalutara,12.0,Panadura
7100,6,5,Colombo,9,3,170000000.0,Colombo,27.0,Nugegoda
4200,5,4,Colombo,19,2,66000000.0,Colombo,29.0,Battaramulla
4000,5,4,Colombo,20,2,74000000.0,Colombo,23.5,Battaramulla
400,2,1,Colombo,23,1,7500000.0,Colombo,2.0,Colombo 2
4900,4,4,Colombo,3,2,85000000.0,Colombo,16.0,Kotte
2800,3,3,Colombo,36,2,46000000.0,Colombo,6.0,Battaramulla
1200,4,2,Colombo,41,2,14000000.0,Colombo,4.5,Moratuwa
2100,4,2,Gampaha,2,2,13000000.0,Gampaha,11.0,Negombo
550,1,2,Colombo,6,1,3800000.0,Colombo,1.0,Colombo 9
4000,5,4,Colombo,25,2,75000000.0,Colombo,11.0,Talawatugoda
4500,4,4,Gampaha,20,2,37500000.0,Gampaha,12.0,Kandana
1800,4,2,Colombo,37,2,15500000.0,Colombo,12.0,Maharagama
2675,4,4,Colombo,8,2,49500000.0,Colombo,10.12,Malabe
3900,5,4,Colombo,19,2,73000000.0,Colombo,15.61,Nugegoda
3150,4,3,Gampaha,5,2,26500000.0,Gampaha,10.5,Negombo
3500,5,3,Gampaha,21,2,38000000.0,Gampaha,20.0,Kadawatha
2000,3,2,Colombo,38,2,21000000.0,Colombo,6.2,Talawatugoda
4000,8,7,Colombo,2,4,50000000.0,Colombo,8.8,Boralesgamuwa
2900,4,3,Colombo,33,2,33000000.0,Colombo,8.0,Kottawa
2000,3,2,Colombo,48,2,49115000.0,Colombo,20.9,Talawatugoda
2600,4,4,Colombo,3,2,27000000.0,Colombo,8.0,Kottawa
3300,6,4,Colombo,4,3,44000000.0,Colombo,10.0,Maharagama
5000,8,3,Colombo,26,4,150000000.0,Colombo,105.0,Rajagiriya
1000,2,2,Gampaha,10,1,4500000.0,Gampaha,4.5,Kadawatha
3412,4,4,Colombo,47,2,33000000.0,Colombo,10.0,Piliyandala
6000,5,5,Colombo,1,2,140000000.0,Colombo,16.0,Nugegoda
2501,4,4,Colombo,48,2,24800000.0,Colombo,6.5,Piliyandala
1000,1,1,Gampaha,4,1,3500000.0,Gampaha,4.5,Seeduwa
4400,4,4,Colombo,40,2,33000000.0,Colombo,10.0,Piliyandala
6411,5,3,Gampaha,9,2,19800000.0,Gampaha,23.55,Kadawatha
3980,5,5,Colombo,49,2,36700000.0,Colombo,11.5,Piliyandala
1800,3,2,Colombo,26,2,13430000.0,Colombo,15.8,Hanwella
3850,5,5,Colombo,44,2,36700000.0,Colombo,11.5,Kottawa
3500,4,3,Colombo,46,2,55000000.0,Colombo,12.0,Kotte
3500,7,6,Colombo,13,4,66500000.0,Colombo,11.0,Nawala
4628,3,1,Matara,2,2,5000000.0,Matara,17.0,Kekanadurra
4500,4,5,Gampaha,35,2,47000000.0,Gampaha,14.7,Negombo
3000,5,3,Gampaha,20,2,55000000.0,Gampaha,12.0,Wattala
2670,7,7,Colombo,10,4,65000000.0,Colombo,9.8,Dehiwala
2500,4,3,Colombo,5,2,41000000.0,Colombo,15.5,Maharagama
3450,6,4,Colombo,8,3,32500000.0,Colombo,10.0,Talawatugoda
4000,4,3,Colombo,15,2,19800000.0,Colombo,10.0,Homagama
3850,4,4,Colombo,50,2,33000000.0,Colombo,10.0,Piliyandala
2000,6,2,Colombo,45,3,32000000.0,Colombo,6.0,Wellampitiya
3280,4,5,Colombo,3,2,25500000.0,Colombo,7.0,Piliyandala
2500,4,2,Colombo,10,2,30000000.0,Colombo,12.5,Athurugiriya
3168,4,2,Kalutara,4,2,28000000.0,Kalutara,40.0,Panadura
2400,4,4,Colombo,48,2,27000000.0,Colombo,7.0,Kottawa
1500,5,3,Colombo,7,2,15000000.0,Colombo,3.0,Wellampitiya
654,3,2,Colombo,4,2,5000000.0,Colombo,2.3,Colombo 15
1325,3,1,Gampaha,19,2,9900000.0,Gampaha,10.0,Negombo
2400,4,3,Colombo,27,2,24800000.0,Colombo,6.0,Piliyandala
2300,4,2,Kurunegala,24,2,15000000.0,Kurunegala,13.0,Kurunegala City
500,2,3,Colombo,7,1,6750000.0,Colombo,2.0,Colombo 5
3150,4,3,Gampaha,4,2,26500000.0,Gampaha,10.5,Negombo
1900,1,1,Colombo,25,1,17000000.0,Colombo,15.0,Athurugiriya
2000,4,2,Colombo,10,2,16000000.0,Colombo,17.0,Athurugiriya
950,3,2,Colombo,44,2,18500000.0,Colombo,3.0,Athurugiriya
2100,3,2,Gampaha,10,2,12000000.0,Gampaha,10.0,Ganemulla
3000,4,4,Colombo,10,2,29500000.0,Colombo,8.0,Piliyandala
1500,4,2,Gampaha,8,2,14900000.0,Gampaha,40.0,Mirigama
2501,4,4,Colombo,20,2,25500000.0,Colombo,7.0,Piliyandala
1800,3,2,Colombo,20,2,9500000.0,Colombo,8.0,Homagama
1700,3,1,Gampaha,16,2,18000000.0,Gampaha,17.5,Negombo
2600,4,4,Colombo,29,2,26000000.0,Colombo,5.5,Ratmalana
7500,5,5,Colombo,19,2,125000000.0,Colombo,15.0,Talawatugoda
3899,4,4,Colombo,17,2,40000000.0,Colombo,10.0,Talawatugoda
4200,5,4,Colombo,47,2,59000000.0,Colombo,24.0,Talawatugoda
3200,4,4,Colombo,8,2,29000000.0,Colombo,10.0,Talawatugoda
3200,4,4,Colombo,2,2,32000000.0,Colombo,9.0,Talawatugoda
2800,4,3,Colombo,26,2,29000000.0,Colombo,13.5,Talawatugoda
3500,4,4,Colombo,19,2,38000000.0,Colombo,10.5,Colombo 4
1500,2,2,Colombo,40,1,13000000.0,Colombo,2.0,Colombo 10
2800,4,4,Colombo,4,2,21500000.0,Colombo,9.0,Piliyandala
2800,8,2,Batticaloa,26,4,16000000.0,Batticaloa,9.22,Batticaloa City
3200,4,4,Colombo,48,2,29500000.0,Colombo,8.0,Piliyandala
2000,3,2,Colombo,41,2,10500000.0,Colombo,10.0,Piliyandala
3200,4,4,Colombo,44,2,22500000.0,Colombo,10.0,Piliyandala
1800,3,1,Gampaha,10,2,12500000.0,Gampaha,10.0,Ganemulla
700,2,1,Colombo,30,1,7500000.0,Colombo,2.5,Colombo 9
2800,4,4,Colombo,46,2,21000000.0,Colombo,9.0,Piliyandala
2750,4,3,Gampaha,45,2,30000000.0,Gampaha,10.25,Kadawatha
5825,4,4,Colombo,1,2,165000000.0,Colombo,15.5,Colombo 8
1900,4,1,Gampaha,23,2,14500000.0,Gampaha,18.0,Kandana
7200,4,3,Colombo,23,2,80000000.0,Colombo,182.0,Padukka
3700,2,2,Colombo,4,1,115000000.0,Colombo,18.0,Colombo 8
3000,5,3,Colombo,4,2,60000000.0,Colombo,10.0,Kotte
3200,4,3,Colombo,47,2,85000000.0,Colombo,14.5,Battaramulla
2520,3,3,Colombo,44,2,38000000.0,Colombo,10.0,Athurugiriya
3500,4,2,Gampaha,2,2,15000000.0,Gampaha,9.8,Kandana
1875,4,3,Colombo,32,2,35000000.0,Colombo,7.6,Kottawa
3800,3,3,Colombo,50,2,55000000.0,Colombo,19.0,Talawatugoda
1200,3,1,Hambantota,7,2,7200000.0,Hambantota,10.0,Beliatta
1815,5,2,Kandy,35,2,28000000.0,Kandy,112.0,Pilimatalawa
3200,6,5,Colombo,3,3,23500000.0,Colombo,12.0,Homagama
2700,5,3,Colombo,11,2,21000000.0,Colombo,16.0,Moratuwa
3900,5,5,Colombo,17,2,37000000.0,Colombo,11.5,Piliyandala
4500,7,6,Colombo,24,4,75000000.0,Colombo,8.3,Nugegoda
952,2,2,Colombo,48,1,8200000.0,Colombo,3.5,Wellampitiya
2000,6,2,Colombo,49,3,19000000.0,Colombo,6.5,Boralesgamuwa
3000,4,3,Colombo,4,2,42000000.0,Colombo,10.0,Talawatugoda
1400,3,3,Colombo,16,2,16700000.0,Colombo,8.0,Piliyandala
1500,4,2,Colombo,13,2,88000000.0,Colombo,20.31,Battaramulla
1500,2,1,Gampaha,26,1,8800000.0,Gampaha,8.0,Ganemulla
2500,5,3,Colombo,47,2,17500000.0,Colombo,10.0,Kottawa
1800,4,4,Colombo,38,2,17500000.0,Colombo,7.5,Kottawa
1600,3,3,Colombo,29,2,19500000.0,Colombo,8.0,Kottawa
3600,6,5,Colombo,20,3,33500000.0,Colombo,16.0,Kottawa
1966,3,2,Colombo,19,2,9000000.0,Colombo,8.3,Homagama
4150,4,2,Colombo,35,2,40000000.0,Colombo,10.3,Maharagama
2000,4,2,Colombo,22,2,28000000.0,Colombo,10.5,Battaramulla
4000,5,3,Colombo,48,2,65000000.0,Colombo,10.0,Battaramulla
1350,3,2,Colombo,44,2,14500000.0,Colombo,10.0,Malabe
2500,4,2,Colombo,16,2,19600000.0,Colombo,5.5,Moratuwa
2600,4,4,Colombo,30,2,34000000.0,Colombo,9.0,Maharagama
3500,5,4,Colombo,2,2,50000000.0,Colombo,11.6,Maharagama
7200,6,4,Colombo,9,3,69000000.0,Colombo,20.0,Maharagama
4000,4,3,Colombo,1,2,100000000.0,Colombo,20.5,Dehiwala
3500,5,3,Colombo,43,2,32000000.0,Colombo,20.0,Colombo 15
2583,4,3,Colombo,28,2,32500000.0,Colombo,10.0,Malabe
1500,4,2,Colombo,42,2,25000000.0,Colombo,11.0,Colombo 15
3500,5,3,Gampaha,23,2,32000000.0,Gampaha,20.0,Wattala
2200,3,3,Colombo,17,2,25000000.0,Colombo,10.0,Athurugiriya
1000,2,1,Galle,41,1,13000000.0,Galle,12.6,Karapitiya
4500,4,4,Colombo,7,2,100000000.0,Colombo,10.0,Kotte
1300,3,2,Galle,16,2,4500000.0,Galle,10.0,Galle City
1600,3,2,Colombo,1,2,15800000.0,Colombo,10.0,Kottawa
2200,3,3,Colombo,41,2,65000000.0,Colombo,12.45,Nawala
2800,4,4,Colombo,13,2,28000000.0,Colombo,10.0,Athurugiriya
2600,4,4,Colombo,47,2,29000000.0,Colombo,10.0,Athurugiriya
3000,5,2,Kurunegala,20,2,13000000.0,Kurunegala,20.0,Kurunegala City
1200,3,3,Colombo,44,2,14500000.0,Colombo,6.0,Athurugiriya
1000,3,2,Colombo,36,2,45000000.0,Colombo,9.25,Colombo 5
1350,3,2,Colombo,4,2,14000000.0,Colombo,10.0,Athurugiriya
2100,4,2,Gampaha,15,2,13000000.0,Gampaha,11.0,Negombo
1900,4,2,Colombo,45,2,18500000.0,Colombo,11.4,Malabe
9000,5,5,Colombo,47,2,120000000.0,Colombo,16.0,Talawatugoda
1600,3,2,Gampaha,14,2,6000000.0,Gampaha,15.0,Veyangoda
1250,3,2,Colombo,43,2,16500000.0,Colombo,7.5,Malabe
2067,5,2,Colombo,45,2,22000000.0,Colombo,6.0,Athurugiriya
2000,3,3,Colombo,43,2,20000000.0,Colombo,6.5,Athurugiriya
2100,4,2,Colombo,19,2,20000000.0,Colombo,11.4,Malabe
3421,4,4,Colombo,8,2,25500000.0,Colombo,7.5,Piliyandala
3200,4,4,Colombo,12,2,31000000.0,Colombo,10.0,Piliyandala
1000,2,1,Gampaha,3,1,4500000.0,Gampaha,7.0,Ganemulla
1950,3,2,Colombo,11,2,17000000.0,Colombo,7.5,Malabe
1750,3,3,Colombo,36,2,17500000.0,Colombo,10.0,Piliyandala
3850,4,4,Colombo,1,2,33000000.0,Colombo,10.0,Piliyandala
3000,4,3,Colombo,37,2,110000000.0,Colombo,50.2,Talawatugoda
3300,3,2,Colombo,8,2,40000000.0,Colombo,7.0,Talawatugoda
1750,3,3,Colombo,3,2,17500000.0,Colombo,7.5,Piliyandala
2800,4,4,Colombo,13,2,28000000.0,Colombo,10.0,Malabe
2600,4,4,Colombo,4,2,29000000.0,Colombo,10.0,Malabe
3000,5,4,Colombo,1,2,40000000.0,Colombo,10.0,Piliyandala
2500,4,3,Colombo,35,2,26000000.0,Colombo,8.5,Piliyandala
2600,4,3,Colombo,7,2,25500000.0,Colombo,6.2,Piliyandala
3500,4,3,Gampaha,12,2,29500000.0,Gampaha,20.0,Negombo
2800,4,4,Colombo,36,2,27500000.0,Colombo,11.5,Malabe
2200,4,4,Colombo,21,2,22500000.0,Colombo,6.3,Malabe
1500,3,3,Colombo,2,2,18500000.0,Colombo,7.5,Malabe
1500,3,2,Colombo,31,2,14000000.0,Colombo,8.0,Piliyandala
1250,3,2,Colombo,42,2,12800000.0,Colombo,6.5,Piliyandala
3000,4,4,Colombo,2,2,21500000.0,Colombo,12.0,Piliyandala
1250,3,2,Colombo,9,2,16500000.0,Colombo,7.5,Malabe
1350,3,2,Colombo,39,2,14500000.0,Colombo,10.0,Malabe
1900,3,3,Colombo,3,2,18500000.0,Colombo,11.4,Malabe
2500,4,4,Colombo,45,2,24800000.0,Colombo,6.2,Piliyandala
9000,5,5,Colombo,24,2,120000000.0,Colombo,16.0,Talawatugoda
2500,4,2,Colombo,29,2,19500000.0,Colombo,6.5,Rajagiriya
2000,4,4,Colombo,2,2,23500000.0,Colombo,7.0,Malabe
2200,4,3,Colombo,16,2,26500000.0,Colombo,6.5,Malabe
2600,4,4,Colombo,4,2,23000000.0,Colombo,7.0,Malabe
2750,4,2,Gampaha,7,2,13000000.0,Gampaha,11.0,Negombo
3200,5,4,Colombo,47,2,27500000.0,Colombo,8.5,Piliyandala
3200,4,4,Colombo,7,2,29500000.0,Colombo,8.0,Piliyandala
3000,4,3,Gampaha,10,2,22800000.0,Gampaha,10.0,Kandana
2500,4,3,Gampaha,2,2,29500000.0,Gampaha,20.0,Negombo
3500,4,3,Gampaha,7,2,38000000.0,Gampaha,10.0,Kandana
3150,4,3,Gampaha,10,2,26500000.0,Gampaha,10.5,Negombo
1600,3,2,Gampaha,22,2,20500000.0,Gampaha,10.0,Negombo
2450,4,4,Colombo,44,2,27000000.0,Colombo,7.0,Kottawa
1400,3,2,Gampaha,9,2,9900000.0,Gampaha,10.0,Negombo
2100,4,4,Gampaha,22,2,31500000.0,Gampaha,13.2,Negombo
2000,6,3,Colombo,7,3,38500000.0,Colombo,6.35,Boralesgamuwa
2558,5,5,Colombo,16,2,28500000.0,Colombo,8.0,Piliyandala
1480,3,3,Colombo,23,2,13000000.0,Colombo,9.0,Kottawa
2500,4,2,Kalutara,24,2,19800000.0,Kalutara,20.0,Kalutara City
3201,4,4,Colombo,6,2,29500000.0,Colombo,8.0,Piliyandala
2780,4,4,Colombo,27,2,27000000.0,Colombo,8.0,Kottawa
3800,4,4,Colombo,3,2,46500000.0,Colombo,28.0,Piliyandala
3100,4,4,Colombo,10,2,43500000.0,Colombo,10.5,Talawatugoda
3000,5,3,Colombo,40,2,65000000.0,Colombo,6.85,Colombo 6
2501,4,4,Colombo,18,2,25500000.0,Colombo,7.0,Piliyandala
1501,3,2,Colombo,35,2,14000000.0,Colombo,10.0,Piliyandala
3000,4,4,Colombo,1,2,33000000.0,Colombo,8.0,Kottawa
3700,4,4,Colombo,3,2,31500000.0,Colombo,8.0,Kottawa
3014,4,4,Colombo,10,2,27500000.0,Colombo,8.0,Kottawa
2875,4,4,Colombo,42,2,28000000.0,Colombo,10.0,Piliyandala
2854,3,3,Colombo,6,2,21500000.0,Colombo,9.5,Piliyandala
2874,4,4,Colombo,43,2,21500000.0,Colombo,9.5,Piliyandala
1685,3,3,Colombo,34,2,17500000.0,Colombo,10.0,Piliyandala
2000,3,1,Gampaha,6,2,11000000.0,Gampaha,10.0,Negombo
1578,3,2,Colombo,8,2,14000000.0,Colombo,8.0,Piliyandala
2600,4,4,Colombo,18,2,27000000.0,Colombo,8.0,Kottawa
1543,3,2,Colombo,50,2,14000000.0,Colombo,8.0,Piliyandala
2874,4,4,Colombo,14,2,25500000.0,Colombo,6.0,Piliyandala
2963,4,5,Colombo,3,2,25500000.0,Colombo,7.5,Piliyandala
3102,4,4,Colombo,12,2,33000000.0,Colombo,10.0,Piliyandala
2785,4,4,Colombo,43,2,27500000.0,Colombo,8.0,Piliyandala
2856,4,4,Colombo,10,2,24800000.0,Colombo,6.0,Piliyandala
1900,3,2,Colombo,7,2,16500000.0,Colombo,8.0,Malabe
3500,4,4,Colombo,37,2,33000000.0,Colombo,8.0,Kottawa
3000,5,6,Colombo,8,2,100000000.0,Colombo,11.5,Ratmalana
2750,5,3,Colombo,47,2,19500000.0,Colombo,11.5,Godagama
3500,5,4,Colombo,49,2,89000000.0,Colombo,14.0,Nugegoda
2200,4,3,Colombo,47,2,19500000.0,Colombo,11.5,Malabe
3500,6,4,Colombo,19,3,45000000.0,Colombo,10.0,Nugegoda
1850,3,2,Colombo,38,2,18500000.0,Colombo,8.0,Malabe
1240,3,2,Gampaha,8,2,12000000.0,Gampaha,7.77,Ragama
1524,3,3,Colombo,7,2,18500000.0,Colombo,8.0,Piliyandala
900,3,2,Colombo,10,2,10300000.0,Colombo,7.3,Athurugiriya
900,3,1,Kalutara,12,2,6700000.0,Kalutara,7.0,Panadura
2900,6,3,Kalutara,7,3,31000000.0,Kalutara,28.0,Panadura
1350,3,1,Kalutara,6,2,9000000.0,Kalutara,15.0,Panadura
2000,4,4,Kandy,4,2,29800000.0,Kandy,10.0,Kandy City
3150,4,3,Gampaha,2,2,26500000.0,Gampaha,10.5,Negombo
1070,3,2,Colombo,7,2,14200000.0,Colombo,7.6,Malabe
1325,3,1,Gampaha,6,2,9900000.0,Gampaha,10.0,Negombo
3200,4,4,Colombo,21,2,55000000.0,Colombo,12.0,Talawatugoda
2500,4,3,Gampaha,16,2,29500000.0,Gampaha,20.0,Negombo
3000,4,4,Colombo,31,2,31500000.0,Colombo,7.0,Kotte
3600,6,4,Colombo,25,3,33500000.0,Colombo,16.2,Kottawa
2400,4,3,Colombo,23,2,27000000.0,Colombo,7.0,Kottawa
4000,5,4,Colombo,11,2,165000000.0,Colombo,15.2,Nawala
1200,3,2,Kurunegala,16,2,15000000.0,Kurunegala,47.0,Narammala
1800,2,1,Colombo,30,1,14500000.0,Colombo,8.0,Athurugiriya
1400,3,2,Colombo,45,2,18500000.0,Colombo,7.9,Malabe
2500,4,3,Colombo,44,2,23500000.0,Colombo,6.0,Malabe
4000,5,2,Colombo,10,2,66000000.0,Colombo,29.0,Battaramulla
3600,4,3,Colombo,2,2,36000000.0,Colombo,78.0,Malabe
4300,5,5,Colombo,6,2,55000000.0,Colombo,12.0,Malabe
2500,6,2,Colombo,12,3,25500000.0,Colombo,10.0,Malabe
2400,4,3,Colombo,39,2,26000000.0,Colombo,10.5,Malabe
5700,7,5,Colombo,21,4,65000000.0,Colombo,53.0,Battaramulla
5000,4,4,Colombo,45,2,97000000.0,Colombo,10.0,Kolonnawa
1650,4,3,Colombo,4,2,36440000.0,Colombo,9.11,Colombo 9
2225,3,1,Colombo,21,2,32500000.0,Colombo,10.4,Battaramulla
1900,5,4,Colombo,10,2,32500000.0,Colombo,9.0,Maharagama
1500,3,1,Matale,10,2,14000000.0,Matale,16.5,Matale City
2080,3,2,Colombo,36,2,9500000.0,Colombo,8.0,Boralesgamuwa
3200,4,4,Colombo,7,2,36000000.0,Colombo,10.0,Malabe
2675,4,3,Colombo,30,2,48000000.0,Colombo,10.12,Malabe
3224,4,2,Gampaha,35,2,25000000.0,Gampaha,10.0,Kandana
3800,5,4,Colombo,13,2,45000000.0,Colombo,11.0,Talawatugoda
3800,5,4,Colombo,23,2,47500000.0,Colombo,14.8,Talawatugoda
6000,6,2,Kegalle,35,3,25500000.0,Kegalle,10.0,Rambukkana
3300,4,4,Colombo,4,2,44000000.0,Colombo,7.7,Talawatugoda
4000,4,4,Colombo,18,2,60000000.0,Colombo,15.0,Talawatugoda
3200,4,4,Colombo,4,2,80000000.0,Colombo,10.0,Kotte
1000,4,1,Colombo,16,2,4500000.0,Colombo,5.8,Kaduwela
4000,5,4,Colombo,21,2,65000000.0,Colombo,12.5,Malabe
1600,3,2,Colombo,7,2,15800000.0,Colombo,10.0,Homagama
3300,3,2,Colombo,42,2,40000000.0,Colombo,7.0,Talawatugoda
2500,5,4,Kegalle,2,2,15000000.0,Kegalle,38.0,Rambukkana
5050,5,5,Kalutara,40,2,55000000.0,Kalutara,11.3,Panadura
5500,4,4,Colombo,7,2,68000000.0,Colombo,11.0,Nugegoda
3000,6,4,Colombo,36,3,110000000.0,Colombo,9.98,Colombo 4
3000,4,1,Kandy,3,2,35000000.0,Kandy,8.0,Digana
1600,4,2,Colombo,2,2,21000000.0,Colombo,30.0,Padukka
1200,3,2,Gampaha,37,2,12000000.0,Gampaha,6.7,Kadawatha
3500,3,1,Kurunegala,20,2,6500000.0,Kurunegala,17.4,Wariyapola
3000,4,1,Galle,41,2,19500000.0,Galle,24.0,Galle City
1500,2,1,Gampaha,16,1,8800000.0,Gampaha,8.0,Ganemulla
4200,4,4,Colombo,50,2,33000000.0,Colombo,10.0,Piliyandala
2400,3,2,Colombo,4,2,35000000.0,Colombo,6.0,Dehiwala
1190,3,1,Colombo,11,2,16500000.0,Colombo,10.5,Malabe
1680,3,3,Colombo,1,2,16800000.0,Colombo,11.5,Moratuwa
2380,4,3,Colombo,45,2,26000000.0,Colombo,9.5,Kottawa
3200,4,3,Colombo,5,2,110000000.0,Colombo,50.17,Talawatugoda
3200,4,3,Gampaha,16,2,29000000.0,Gampaha,3200.0,Gampaha City
5445,3,2,Gampaha,10,2,26000000.0,Gampaha,20.0,Kadawatha
3000,3,1,Kandy,1,2,19000000.0,Kandy,14.0,Katugastota
3000,4,2,Colombo,42,2,290000000.0,Colombo,27.0,Colombo 5
2000,3,2,Colombo,40,2,25000000.0,Colombo,8.42,Pannipitiya
2675,4,3,Colombo,47,2,49500000.0,Colombo,10.56,Malabe
1450,3,2,Colombo,12,2,21500000.0,Colombo,8.0,Ratmalana
3415,4,4,Colombo,16,2,33500000.0,Colombo,16.0,Piliyandala
3000,4,3,Colombo,24,2,45000000.0,Colombo,10.0,Dehiwala
3000,4,3,Colombo,9,2,110000000.0,Colombo,50.2,Talawatugoda
2400,4,4,Colombo,33,2,24800000.0,Colombo,6.0,Piliyandala
1682,3,3,Colombo,7,2,16800000.0,Colombo,11.5,Piliyandala
2840,4,4,Colombo,5,2,25500000.0,Colombo,6.2,Piliyandala
1200,3,1,Kalutara,6,2,11250000.0,Kalutara,12.58,Panadura
2544,4,4,Colombo,33,2,24800000.0,Colombo,6.0,Piliyandala
1546,3,2,Colombo,49,2,14000000.0,Colombo,8.0,Piliyandala
6000,5,4,Colombo,12,2,78000000.0,Colombo,14.0,Battaramulla
3250,5,3,Colombo,9,2,27000000.0,Colombo,7.5,Kottawa
2500,4,3,Gampaha,10,2,29500000.0,Gampaha,20.0,Negombo
1200,3,2,Colombo,31,2,15500000.0,Colombo,3.6,Dehiwala
2500,4,4,Colombo,4,2,25500000.0,Colombo,7.0,Piliyandala
3150,4,3,Gampaha,5,2,26500000.0,Gampaha,10.5,Negombo
3700,5,4,Gampaha,7,2,26500000.0,Gampaha,11.0,Kiribathgoda
4000,3,3,Colombo,6,2,55000000.0,Colombo,18.7,Talawatugoda
2400,4,4,Colombo,45,2,27000000.0,Colombo,7.0,Pannipitiya
7100,6,5,Colombo,5,3,170000000.0,Colombo,27.0,Nugegoda
3500,4,4,Colombo,9,2,48000000.0,Colombo,11.61,Maharagama
2600,1,1,Colombo,8,1,22500000.0,Colombo,7.05,Talawatugoda
2506,4,4,Colombo,43,2,24800000.0,Colombo,6.5,Piliyandala
1633,2,1,Colombo,8,1,35000000.0,Colombo,6.0,Wellampitiya
3700,4,3,Colombo,15,2,52500000.0,Colombo,15.0,Nugegoda
2400,4,4,Colombo,35,2,24800000.0,Colombo,6.0,Piliyandala
3150,4,3,Gampaha,10,2,26500000.0,Gampaha,10.5,Negombo
2400,4,2,Gampaha,9,2,7500000.0,Gampaha,27.0,Nittambuwa
6000,5,4,Colombo,36,2,100000000.0,Colombo,20.0,Battaramulla
2248,4,2,Gampaha,50,2,30000000.0,Gampaha,67.4,Seeduwa
3500,5,4,Colombo,19,2,50000000.0,Colombo,12.0,Battaramulla
1450,3,2,Colombo,42,2,19000000.0,Colombo,9.5,Athurugiriya
850,2,1,Colombo,20,1,7800000.0,Colombo,3.0,Kolonnawa
1500,2,1,Gampaha,12,1,6500000.0,Gampaha,3.75,Gampaha City
4000,5,3,Colombo,41,2,26000000.0,Colombo,10.5,Malabe
2150,4,2,Colombo,37,2,19000000.0,Colombo,7.5,Kottawa
2500,4,4,Colombo,14,2,52000000.0,Colombo,16.0,Talawatugoda
4200,4,4,Colombo,29,2,49500000.0,Colombo,10.0,Talawatugoda
3000,4,4,Colombo,11,2,60000000.0,Colombo,15.0,Talawatugoda
950,3,2,Colombo,5,2,18500000.0,Colombo,3.0,Athurugiriya
2000,4,2,Colombo,48,2,16000000.0,Colombo,17.0,Athurugiriya
3000,4,3,Colombo,7,2,42000000.0,Colombo,10.0,Maharagama
2000,4,3,Colombo,6,2,46500000.0,Colombo,10.0,Boralesgamuwa
3000,4,3,Colombo,23,2,42000000.0,Colombo,10.0,Talawatugoda
3000,4,3,Colombo,41,2,42000000.0,Colombo,10.0,Talawatugoda
2500,7,2,Colombo,49,4,27500000.0,Colombo,10.5,Pannipitiya
2600,5,2,Colombo,37,2,25000000.0,Colombo,10.0,Kottawa
2675,4,4,Colombo,8,2,48000000.0,Colombo,10.12,Athurugiriya
2700,4,2,Colombo,1,2,56250000.0,Colombo,18.75,Nugegoda
2500,3,2,Colombo,9,2,67200000.0,Colombo,14.0,Kotte
3300,3,2,Colombo,1,2,40000000.0,Colombo,7.0,Talawatugoda
2800,5,7,Colombo,28,2,64000000.0,Colombo,17.5,Talawatugoda
2800,4,3,Colombo,45,2,29000000.0,Colombo,8.0,Malabe
7500,8,5,Colombo,10,4,89500000.0,Colombo,18.0,Kotte
2300,4,3,Gampaha,2,2,40000000.0,Gampaha,8.0,Kandana
2000,3,2,Colombo,10,2,37000000.0,Colombo,17.5,Nugegoda
700,3,2,Monaragala,7,2,5950000.0,Monaragala,34.0,Buttala
4400,8,4,Colombo,3,4,30000000.0,Colombo,10.0,Boralesgamuwa
1500,3,3,Colombo,1,2,18500000.0,Colombo,7.5,Malabe
2500,4,3,Colombo,30,2,24000000.0,Colombo,6.5,Nugegoda
925,2,1,Colombo,42,1,7800000.0,Colombo,9.0,Meegoda
2450,6,4,Colombo,47,3,22500000.0,Colombo,15.0,Kottawa
2200,4,3,Colombo,4,2,22500000.0,Colombo,6.3,Malabe
2500,4,1,Gampaha,14,2,17500000.0,Gampaha,8.5,Kandana
2200,4,4,Colombo,1,2,26500000.0,Colombo,6.5,Malabe
1800,4,4,Colombo,13,2,17500000.0,Colombo,7.5,Kottawa
2500,5,3,Colombo,6,2,17500000.0,Colombo,10.0,Kottawa
3600,6,5,Colombo,7,3,33500000.0,Colombo,16.0,Kottawa
1600,3,3,Colombo,49,2,19500000.0,Colombo,8.0,Kottawa
3500,5,3,Colombo,15,2,165000000.0,Colombo,16.3,Colombo 5
3800,6,4,Colombo,6,3,29500000.0,Colombo,13.0,Kottawa
1830,4,2,Colombo,23,2,17500000.0,Colombo,13.0,Kottawa
2400,4,2,Colombo,5,2,35000000.0,Colombo,10.0,Kottawa
1200,2,2,Colombo,14,1,16500000.0,Colombo,5.1,Dehiwala
9000,6,6,Colombo,45,3,200000000.0,Colombo,20.0,Kotte
1500,2,1,Colombo,9,1,22500000.0,Colombo,4.25,Wellampitiya
2100,3,1,Kandy,2,2,15000000.0,Kandy,30.0,Digana
3800,4,4,Colombo,22,2,80000000.0,Colombo,16.0,Battaramulla
800,2,1,Colombo,17,1,4500000.0,Colombo,6.0,Piliyandala
2500,3,4,Colombo,49,2,35000000.0,Colombo,8.0,Kotte
3800,5,4,Colombo,22,2,45000000.0,Colombo,11.0,Talawatugoda
2800,5,4,Colombo,19,2,25500000.0,Colombo,10.0,Piliyandala
1900,3,2,Colombo,1,2,19000000.0,Colombo,11.4,Malabe
1200,2,2,Colombo,4,1,14200000.0,Colombo,9.0,Kottawa
1080,3,1,Kegalle,1,2,8500000.0,Kegalle,3.97,Mawanella
2600,4,4,Colombo,47,2,29000000.0,Colombo,10.0,Athurugiriya
2800,4,4,Colombo,3,2,28000000.0,Colombo,10.0,Athurugiriya
1200,3,1,Kandy,28,2,30000000.0,Kandy,12.6,Kandy City
1350,3,2,Colombo,5,2,14500000.0,Colombo,10.0,Athurugiriya
1500,3,2,Colombo,29,2,16500000.0,Colombo,7.5,Athurugiriya
1200,3,3,Colombo,17,2,14500000.0,Colombo,6.0,Athurugiriya
1950,3,2,Colombo,3,2,17500000.0,Colombo,7.5,Malabe
4200,4,4,Colombo,20,2,49500000.0,Colombo,10.0,Talawatugoda
2100,4,2,Colombo,50,2,20000000.0,Colombo,11.4,Malabe
1350,3,1,Gampaha,45,2,13000000.0,Gampaha,6.87,Kadawatha
2000,3,3,Colombo,34,2,20000000.0,Colombo,6.5,Athurugiriya
2067,5,4,Colombo,14,2,22000000.0,Colombo,6.0,Athurugiriya
2200,4,3,Colombo,48,2,23000000.0,Colombo,7.0,Athurugiriya
3000,3,1,Kandy,2,2,11900000.0,Kandy,20.0,Peradeniya
1400,3,3,Colombo,25,2,18500000.0,Colombo,8.0,Piliyandala
5300,7,7,Colombo,10,4,260000000.0,Colombo,20.0,Colombo 4
3000,4,3,Colombo,43,2,110000000.0,Colombo,50.0,Talawatugoda
850,3,1,Kandy,19,2,7500000.0,Kandy,10.0,Peradeniya
3010,4,2,Colombo,46,2,18500000.0,Colombo,12.0,Homagama
2600,4,4,Colombo,3,2,29000000.0,Colombo,10.0,Malabe
2800,4,4,Colombo,10,2,28000000.0,Colombo,10.0,Malabe
1500,4,2,Colombo,49,2,14500000.0,Colombo,6.0,Piliyandala
3500,4,4,Colombo,44,2,66000000.0,Colombo,14.0,Rajagiriya
1600,3,2,Colombo,34,2,12500000.0,Colombo,8.8,Piliyandala
3000,6,4,Colombo,38,3,48500000.0,Colombo,14.0,Piliyandala
3000,4,3,Colombo,1,2,110000000.0,Colombo,50.2,Talawatugoda
3000,4,4,Colombo,45,2,53000000.0,Colombo,16.0,Talawatugoda
3000,4,4,Colombo,41,2,60000000.0,Colombo,15.0,Talawatugoda
4200,4,4,Colombo,31,2,49500000.0,Colombo,10.0,Talawatugoda
1750,5,2,Gampaha,49,2,11000000.0,Gampaha,10.0,Negombo
3800,5,4,Colombo,40,2,45000000.0,Colombo,11.0,Talawatugoda
3200,4,3,Colombo,2,2,30500000.0,Colombo,7.5,Piliyandala
3000,4,4,Colombo,3,2,60000000.0,Colombo,15.0,Talawatugoda
3500,4,4,Colombo,9,2,44000000.0,Colombo,7.7,Talawatugoda
3850,4,4,Colombo,3,2,33000000.0,Colombo,10.0,Piliyandala
1500,3,1,Gampaha,19,2,18500000.0,Gampaha,11.0,Ragama
1100,2,1,Colombo,17,1,9800000.0,Colombo,9.0,Piliyandala
3000,5,4,Colombo,47,2,40000000.0,Colombo,10.0,Piliyandala
2500,4,3,Colombo,41,2,26000000.0,Colombo,8.5,Piliyandala
3950,6,4,Colombo,48,3,46000000.0,Colombo,12.0,Nugegoda
1350,3,1,Gampaha,25,2,23500000.0,Gampaha,29.0,Negombo
1500,3,2,Colombo,12,2,14000000.0,Colombo,8.0,Piliyandala
1350,2,1,Gampaha,5,1,15000000.0,Gampaha,10.5,Negombo
2600,4,3,Colombo,10,2,25500000.0,Colombo,6.2,Piliyandala
2874,4,4,Colombo,21,2,21500000.0,Colombo,9.5,Piliyandala
2200,4,3,Colombo,2,2,26000000.0,Colombo,7.0,Piliyandala
4312,5,4,Colombo,17,2,100000000.0,Colombo,9.15,Nugegoda
3800,4,4,Colombo,6,2,56000000.0,Colombo,10.68,Talawatugoda
1350,3,2,Colombo,23,2,14500000.0,Colombo,10.0,Malabe
1250,3,2,Colombo,48,2,16500000.0,Colombo,7.5,Malabe
3475,5,4,Colombo,30,2,33500000.0,Colombo,16.0,Piliyandala
1900,3,2,Colombo,10,2,19000000.0,Colombo,11.4,Malabe
1500,3,3,Colombo,37,2,18500000.0,Colombo,7.5,Malabe
4628,4,2,Kurunegala,2,2,7400000.0,Kurunegala,17.0,Kurunegala City
2800,4,4,Colombo,2,2,27500000.0,Colombo,11.5,Malabe
2000,4,4,Colombo,5,2,23500000.0,Colombo,6.0,Malabe
3800,7,4,Colombo,14,4,27000000.0,Colombo,10.0,Malabe
1800,5,3,Colombo,45,2,27500000.0,Colombo,9.25,Pannipitiya
3300,4,3,Colombo,2,2,33000000.0,Colombo,15.0,Malabe
2800,4,4,Colombo,8,2,19300000.0,Colombo,6.2,Piliyandala
3214,4,4,Colombo,40,2,34000000.0,Colombo,9.0,Piliyandala
2800,4,3,Colombo,44,2,22500000.0,Colombo,7.0,Homagama
1542,3,2,Colombo,13,2,14000000.0,Colombo,8.0,Piliyandala
1574,3,3,Colombo,8,2,18500000.0,Colombo,8.0,Piliyandala
1574,3,2,Colombo,21,2,14000000.0,Colombo,8.0,Piliyandala
1542,3,2,Colombo,49,2,14000000.0,Colombo,10.0,Piliyandala
2865,4,4,Colombo,3,2,25500000.0,Colombo,7.0,Piliyandala
2874,4,4,Colombo,20,2,24800000.0,Colombo,6.0,Piliyandala
3000,4,3,Colombo,37,2,42000000.0,Colombo,10.0,Battaramulla
2875,4,4,Colombo,13,2,24800000.0,Colombo,6.0,Piliyandala
2589,4,4,Colombo,26,2,25500000.0,Colombo,7.5,Piliyandala
2574,3,3,Colombo,7,2,21500000.0,Colombo,9.5,Piliyandala
2875,4,4,Colombo,8,2,28000000.0,Colombo,10.0,Piliyandala
2875,4,4,Colombo,5,2,27500000.0,Colombo,7.5,Piliyandala
3900,5,5,Colombo,35,2,36700000.0,Colombo,11.5,Kottawa
2986,4,5,Colombo,25,2,25500000.0,Colombo,7.5,Piliyandala
1550,3,3,Colombo,26,2,18500000.0,Colombo,8.0,Piliyandala
4150,5,4,Colombo,11,2,33000000.0,Colombo,10.0,Piliyandala
2000,5,3,Colombo,12,2,16000000.0,Colombo,10.5,Ratmalana
1900,3,2,Kalutara,10,2,16800000.0,Kalutara,10.0,Panadura
3900,5,5,Colombo,7,2,36700000.0,Colombo,11.5,Piliyandala
3000,4,3,Colombo,11,2,42000000.0,Colombo,10.0,Talawatugoda
1900,3,3,Colombo,2,2,18500000.0,Colombo,8.0,Piliyandala
2000,3,3,Colombo,42,2,18500000.0,Colombo,8.0,Piliyandala
3650,4,3,Colombo,18,2,51000000.0,Colombo,10.0,Talawatugoda
2532,4,4,Colombo,19,2,25500000.0,Colombo,7.0,Piliyandala
1500,3,2,Colombo,20,2,14000000.0,Colombo,10.0,Piliyandala
2300,4,3,Colombo,49,2,80000000.0,Colombo,17.5,Kotte
1200,3,3,Colombo,46,2,49600000.0,Colombo,15.5,Moratuwa
4000,5,4,Colombo,20,2,65000000.0,Colombo,10.0,Malabe
3300,4,3,Colombo,13,2,42500000.0,Colombo,11.0,Talawatugoda
3000,4,3,Colombo,13,2,42000000.0,Colombo,10.0,Talawatugoda
1500,2,2,Colombo,7,1,60000000.0,Colombo,105.0,Ratmalana
3000,4,3,Colombo,9,2,110000000.0,Colombo,50.17,Talawatugoda
7000,7,7,Colombo,19,4,97500000.0,Colombo,23.0,Battaramulla
7500,6,5,Colombo,7,3,195000000.0,Colombo,15.0,Colombo 5
1650,4,2,Colombo,4,2,36440000.0,Colombo,9.11,Colombo 9
4500,4,3,Colombo,2,2,69000000.0,Colombo,11.2,Kotte
2800,4,3,Colombo,12,2,26000000.0,Colombo,9.8,Maharagama
1800,3,3,Colombo,3,2,17800000.0,Colombo,6.2,Kesbewa
3000,5,3,Colombo,47,2,29500000.0,Colombo,12.0,Malabe
3877,5,3,Gampaha,32,2,45000000.0,Gampaha,20.0,Wattala
2500,4,4,Gampaha,1,2,16000000.0,Gampaha,20.0,Kandana
4600,5,5,Colombo,12,2,180000000.0,Colombo,8.5,Colombo 5
3000,4,3,Colombo,44,2,110000000.0,Colombo,51.0,Talawatugoda
2200,3,2,Colombo,43,2,42000000.0,Colombo,15.0,Kotte
3200,5,3,Colombo,4,2,27000000.0,Colombo,7.5,Kesbewa
1400,4,3,Colombo,36,2,16500000.0,Colombo,6.0,Kolonnawa
1950,3,2,Colombo,41,2,12000000.0,Colombo,21.0,Piliyandala
5800,5,5,Colombo,48,2,130000000.0,Colombo,62.0,Battaramulla
3800,4,3,Colombo,8,2,45000000.0,Colombo,11.0,Talawatugoda
3300,3,2,Colombo,4,2,40000000.0,Colombo,7.0,Talawatugoda
2800,6,3,Colombo,50,3,24000000.0,Colombo,8.5,Moratuwa
3750,4,4,Colombo,3,2,41000000.0,Colombo,8.0,Moratuwa
2700,4,3,Colombo,25,2,35000000.0,Colombo,6.0,Battaramulla
4000,4,4,Colombo,10,2,50000000.0,Colombo,10.0,Talawatugoda
2500,5,5,Colombo,50,2,24500000.0,Colombo,6.0,Battaramulla
2550,5,5,Colombo,42,2,24500000.0,Colombo,6.0,Boralesgamuwa
2500,4,5,Colombo,7,2,25500000.0,Colombo,7.0,Piliyandala
2400,4,3,Colombo,43,2,24800000.0,Colombo,6.0,Piliyandala
2550,4,3,Colombo,3,2,25500000.0,Colombo,7.5,Piliyandala
1800,3,1,Gampaha,19,2,4700000.0,Gampaha,7.5,Gampaha City
1300,2,3,Colombo,44,1,12500000.0,Colombo,7.7,Kottawa
3150,4,3,Gampaha,20,2,26500000.0,Gampaha,10.5,Negombo
2500,4,3,Gampaha,31,2,29500000.0,Gampaha,20.0,Negombo
2000,3,2,Colombo,34,2,16000000.0,Colombo,6.0,Talawatugoda
1325,3,1,Gampaha,10,2,9900000.0,Gampaha,10.0,Negombo
2675,4,4,Colombo,7,2,48000000.0,Colombo,10.1,Malabe
4120,4,2,Colombo,29,2,40000000.0,Colombo,10.3,Maharagama
4200,4,3,Colombo,40,2,52000000.0,Colombo,16.0,Pannipitiya
4500,4,5,Colombo,48,2,50000000.0,Colombo,7.0,Nugegoda
2750,4,3,Colombo,3,2,27000000.0,Colombo,12.0,Maharagama
2400,4,2,Colombo,37,2,35000000.0,Colombo,10.0,Kottawa
3300,6,4,Colombo,6,3,44000000.0,Colombo,10.0,Maharagama
2500,5,2,Colombo,45,2,32000000.0,Colombo,6.5,Rajagiriya
3000,4,3,Colombo,5,2,104000000.0,Colombo,14.8,Dehiwala
1500,4,3,Colombo,40,2,62000000.0,Colombo,20.0,Kotte
2400,4,3,Colombo,1,2,27000000.0,Colombo,7.0,Kottawa
3000,4,3,Colombo,5,2,29500000.0,Colombo,12.0,Kottawa
3300,3,3,Colombo,47,2,32000000.0,Colombo,12.0,Kottawa
2000,4,2,Colombo,8,2,17500000.0,Colombo,7.5,Kottawa
2000,4,3,Colombo,13,2,26000000.0,Colombo,13.0,Kottawa
7240,5,6,Colombo,44,2,70000000.0,Colombo,17.0,Kottawa
2200,3,2,Colombo,30,2,22000000.0,Colombo,10.0,Kottawa
4500,4,5,Gampaha,45,2,47000000.0,Gampaha,14.7,Negombo
3600,6,4,Colombo,25,3,33500000.0,Colombo,16.4,Kottawa
3200,4,3,Kandy,29,2,26500000.0,Kandy,20.0,Kandy City
4500,4,5,Colombo,12,2,37500000.0,Colombo,14.5,Kottawa
2100,5,2,Colombo,35,2,17500000.0,Colombo,17.2,Kottawa
6000,5,4,Colombo,19,2,42000000.0,Colombo,16.0,Kottawa
2900,4,3,Colombo,26,2,22500000.0,Colombo,7.0,Homagama
1650,5,3,Colombo,3,2,54800000.0,Colombo,7.31,Boralesgamuwa
1200,3,2,Colombo,19,2,23000000.0,Colombo,10.0,Boralesgamuwa
4000,4,4,Colombo,42,2,67500000.0,Colombo,12.0,Boralesgamuwa
2000,4,2,Colombo,15,2,20000000.0,Colombo,4.5,Boralesgamuwa
1275,3,2,Gampaha,17,2,12500000.0,Gampaha,7.1,Kadawatha
3200,5,3,Colombo,6,2,42500000.0,Colombo,6.5,Nugegoda
4700,6,5,Colombo,30,3,140000000.0,Colombo,7.0,Colombo 5
2400,5,2,Kurunegala,45,2,75000000.0,Kurunegala,28.0,Kurunegala City
1900,3,2,Colombo,16,2,29100000.0,Colombo,13.0,Nugegoda
3100,5,3,Colombo,33,2,23500000.0,Colombo,7.0,Piliyandala
5200,6,4,Colombo,22,3,84000000.0,Colombo,17.0,Moratuwa
2800,4,4,Colombo,29,2,55000000.0,Colombo,12.0,Battaramulla
4500,5,5,Colombo,10,2,135000000.0,Colombo,16.17,Kotte
2400,3,3,Colombo,39,2,20000000.0,Colombo,10.2,Talawatugoda
1522,3,2,Colombo,48,2,14000000.0,Colombo,8.0,Piliyandala
2350,3,3,Colombo,48,2,24500000.0,Colombo,10.0,Malabe
3500,5,4,Colombo,46,2,35000000.0,Colombo,8.0,Battaramulla
2800,4,4,Colombo,50,2,28500000.0,Colombo,7.5,Piliyandala
950,2,2,Colombo,44,1,6000000.0,Colombo,2.0,Moratuwa
2800,4,2,Colombo,44,2,55000000.0,Colombo,12.0,Battaramulla
6600,6,5,Galle,9,3,75000000.0,Galle,35.0,Galle City
1400,3,2,Colombo,27,2,32500000.0,Colombo,8.0,Dehiwala
3000,7,4,Puttalam,7,4,7800000.0,Puttalam,55.0,Wennappuwa
1300,3,1,Colombo,5,2,43000000.0,Colombo,9.8,Dehiwala
1750,2,1,Colombo,3,1,16500000.0,Colombo,10.0,Talawatugoda
2400,5,4,Colombo,2,2,29000000.0,Colombo,13.0,Pannipitiya
2750,3,3,Colombo,15,2,20000000.0,Colombo,8.0,Kottawa
4800,5,4,Colombo,40,2,115000000.0,Colombo,22.0,Talawatugoda
1350,3,1,Gampaha,5,2,12000000.0,Gampaha,15.0,Gampaha City
3300,3,2,Colombo,49,2,40000000.0,Colombo,7.0,Talawatugoda
4200,4,4,Colombo,10,2,49500000.0,Colombo,10.0,Talawatugoda
2500,4,2,Gampaha,14,2,23000000.0,Gampaha,10.4,Kandana
3000,4,3,Colombo,15,2,110000000.0,Colombo,50.0,Talawatugoda
1440,3,1,Colombo,23,2,8100000.0,Colombo,11.0,Athurugiriya
3800,5,4,Colombo,39,2,47500000.0,Colombo,14.8,Talawatugoda
3000,4,4,Colombo,32,2,28500000.0,Colombo,8.5,Piliyandala
3800,5,4,Colombo,19,2,45000000.0,Colombo,11.0,Talawatugoda
7300,6,5,Kalutara,6,3,80000000.0,Kalutara,20.0,Kalutara City
3500,5,4,Colombo,21,2,46000000.0,Colombo,10.5,Nugegoda
5000,8,5,Colombo,48,4,42500000.0,Colombo,13.2,Nugegoda
4000,6,6,Colombo,14,3,63000000.0,Colombo,12.0,Nugegoda
4800,6,4,Colombo,20,3,55000000.0,Colombo,25.0,Moratuwa
1200,3,2,Colombo,5,2,14000000.0,Colombo,10.0,Homagama
2800,4,3,Colombo,49,2,26500000.0,Colombo,6.5,Malabe
1139,3,2,Colombo,1,2,15000000.0,Colombo,6.9,Homagama
4000,5,4,Colombo,42,2,65000000.0,Colombo,12.5,Malabe
5000,5,5,Colombo,18,2,135000000.0,Colombo,62.0,Malabe
1200,2,2,Kandy,3,1,7500000.0,Kandy,12.0,Gampola
3500,4,4,Colombo,2,2,60000000.0,Colombo,13.0,Kotte
1200,2,1,Gampaha,1,1,8800000.0,Gampaha,8.0,Ganemulla
4500,5,5,Colombo,6,2,85000000.0,Colombo,45.0,Pannipitiya
1200,3,1,Colombo,14,2,3500000.0,Colombo,10.0,Homagama
2500,3,2,Colombo,19,2,35000000.0,Colombo,20.0,Pannipitiya
1800,4,2,Colombo,23,2,9300000.0,Colombo,8.0,Homagama
2500,5,7,Colombo,4,2,64000000.0,Colombo,17.5,Pannipitiya
3000,4,4,Colombo,26,2,33000000.0,Colombo,8.0,Kottawa
3000,5,3,Colombo,15,2,26500000.0,Colombo,10.0,Homagama
3150,4,3,Gampaha,2,2,26500000.0,Gampaha,10.5,Negombo
4000,4,3,Colombo,23,2,29500000.0,Colombo,8.0,Kottawa
4000,5,3,Colombo,39,2,65000000.0,Colombo,10.0,Battaramulla
1450,3,1,Gampaha,17,2,8800000.0,Gampaha,10.0,Negombo
1600,4,1,Jaffna,10,2,30500000.0,Jaffna,20.0,Jaffna City
1200,2,1,Colombo,10,1,6500000.0,Colombo,10.0,Homagama
5200,5,3,Gampaha,8,2,150000000.0,Gampaha,52.0,Kiribathgoda
2745,3,3,Colombo,10,2,21500000.0,Colombo,9.5,Piliyandala
3014,4,5,Colombo,6,2,33000000.0,Colombo,7.5,Piliyandala
2745,4,4,Colombo,21,2,25500000.0,Colombo,14.0,Piliyandala
1584,3,2,Colombo,42,2,14000000.0,Colombo,8.0,Piliyandala
2986,4,4,Colombo,5,2,27500000.0,Colombo,7.5,Piliyandala
3012,4,5,Colombo,22,2,25500000.0,Colombo,7.5,Piliyandala
1852,3,3,Colombo,18,2,17500000.0,Colombo,10.0,Piliyandala
3540,4,4,Colombo,10,2,46500000.0,Colombo,28.0,Piliyandala
3650,4,3,Colombo,24,2,51500000.0,Colombo,10.0,Talawatugoda
3300,4,4,Colombo,42,2,55000000.0,Colombo,11.0,Battaramulla
1100,2,1,Colombo,1,1,3800000.0,Colombo,7.0,Moratuwa
1380,3,1,Colombo,29,2,23000000.0,Colombo,10.0,Kottawa
3900,5,5,Colombo,13,2,36700000.0,Colombo,11.5,Piliyandala
1100,1,1,Colombo,5,1,8500000.0,Colombo,6.55,Athurugiriya
3200,4,3,Colombo,2,2,80000000.0,Colombo,14.5,Battaramulla
3500,6,3,Colombo,2,3,30000000.0,Colombo,11.0,Malabe
800,4,1,Kandy,14,2,7000000.0,Kandy,30.0,Kandy City
2960,4,2,Gampaha,2,2,24000000.0,Gampaha,10.0,Gampaha City
1200,3,1,Gampaha,10,2,7100000.0,Gampaha,12.0,Ganemulla
2675,4,4,Colombo,22,2,49500000.0,Colombo,10.15,Malabe
3500,6,4,Colombo,8,3,45000000.0,Colombo,11.8,Nugegoda
950,2,1,Matara,30,1,7500000.0,Matara,8.5,Matara City
3000,4,4,Colombo,39,2,25500000.0,Colombo,7.5,Piliyandala
1500,2,2,Colombo,16,1,35000000.0,Colombo,6.0,Nugegoda
5000,5,5,Colombo,9,2,100000000.0,Colombo,20.0,Talawatugoda
3000,6,4,Colombo,43,3,48500000.0,Colombo,14.0,Piliyandala
2000,3,2,Colombo,47,2,49115000.0,Colombo,20.9,Talawatugoda
1380,3,1,Colombo,7,2,23000000.0,Colombo,10.5,Pannipitiya
5000,5,5,Colombo,10,2,100000000.0,Colombo,20.0,Battaramulla
1350,3,2,Colombo,13,2,14000000.0,Colombo,10.0,Malabe
1400,3,2,Gampaha,15,2,8500000.0,Gampaha,13.52,Gampaha City
1500,3,2,Kurunegala,2,2,7500000.0,Kurunegala,20.0,Wariyapola
2100,4,4,Gampaha,15,2,31500000.0,Gampaha,13.2,Negombo
2600,4,3,Colombo,8,2,19000000.0,Colombo,18.2,Athurugiriya
1550,3,2,Gampaha,3,2,17000000.0,Gampaha,11.0,Negombo
1600,3,2,Gampaha,15,2,20500000.0,Gampaha,10.0,Negombo
2500,4,3,Gampaha,1,2,29500000.0,Gampaha,20.0,Negombo
3500,5,4,Colombo,11,2,50000000.0,Colombo,11.6,Maharagama
3150,4,3,Gampaha,2,2,26500000.0,Gampaha,10.5,Negombo
3500,4,3,Gampaha,39,2,26500000.0,Gampaha,10.0,Negombo
4000,4,4,Colombo,14,2,100000000.0,Colombo,10.0,Kotte
1900,4,4,Colombo,12,2,80000000.0,Colombo,16.0,Kotte
3200,4,4,Colombo,7,2,29500000.0,Colombo,8.0,Piliyandala
900,3,1,Colombo,17,2,13000000.0,Colombo,10.8,Athurugiriya
2200,4,2,Matale,1,2,5500000.0,Matale,22.5,Matale City
3500,4,4,Colombo,45,2,25500000.0,Colombo,7.5,Piliyandala
2550,4,7,Colombo,6,2,24800000.0,Colombo,6.5,Piliyandala
1860,3,3,Gampaha,8,2,11500000.0,Gampaha,12.5,Negombo
1225,3,2,Colombo,18,2,5200000.0,Colombo,2.25,Mount Lavinia
2800,5,7,Colombo,8,2,64000000.0,Colombo,17.5,Talawatugoda
3000,4,4,Colombo,46,2,110000000.0,Colombo,50.2,Talawatugoda
1600,3,1,Matara,1,2,5400000.0,Matara,50.0,Matara City
3000,6,4,Colombo,49,3,47500000.0,Colombo,10.0,Nugegoda
1150,3,1,Colombo,48,2,8500000.0,Colombo,14.87,Piliyandala
2800,4,4,Colombo,17,2,28000000.0,Colombo,10.0,Malabe
2600,4,4,Colombo,36,2,29000000.0,Colombo,10.0,Malabe
4000,4,4,Colombo,13,2,55000000.0,Colombo,10.0,Nugegoda
3000,4,3,Colombo,35,2,42000000.0,Colombo,10.0,Talawatugoda
3000,4,1,Gampaha,2,2,16000000.0,Gampaha,8.5,Kelaniya
5000,5,4,Colombo,8,2,88500000.0,Colombo,13.0,Battaramulla
1700,3,1,Colombo,16,2,12000000.0,Colombo,17.8,Homagama
2690,4,2,Colombo,8,2,34500000.0,Colombo,21.5,Kottawa
2000,3,3,Colombo,4,2,20000000.0,Colombo,6.5,Athurugiriya
2800,5,3,Colombo,26,2,35000000.0,Colombo,5.1,Dehiwala
1100,3,1,Colombo,8,2,16800000.0,Colombo,6.12,Kotte
3000,4,4,Colombo,10,2,52500000.0,Colombo,15.0,Talawatugoda
1200,3,2,Gampaha,2,2,7500000.0,Gampaha,13.3,Kiribathgoda
3000,4,4,Colombo,8,2,44000000.0,Colombo,9.0,Talawatugoda
3200,4,4,Colombo,7,2,23500000.0,Colombo,7.0,Piliyandala
2560,4,4,Colombo,44,2,21500000.0,Colombo,9.0,Piliyandala
2800,3,3,Colombo,4,2,26500000.0,Colombo,10.0,Piliyandala
1900,3,3,Colombo,48,2,19000000.0,Colombo,11.4,Malabe
3000,4,4,Colombo,22,2,60000000.0,Colombo,15.0,Talawatugoda
2300,5,2,Colombo,49,2,17500000.0,Colombo,12.0,Maharagama
4200,4,4,Colombo,43,2,49500000.0,Colombo,10.0,Talawatugoda
1544,3,3,Colombo,21,2,18500000.0,Colombo,8.0,Piliyandala
2935,4,4,Colombo,7,2,33000000.0,Colombo,8.0,Kottawa
3000,4,3,Colombo,38,2,42000000.0,Colombo,10.0,Talawatugoda
3800,4,4,Colombo,2,2,46500000.0,Colombo,28.0,Piliyandala
3000,5,3,Colombo,20,2,16000000.0,Colombo,20.0,Athurugiriya
1000,2,1,Colombo,13,1,17000000.0,Colombo,5.0,Dehiwala
2800,4,3,Colombo,23,2,25500000.0,Colombo,7.5,Piliyandala
1350,3,2,Colombo,29,2,14000000.0,Colombo,10.0,Athurugiriya
2800,4,3,Colombo,48,2,22500000.0,Colombo,10.0,Piliyandala
2000,4,2,Colombo,17,2,36000000.0,Colombo,9.25,Talawatugoda
2888,4,4,Colombo,8,2,28500000.0,Colombo,8.55,Piliyandala
1500,3,2,Colombo,43,2,16500000.0,Colombo,7.5,Athurugiriya
2000,4,2,Colombo,25,2,16000000.0,Colombo,17.0,Athurugiriya
2800,3,3,Colombo,41,2,36000000.0,Colombo,6.0,Battaramulla
1500,4,1,Colombo,28,2,16000000.0,Colombo,10.0,Piliyandala
1600,3,1,Colombo,28,2,14000000.0,Colombo,10.0,Athurugiriya
3000,5,4,Colombo,2,2,29800000.0,Colombo,6.0,Homagama
3000,5,4,Colombo,27,2,57500000.0,Colombo,6.0,Dehiwala
1406,3,1,Kurunegala,6,2,4200000.0,Kurunegala,27.0,Alawwa
1100,3,1,Colombo,47,2,24000000.0,Colombo,9.5,Boralesgamuwa
3500,7,2,Kalutara,36,4,21000000.0,Kalutara,16.2,Panadura
1800,2,2,Colombo,9,1,12500000.0,Colombo,7.2,Angoda
2800,4,3,Colombo,23,2,36000000.0,Colombo,8.0,Athurugiriya
2000,4,2,Colombo,12,2,28000000.0,Colombo,10.2,Battaramulla
2500,5,4,Colombo,48,2,52500000.0,Colombo,12.0,Battaramulla
4000,5,3,Colombo,1,2,65000000.0,Colombo,10.0,Battaramulla
3050,5,4,Colombo,37,2,47000000.0,Colombo,11.7,Battaramulla
2600,4,4,Colombo,23,2,34000000.0,Colombo,9.0,Maharagama
2000,5,4,Colombo,21,2,130000000.0,Colombo,10.5,Colombo 4
3600,6,5,Colombo,43,3,33500000.0,Colombo,16.0,Kottawa
1600,3,3,Colombo,8,2,20000000.0,Colombo,8.0,Kottawa
1200,3,2,Colombo,1,2,15000000.0,Colombo,3.6,Dehiwala
1480,3,2,Colombo,9,2,12000000.0,Colombo,11.5,Kottawa
2500,5,3,Colombo,48,2,17500000.0,Colombo,10.0,Kottawa
1800,2,1,Colombo,3,1,19500000.0,Colombo,6.8,Dehiwala
1800,4,4,Colombo,45,2,17500000.0,Colombo,7.5,Kottawa
2600,4,4,Colombo,42,2,23000000.0,Colombo,7.0,Malabe
1100,3,2,Colombo,37,2,14200000.0,Colombo,7.86,Malabe
2000,5,3,Gampaha,24,2,14000000.0,Gampaha,15.0,Gampaha City
2722,3,2,Gampaha,24,2,8500000.0,Gampaha,10.0,Wattala
2400,4,3,Colombo,47,2,24800000.0,Colombo,6.0,Piliyandala
3000,4,4,Colombo,42,2,33000000.0,Colombo,8.0,Kottawa
3000,4,3,Colombo,31,2,33000000.0,Colombo,8.0,Kotte
4200,4,4,Colombo,15,2,49500000.0,Colombo,10.0,Talawatugoda
2550,4,3,Colombo,8,2,25500000.0,Colombo,7.5,Piliyandala
3500,4,4,Colombo,1,2,44000000.0,Colombo,7.7,Talawatugoda
1350,3,2,Colombo,39,2,14000000.0,Colombo,10.0,Malabe
2000,4,4,Colombo,23,2,23500000.0,Colombo,6.0,Malabe
3000,4,4,Colombo,1,2,28500000.0,Colombo,15.0,Piliyandala
2400,4,3,Colombo,15,2,26000000.0,Colombo,7.0,Piliyandala
2000,4,3,Colombo,5,2,19500000.0,Colombo,6.5,Piliyandala
2700,6,2,Kurunegala,8,3,13000000.0,Kurunegala,35.0,Kurunegala City
1800,3,3,Colombo,23,2,23500000.0,Colombo,8.0,Piliyandala
3660,3,3,Colombo,19,2,33500000.0,Colombo,7.05,Talawatugoda
3000,3,4,Colombo,8,2,19700000.0,Colombo,12.5,Piliyandala
4800,5,4,Colombo,1,2,115000000.0,Colombo,22.0,Talawatugoda
3000,3,2,Colombo,10,2,40000000.0,Colombo,7.0,Talawatugoda
3500,4,3,Gampaha,1,2,29500000.0,Gampaha,20.0,Negombo
2000,5,3,Colombo,46,2,23500000.0,Colombo,7.0,Piliyandala
1900,3,2,Colombo,5,2,25000000.0,Colombo,10.0,Boralesgamuwa
3000,4,3,Colombo,7,2,42000000.0,Colombo,10.0,Talawatugoda
2500,4,3,Colombo,1,2,38500000.0,Colombo,8.0,Boralesgamuwa
2000,4,3,Colombo,4,2,17500000.0,Colombo,6.5,Piliyandala
4200,5,4,Colombo,48,2,39000000.0,Colombo,16.0,Malabe
4000,5,4,Colombo,43,2,65000000.0,Colombo,10.0,Malabe
800,1,1,Colombo,21,1,4800000.0,Colombo,10.5,Homagama
3500,4,4,Colombo,29,2,49000000.0,Colombo,13.0,Malabe
2600,4,4,Colombo,45,2,29000000.0,Colombo,10.5,Athurugiriya
2800,4,4,Colombo,8,2,28000000.0,Colombo,10.0,Athurugiriya
4300,5,5,Colombo,23,2,55000000.0,Colombo,12.0,Malabe
1070,3,2,Colombo,47,2,14200000.0,Colombo,7.6,Malabe
4356,7,4,Colombo,21,4,69000000.0,Colombo,16.0,Wellampitiya
2804,8,6,Colombo,20,4,70000000.0,Colombo,10.3,Kolonnawa
1400,3,2,Colombo,10,2,18500000.0,Colombo,7.9,Malabe
3500,4,4,Colombo,19,2,49000000.0,Colombo,13.0,Battaramulla
3445,4,4,Colombo,47,2,33500000.0,Colombo,7.05,Talawatugoda
2600,4,4,Colombo,9,2,27000000.0,Colombo,8.0,Kottawa
2600,4,4,Colombo,11,2,29000000.0,Colombo,10.0,Malabe
2800,4,4,Colombo,25,2,28000000.0,Colombo,10.0,Malabe
2480,4,4,Colombo,22,2,27000000.0,Colombo,8.0,Kottawa
1600,3,3,Colombo,40,2,17900000.0,Colombo,11.0,Piliyandala
3000,5,2,Gampaha,1,2,28500000.0,Gampaha,12.5,Katunayake
2800,4,4,Colombo,37,2,27500000.0,Colombo,11.5,Malabe
2400,4,4,Colombo,17,2,26000000.0,Colombo,10.5,Malabe
2500,4,3,Colombo,49,2,23500000.0,Colombo,6.0,Malabe
2100,4,2,Gampaha,5,2,13000000.0,Gampaha,11.0,Negombo
3000,4,4,Colombo,15,2,36000000.0,Colombo,10.0,Malabe
3000,4,3,Colombo,46,2,42000000.0,Colombo,10.0,Talawatugoda
3600,4,3,Colombo,22,2,36000000.0,Colombo,7.8,Malabe
2200,4,4,Colombo,13,2,26500000.0,Colombo,6.5,Malabe
1100,3,2,Colombo,7,2,9800000.0,Colombo,6.0,Homagama
2500,6,2,Colombo,13,3,25500000.0,Colombo,10.0,Malabe
2400,4,3,Colombo,47,2,26000000.0,Colombo,10.5,Malabe
1350,3,2,Colombo,2,2,14500000.0,Colombo,10.0,Athurugiriya
2067,5,4,Colombo,8,2,22000000.0,Colombo,6.0,Athurugiriya
2100,3,3,Colombo,1,2,25500000.0,Colombo,10.0,Malabe
1200,3,3,Colombo,20,2,14500000.0,Colombo,6.0,Athurugiriya
950,3,2,Colombo,8,2,18500000.0,Colombo,3.0,Athurugiriya
1800,3,2,Gampaha,10,2,18900000.0,Gampaha,8.5,Gampaha City
2400,4,4,Colombo,2,2,24800000.0,Colombo,6.0,Piliyandala
3000,4,3,Colombo,26,2,110000000.0,Colombo,50.2,Talawatugoda
3000,4,4,Colombo,18,2,60000000.0,Colombo,15.0,Talawatugoda
1500,4,1,Galle,6,2,11500000.0,Galle,23.0,Galle City
1540,3,2,Colombo,9,2,14000000.0,Colombo,10.0,Piliyandala
2800,4,3,Colombo,25,2,26500000.0,Colombo,6.5,Malabe
3000,4,4,Colombo,7,2,60000000.0,Colombo,10.5,Talawatugoda
3200,4,4,Colombo,9,2,36000000.0,Colombo,10.0,Malabe
4000,5,4,Colombo,9,2,65000000.0,Colombo,12.5,Malabe
2800,4,4,Colombo,25,2,26000000.0,Colombo,8.5,Piliyandala
3100,5,3,Colombo,20,2,37500000.0,Colombo,9.0,Malabe
2675,4,3,Colombo,29,2,48000000.0,Colombo,10.12,Malabe
2800,4,4,Colombo,45,2,24800000.0,Colombo,6.0,Piliyandala
3000,4,3,Gampaha,19,2,25000000.0,Gampaha,10.0,Negombo
1325,3,1,Gampaha,2,2,9900000.0,Gampaha,10.0,Negombo
3300,3,2,Colombo,9,2,40000000.0,Colombo,7.0,Talawatugoda
4200,4,4,Colombo,10,2,49500000.0,Colombo,10.0,Talawatugoda
1526,3,2,Colombo,10,2,14000000.0,Colombo,8.0,Piliyandala
3200,4,4,Colombo,37,2,25500000.0,Colombo,7.5,Piliyandala
3800,5,4,Colombo,45,2,47500000.0,Colombo,14.5,Talawatugoda
3300,4,4,Colombo,15,2,44000000.0,Colombo,7.7,Talawatugoda
1680,3,3,Colombo,10,2,16800000.0,Colombo,11.5,Piliyandala
1250,3,2,Colombo,6,2,16500000.0,Colombo,7.5,Malabe
4000,7,7,Colombo,8,4,47500000.0,Colombo,6.0,Colombo 15
1500,3,3,Colombo,13,2,18500000.0,Colombo,7.5,Malabe
3800,5,4,Colombo,5,2,45000000.0,Colombo,11.0,Talawatugoda
4000,4,4,Colombo,21,2,60000000.0,Colombo,15.0,Talawatugoda
800,2,1,Colombo,11,1,3700000.0,Colombo,3.5,Piliyandala
4000,5,3,Colombo,45,2,65000000.0,Colombo,10.0,Battaramulla
1900,3,3,Colombo,12,2,19000000.0,Colombo,11.4,Malabe
2200,4,4,Colombo,41,2,22500000.0,Colombo,6.3,Malabe
3500,4,4,Colombo,46,2,85000000.0,Colombo,16.0,Battaramulla
3800,4,4,Colombo,47,2,45000000.0,Colombo,7.0,Battaramulla
3200,4,4,Colombo,42,2,29500000.0,Colombo,8.2,Maharagama
4500,5,4,Colombo,4,2,115000000.0,Colombo,22.0,Battaramulla
1100,3,1,Colombo,1,2,14500000.0,Colombo,10.0,Kottawa
5500,4,4,Colombo,43,2,85000000.0,Colombo,12.0,Battaramulla
4000,5,4,Colombo,27,2,32500000.0,Colombo,12.0,Malabe
1500,3,1,Galle,36,2,5700000.0,Galle,10.0,Ambalangoda
3200,4,4,Colombo,50,2,29500000.0,Colombo,8.2,Piliyandala
3200,4,3,Colombo,47,2,30500000.0,Colombo,7.5,Piliyandala
2620,4,4,Colombo,6,2,25500000.0,Colombo,6.2,Piliyandala
3350,5,4,Colombo,34,2,96000000.0,Colombo,13.5,Battaramulla
4000,5,4,Colombo,12,2,75000000.0,Colombo,14.0,Battaramulla
1200,3,2,Colombo,26,2,12800000.0,Colombo,6.5,Piliyandala
2300,5,4,Colombo,45,2,27500000.0,Colombo,7.5,Piliyandala
2500,5,4,Galle,18,2,12500000.0,Galle,14.0,Ambalangoda
1200,3,3,Colombo,12,2,13000000.0,Colombo,6.0,Piliyandala
3850,4,4,Colombo,3,2,33000000.0,Colombo,10.0,Piliyandala
3000,4,4,Colombo,48,2,25500000.0,Colombo,6.2,Piliyandala
1500,3,1,Galle,4,2,4500000.0,Galle,12.5,Hikkaduwa
2100,4,2,Colombo,7,2,24000000.0,Colombo,6.5,Piliyandala
3000,5,4,Colombo,1,2,40000000.0,Colombo,10.0,Piliyandala
2100,4,4,Gampaha,20,2,31500000.0,Gampaha,13.2,Negombo
1500,3,1,Galle,17,2,8800000.0,Galle,17.0,Galle City
2500,4,3,Colombo,4,2,26000000.0,Colombo,8.5,Piliyandala
3000,5,4,Colombo,4,2,27500000.0,Colombo,8.5,Piliyandala
1800,3,2,Colombo,9,2,22500000.0,Colombo,14.2,Malabe
2600,4,3,Colombo,10,2,25500000.0,Colombo,6.2,Piliyandala
5800,7,4,Colombo,39,4,65000000.0,Colombo,33.0,Malabe
3200,4,5,Colombo,17,2,25500000.0,Colombo,7.5,Piliyandala
2500,3,2,Kalutara,21,2,15500000.0,Kalutara,10.0,Panadura
2200,4,3,Colombo,42,2,26000000.0,Colombo,7.0,Piliyandala
2900,4,4,Colombo,29,2,36000000.0,Colombo,8.5,Piliyandala
2500,4,4,Colombo,23,2,24800000.0,Colombo,6.2,Piliyandala
1300,3,2,Colombo,35,2,11500000.0,Colombo,10.0,Homagama
3150,4,3,Gampaha,48,2,26500000.0,Gampaha,10.5,Negombo
3500,6,2,Kalutara,37,3,19000000.0,Kalutara,10.5,Panadura
2500,4,3,Gampaha,2,2,29500000.0,Gampaha,20.0,Negombo
6000,8,4,Colombo,9,4,32000000.0,Colombo,9.5,Malabe
3150,4,3,Gampaha,7,2,26500000.0,Gampaha,10.5,Negombo
2800,4,2,Gampaha,23,2,27500000.0,Gampaha,12.0,Kandana
2750,3,2,Colombo,32,2,46000000.0,Colombo,20.0,Malabe
1600,3,2,Colombo,40,2,23000000.0,Colombo,6.6,Dehiwala
2000,3,3,Gampaha,22,2,20500000.0,Gampaha,10.0,Negombo
2800,5,3,Gampaha,31,2,22500000.0,Gampaha,11.0,Kandana
2800,5,2,Gampaha,5,2,26500000.0,Gampaha,13.5,Kandana
1800,3,2,Colombo,24,2,13800000.0,Colombo,10.2,Homagama
900,2,1,Colombo,45,1,5800000.0,Colombo,6.0,Piliyandala
3200,4,3,Colombo,46,2,43500000.0,Colombo,10.6,Maharagama
1600,3,2,Gampaha,43,2,20500000.0,Gampaha,10.0,Negombo
1452,3,2,Colombo,23,2,140000000.0,Colombo,10.0,Piliyandala
2932,4,4,Colombo,41,2,28500000.0,Colombo,7.5,Piliyandala
2880,4,2,Kandy,20,2,26500000.0,Kandy,39.0,Kandy City
2789,5,4,Colombo,49,2,27000000.0,Colombo,10.0,Piliyandala
2875,3,3,Colombo,47,2,21500000.0,Colombo,9.5,Piliyandala
2875,4,4,Colombo,41,2,25500000.0,Colombo,6.0,Piliyandala
2850,4,4,Colombo,13,2,23500000.0,Colombo,14.0,Piliyandala
2750,4,2,Gampaha,10,2,13000000.0,Gampaha,11.0,Negombo
2875,4,4,Colombo,1,2,25500000.0,Colombo,7.5,Piliyandala
2968,4,5,Colombo,5,2,25500000.0,Colombo,7.5,Piliyandala
1400,3,2,Gampaha,14,2,9900000.0,Gampaha,10.0,Negombo
2985,4,4,Colombo,9,2,28500000.0,Colombo,8.0,Piliyandala
3200,4,4,Colombo,21,2,29500000.0,Colombo,8.0,Piliyandala
3000,5,3,Colombo,24,2,65000000.0,Colombo,6.85,Colombo 6
1500,4,2,Colombo,30,2,55000000.0,Colombo,4.0,Colombo 5
2200,3,2,Colombo,26,2,21000000.0,Colombo,6.5,Athurugiriya
3452,4,4,Colombo,9,2,27000000.0,Colombo,19.0,Piliyandala
1800,3,3,Gampaha,6,2,11000000.0,Gampaha,13.0,Negombo
2875,4,4,Colombo,4,2,25500000.0,Colombo,7.5,Piliyandala
1500,3,2,Colombo,30,2,14000000.0,Colombo,8.0,Piliyandala
3120,5,4,Colombo,15,2,33500000.0,Colombo,16.0,Piliyandala
3142,4,4,Colombo,10,2,33000000.0,Colombo,10.0,Piliyandala
1574,3,2,Colombo,14,2,14000000.0,Colombo,8.0,Piliyandala
2800,4,3,Colombo,18,2,58500000.0,Colombo,13.0,Mount Lavinia
2850,4,4,Colombo,30,2,28500000.0,Colombo,8.5,Piliyandala
2550,4,4,Colombo,48,2,24800000.0,Colombo,6.5,Piliyandala
3500,4,4,Colombo,8,2,34000000.0,Colombo,8.5,Piliyandala
5000,6,5,Colombo,19,3,85000000.0,Colombo,20.0,Battaramulla
2560,4,4,Colombo,12,2,21500000.0,Colombo,9.0,Piliyandala
1508,3,2,Colombo,22,2,14000000.0,Colombo,10.0,Piliyandala
1500,3,2,Colombo,16,2,14000000.0,Colombo,10.0,Piliyandala
1600,3,3,Colombo,1,2,18500000.0,Colombo,8.5,Piliyandala
3580,4,4,Colombo,9,2,33000000.0,Colombo,10.0,Piliyandala
2400,4,3,Colombo,18,2,24800000.0,Colombo,6.0,Piliyandala
3400,4,4,Colombo,13,2,28500000.0,Colombo,8.0,Piliyandala
1500,3,2,Colombo,39,2,4400000.0,Colombo,15.5,Kotte
3200,4,3,Colombo,1,2,25500000.0,Colombo,7.5,Piliyandala
1550,3,1,Colombo,5,2,19500000.0,Colombo,9.0,Piliyandala
2700,4,4,Colombo,14,2,46000000.0,Colombo,10.33,Ratmalana
1084,2,1,Colombo,9,1,7500000.0,Colombo,3.0,Colombo 10
5500,5,4,Colombo,20,2,200000000.0,Colombo,30.0,Colombo 6
5500,5,4,Colombo,6,2,85000000.0,Colombo,30.1,Talawatugoda
3900,5,5,Colombo,37,2,36700000.0,Colombo,11.5,Piliyandala
4400,4,4,Colombo,7,2,90000000.0,Colombo,20.5,Battaramulla
3900,5,5,Colombo,48,2,36700000.0,Colombo,11.5,Piliyandala
3200,4,4,Colombo,6,2,30500000.0,Colombo,8.0,Piliyandala
2300,5,4,Colombo,12,2,41000000.0,Colombo,6.1,Dehiwala
3445,4,4,Colombo,18,2,33500000.0,Colombo,7.06,Talawatugoda
2000,3,2,Gampaha,25,2,12000000.0,Gampaha,10.0,Ganemulla
3900,5,5,Colombo,13,2,36700000.0,Colombo,11.5,Piliyandala
2750,4,3,Colombo,6,2,26500000.0,Colombo,6.5,Dehiwala
2000,3,2,Colombo,6,2,22400000.0,Colombo,16.0,Battaramulla
1800,3,2,Colombo,26,2,17000000.0,Colombo,12.8,Pannipitiya
1000,3,1,Colombo,29,2,16800000.0,Colombo,15.5,Piliyandala
4000,5,4,Colombo,6,2,75000000.0,Colombo,11.0,Talawatugoda
2000,3,3,Colombo,20,2,16500000.0,Colombo,10.0,Talawatugoda
2500,5,3,Colombo,17,2,55000000.0,Colombo,12.0,Battaramulla
6100,6,5,Colombo,4,3,100000000.0,Colombo,20.0,Talawatugoda
2784,4,4,Colombo,23,2,28500000.0,Colombo,7.5,Piliyandala
2675,4,4,Colombo,20,2,49500000.0,Colombo,10.12,Malabe
1325,3,1,Gampaha,9,2,9900000.0,Gampaha,10.0,Negombo
1275,3,2,Gampaha,47,2,12500000.0,Gampaha,7.0,Kadawatha
1800,3,3,Colombo,10,2,18500000.0,Colombo,10.0,Athurugiriya
2500,4,4,Colombo,6,2,120000000.0,Colombo,10.0,Colombo 5
2500,4,3,Gampaha,6,2,29500000.0,Gampaha,20.0,Negombo
1275,3,2,Gampaha,40,2,12500000.0,Gampaha,7.2,Kadawatha
1854,3,2,Colombo,23,2,14000000.0,Colombo,8.0,Piliyandala
950,5,4,Colombo,35,2,28500000.0,Colombo,3.5,Dehiwala
1100,3,1,Colombo,9,2,5800000.0,Colombo,4.5,Ratmalana
2100,3,3,Colombo,32,2,19000000.0,Colombo,8.0,Athurugiriya
2000,4,3,Colombo,2,2,25000000.0,Colombo,7.0,Athurugiriya
2750,4,3,Colombo,8,2,35000000.0,Colombo,10.0,Athurugiriya
2400,3,3,Colombo,4,2,22500000.0,Colombo,7.9,Moratuwa
1400,2,2,Colombo,10,1,14800000.0,Colombo,7.0,Athurugiriya
2100,4,4,Colombo,10,2,20500000.0,Colombo,6.0,Athurugiriya
2000,3,1,Gampaha,11,2,9000000.0,Gampaha,27.4,Ganemulla
3300,5,4,Colombo,11,2,31500000.0,Colombo,10.0,Athurugiriya
2900,4,3,Colombo,30,2,25000000.0,Colombo,10.0,Athurugiriya
2300,5,4,Colombo,17,2,38000000.0,Colombo,7.5,Piliyandala
2500,5,4,Colombo,4,2,28500000.0,Colombo,7.7,Piliyandala
1200,3,2,Colombo,6,2,12000000.0,Colombo,9.5,Homagama
1200,3,1,Gampaha,1,2,8900000.0,Gampaha,10.0,Ragama
4000,5,4,Colombo,1,2,65000000.0,Colombo,10.0,Malabe
1600,3,2,Gampaha,14,2,20500000.0,Gampaha,10.0,Negombo
1500,3,1,Colombo,8,2,8900000.0,Colombo,15.0,Homagama
4000,4,4,Colombo,32,2,100000000.0,Colombo,10.0,Talawatugoda
3000,5,3,Colombo,33,2,52500000.0,Colombo,12.2,Battaramulla
3150,4,3,Gampaha,16,2,26500000.0,Gampaha,10.5,Negombo
1500,2,2,Gampaha,16,1,19500000.0,Gampaha,10.0,Kandana
3850,4,4,Colombo,11,2,33000000.0,Colombo,10.0,Piliyandala
2900,4,2,Gampaha,28,2,28000000.0,Gampaha,8.0,Ja-Ela
2380,4,3,Gampaha,5,2,37000000.0,Gampaha,11.0,Kadawatha
5000,4,3,Colombo,16,2,130000000.0,Colombo,50.0,Battaramulla
2800,3,2,Gampaha,3,2,29000000.0,Gampaha,12.5,Wattala
2500,5,2,Colombo,50,2,38500000.0,Colombo,7.5,Nawala
2100,5,3,Colombo,37,2,48000000.0,Colombo,11.7,Rajagiriya
3200,4,4,Colombo,24,2,29500000.0,Colombo,8.0,Piliyandala
3900,5,5,Colombo,10,2,36700000.0,Colombo,11.5,Piliyandala
1520,3,3,Colombo,13,2,19500000.0,Colombo,8.0,Kottawa
3121,5,3,Colombo,10,2,18500000.0,Colombo,7.0,Piliyandala
1400,4,2,Jaffna,1,2,19500000.0,Jaffna,22.0,Jaffna City
5000,4,4,Colombo,17,2,100000000.0,Colombo,20.0,Battaramulla
2500,8,3,Colombo,50,4,32500000.0,Colombo,23.6,Moratuwa
3000,5,3,Colombo,2,2,48000000.0,Colombo,11.7,Kotte
5000,4,3,Gampaha,26,2,69500000.0,Gampaha,35.0,Wattala
3500,4,4,Colombo,45,2,51000000.0,Colombo,10.0,Talawatugoda
1900,2,1,Colombo,8,1,12000000.0,Colombo,9.82,Pannipitiya
2500,4,4,Colombo,9,2,120000000.0,Colombo,40.0,Nugegoda
3000,5,3,Colombo,6,2,31000000.0,Colombo,7.2,Mount Lavinia
1300,3,1,Gampaha,10,2,12000000.0,Gampaha,6.87,Kadawatha
2000,4,2,Gampaha,34,2,19500000.0,Gampaha,11.75,Kadawatha
2300,4,2,Gampaha,7,2,34500000.0,Gampaha,12.0,Kadawatha
2000,3,2,Kurunegala,11,2,6600000.0,Kurunegala,25.0,Kurunegala City
3600,4,3,Colombo,32,2,36000000.0,Colombo,7.8,Malabe
3000,5,3,Colombo,30,2,66000000.0,Colombo,11.7,Kotte
3300,3,2,Colombo,49,2,40000000.0,Colombo,7.0,Talawatugoda
400,2,1,Colombo,33,1,4800000.0,Colombo,1.21,Rajagiriya
1400,3,1,Gampaha,1,2,6800000.0,Gampaha,13.5,Delgoda
1500,3,2,Colombo,40,2,16000000.0,Colombo,7.5,Kottawa
4800,5,4,Colombo,12,2,115000000.0,Colombo,22.0,Talawatugoda
3000,4,3,Colombo,49,2,42000000.0,Colombo,10.0,Talawatugoda
1500,3,2,Gampaha,4,2,7600000.0,Gampaha,16.0,Kandana
1500,2,1,Colombo,23,1,6500000.0,Colombo,6.5,Piliyandala
1200,3,2,Gampaha,42,2,12000000.0,Gampaha,6.7,Kadawatha
2675,4,3,Colombo,33,2,48000000.0,Colombo,10.1,Malabe
5260,5,5,Colombo,41,2,41000000.0,Colombo,16.0,Kottawa
2000,4,2,Colombo,34,2,13500000.0,Colombo,10.0,Kesbewa
4000,4,4,Colombo,19,2,150000000.0,Colombo,6.62,Colombo 4
1200,3,1,Gampaha,35,2,15000000.0,Gampaha,6.25,Kiribathgoda
3500,3,2,Badulla,45,2,21000000.0,Badulla,16.5,Bandarawela
3000,4,4,Colombo,3,2,49500000.0,Colombo,10.0,Talawatugoda
2500,4,3,Colombo,9,2,35000000.0,Colombo,9.0,Nugegoda
3000,3,3,Colombo,48,2,85000000.0,Colombo,16.5,Battaramulla
4000,4,4,Colombo,18,2,150000000.0,Colombo,6.6,Colombo 4
3500,5,4,Colombo,48,2,49000000.0,Colombo,11.5,Maharagama
1905,2,1,Colombo,6,1,13500000.0,Colombo,9.0,Angoda
3000,5,3,Colombo,25,2,44000000.0,Colombo,19.5,Moratuwa
2863,4,4,Colombo,23,2,25500000.0,Colombo,6.0,Piliyandala
1785,3,3,Colombo,3,2,17500000.0,Colombo,12.5,Piliyandala
655,2,2,Gampaha,15,1,4350000.0,Gampaha,2.29,Gampaha City
2000,3,1,Gampaha,9,2,7500000.0,Gampaha,11.5,Ragama
2500,3,2,Colombo,20,2,46000000.0,Colombo,16.0,Kaduwela
1502,4,2,Colombo,44,2,14200000.0,Colombo,12.0,Homagama
4500,5,4,Colombo,18,2,145000000.0,Colombo,23.0,Nugegoda
2000,3,2,Gampaha,5,2,41000000.0,Gampaha,40.0,Ja-Ela
2250,4,4,Colombo,39,2,195000000.0,Colombo,7.0,Kesbewa
1350,3,1,Gampaha,3,2,12000000.0,Gampaha,1350.0,Gampaha City
1275,3,2,Gampaha,10,2,12500000.0,Gampaha,7.0,Kadawatha
2600,4,4,Colombo,41,2,29000000.0,Colombo,10.5,Athurugiriya
915,3,1,Kurunegala,17,2,70000000.0,Kurunegala,10.0,Kurunegala City
2100,3,1,Gampaha,7,2,6500000.0,Gampaha,24.0,Nittambuwa
1200,2,1,Colombo,25,1,13000000.0,Colombo,6.0,Pannipitiya
3600,5,4,Colombo,4,2,52000000.0,Colombo,13.0,Nugegoda
3500,4,3,Colombo,34,2,45000000.0,Colombo,8.0,Nugegoda
980,2,2,Colombo,41,1,21000000.0,Colombo,4.7,Dehiwala
2535,5,1,Kegalle,23,2,15000000.0,Kegalle,16.0,Kegalle City
3300,4,3,Galle,4,2,28500000.0,Galle,25.0,Elpitiya
2200,3,1,Galle,1,2,4000000.0,Galle,13.0,Galle City
2500,4,3,Gampaha,25,2,29500000.0,Gampaha,20.0,Negombo
980,2,1,Colombo,7,1,8880000.0,Colombo,9.0,Meegoda
3000,4,2,Colombo,1,2,17500000.0,Colombo,11.0,Maharagama
960,2,1,Colombo,23,1,8000000.0,Colombo,9.0,Meegoda
2950,4,3,Gampaha,22,2,12500000.0,Gampaha,14.5,Kadawatha
3300,3,2,Colombo,3,2,40000000.0,Colombo,7.0,Talawatugoda
1500,3,2,Gampaha,25,2,15500000.0,Gampaha,12.5,Gampaha City
3000,4,4,Colombo,34,2,42000000.0,Colombo,10.0,Talawatugoda
925,2,1,Colombo,5,1,7800000.0,Colombo,9.0,Meegoda
5400,4,3,Colombo,12,2,25900000.0,Colombo,8.1,Kottawa
1660,3,3,Colombo,39,2,16800000.0,Colombo,11.5,Piliyandala
500,1,1,Colombo,50,1,5800000.0,Colombo,2.0,Rajagiriya
1040,4,3,Colombo,34,2,25000000.0,Colombo,8.4,Boralesgamuwa
1800,3,2,Colombo,11,2,17000000.0,Colombo,12.5,Talawatugoda
2500,5,3,Colombo,6,2,25000000.0,Colombo,8.2,Kottawa
1180,2,3,Colombo,43,1,14000000.0,Colombo,8.0,Boralesgamuwa
1325,3,1,Gampaha,17,2,9900000.0,Gampaha,10.0,Negombo
4500,4,5,Gampaha,27,2,47000000.0,Gampaha,14.7,Negombo
1500,2,1,Kurunegala,46,1,9000000.0,Kurunegala,41.0,Kuliyapitiya
2100,4,2,Colombo,2,2,37000000.0,Colombo,21.5,Malabe
2000,4,2,Colombo,49,2,39000000.0,Colombo,12.0,Piliyandala
3200,5,2,Colombo,1,2,100000000.0,Colombo,8.5,Colombo 6
1800,3,2,Colombo,2,2,23500000.0,Colombo,18.0,Athurugiriya
2000,4,2,Gampaha,5,2,13750000.0,Gampaha,12.5,Kadawatha
2089,5,2,Gampaha,10,2,27000000.0,Gampaha,13.5,Ragama
1800,3,2,Gampaha,42,2,11500000.0,Gampaha,11.7,Kandana
2700,5,3,Colombo,6,2,27500000.0,Colombo,6.3,Athurugiriya
1500,3,1,Gampaha,15,2,21500000.0,Gampaha,30.0,Gampaha City
3200,6,4,Colombo,4,3,33500000.0,Colombo,16.2,Kottawa
2800,4,4,Colombo,49,2,28000000.0,Colombo,10.0,Malabe
5000,4,4,Colombo,12,2,230000000.0,Colombo,12.0,Colombo 8
2500,4,2,Colombo,48,2,17500000.0,Colombo,16.7,Kesbewa
3250,5,2,Gampaha,10,2,26500000.0,Gampaha,14.15,Kadawatha
2600,4,4,Colombo,6,2,29000000.0,Colombo,10.0,Malabe
2800,4,4,Colombo,49,2,28000000.0,Colombo,10.0,Athurugiriya
1700,3,1,Gampaha,7,2,8500000.0,Gampaha,10.0,Kiribathgoda
980,2,2,Colombo,43,1,21000000.0,Colombo,4.7,Dehiwala
2500,4,5,Gampaha,9,2,27000000.0,Gampaha,18.0,Kiribathgoda
1565,3,2,Colombo,47,2,19500000.0,Colombo,6.0,Maharagama
4200,4,4,Colombo,45,2,49500000.0,Colombo,10.0,Talawatugoda
2850,4,3,Colombo,40,2,42000000.0,Colombo,10.0,Talawatugoda
632,5,3,Puttalam,9,2,40000000.0,Puttalam,28.0,Wennappuwa
2513,4,3,Colombo,9,2,35000000.0,Colombo,8.5,Piliyandala
3000,5,4,Colombo,9,2,40000000.0,Colombo,10.0,Piliyandala
2300,3,2,Gampaha,43,2,21000000.0,Gampaha,12.5,Kadawatha
2800,4,2,Colombo,5,2,35000000.0,Colombo,12.0,Rajagiriya
1500,2,1,Colombo,2,1,15965000.0,Colombo,31.0,Boralesgamuwa
3500,4,3,Colombo,34,2,69990000.0,Colombo,23.33,Dehiwala
2500,5,3,Colombo,16,2,50000000.0,Colombo,10.6,Pannipitiya
1200,2,1,Colombo,8,1,3500000.0,Colombo,3.0,Piliyandala
1200,3,1,Colombo,15,2,13200000.0,Colombo,10.0,Homagama
2500,4,2,Gampaha,34,2,16000000.0,Gampaha,5.0,Gampaha City
2500,4,1,Gampaha,4,2,21500000.0,Gampaha,40.0,Gampaha City
1200,3,2,Colombo,20,2,8999000.0,Colombo,10.0,Homagama
2975,4,3,Kandy,6,2,40000000.0,Kandy,16.0,Kandy City
1500,3,1,Gampaha,1,2,8600000.0,Gampaha,20.0,Gampaha City
3000,4,4,Colombo,2,2,25500000.0,Colombo,7.5,Piliyandala
2000,5,1,Colombo,19,2,8500000.0,Colombo,17.0,Homagama
5000,5,4,Colombo,42,2,100000000.0,Colombo,30.0,Talawatugoda
1800,3,2,Gampaha,39,2,14000000.0,Gampaha,20.0,Kiribathgoda
1300,3,3,Gampaha,16,2,11500000.0,Gampaha,6.0,Ragama
850,2,1,Gampaha,8,1,3500000.0,Gampaha,7.0,Gampaha City
3200,4,3,Gampaha,2,2,24500000.0,Gampaha,11.7,Ragama
5000,6,6,Colombo,3,3,95000000.0,Colombo,7.5,Colombo 5
4500,7,5,Colombo,33,4,55000000.0,Colombo,11.3,Nugegoda
1800,1,1,Gampaha,13,1,6700000.0,Gampaha,7.5,Ragama
5200,5,5,Colombo,31,2,41000000.0,Colombo,16.0,Piliyandala
2000,4,3,Colombo,1,2,60000000.0,Colombo,12.0,Dehiwala
1275,3,2,Gampaha,34,2,12500000.0,Gampaha,7.1,Kadawatha
3000,8,3,Colombo,15,4,35000000.0,Colombo,15.0,Dehiwala
1528,3,2,Colombo,50,2,14000000.0,Colombo,8.0,Piliyandala
4000,5,4,Colombo,45,2,46000000.0,Colombo,10.0,Nugegoda
4000,7,7,Gampaha,4,4,60000000.0,Gampaha,24.5,Kadawatha
1047,6,4,Batticaloa,8,3,26000000.0,Batticaloa,31.0,Batticaloa City
2350,5,3,Gampaha,5,2,39500000.0,Gampaha,19.7,Kadawatha
1361,2,2,Colombo,37,1,11000000.0,Colombo,5.0,Wellampitiya
4200,4,4,Colombo,23,2,49500000.0,Colombo,10.0,Talawatugoda
2250,4,4,Colombo,14,2,21500000.0,Colombo,9.0,Piliyandala
3000,4,3,Colombo,23,2,32500000.0,Colombo,14.0,Rajagiriya
1800,3,2,Colombo,20,2,13800000.0,Colombo,10.2,Homagama
2200,4,4,Colombo,7,2,17500000.0,Colombo,7.0,Piliyandala
2200,3,1,Colombo,3,2,8500000.0,Colombo,12.0,Kaduwela
1400,3,2,Colombo,40,2,18000000.0,Colombo,11.0,Kottawa
3000,4,4,Colombo,20,2,42000000.0,Colombo,10.0,Talawatugoda
1800,3,2,Colombo,12,2,15000000.0,Colombo,10.0,Malabe
2500,3,2,Matara,16,2,19500000.0,Matara,20.0,Akuressa
750,2,1,Colombo,9,1,7500000.0,Colombo,2.5,Colombo 9
2000,2,1,Colombo,38,1,16500000.0,Colombo,7.0,Dehiwala
2500,6,2,Gampaha,1,3,21000000.0,Gampaha,15.0,Gampaha City
1500,3,1,Gampaha,39,2,7200000.0,Gampaha,30.0,Gampaha City
850,1,1,Gampaha,2,1,3200000.0,Gampaha,16.0,Gampaha City
1000,4,1,Gampaha,8,2,7500000.0,Gampaha,18.0,Gampaha City
2100,5,2,Gampaha,4,2,11000000.0,Gampaha,10.0,Negombo
1200,3,2,Gampaha,5,2,12000000.0,Gampaha,6.7,Kadawatha
1500,3,2,Gampaha,1,2,15500000.0,Gampaha,12.5,Kadawatha
1000,2,1,Gampaha,11,1,6500000.0,Gampaha,9.8,Delgoda
1750,5,2,Gampaha,42,2,11000000.0,Gampaha,10.0,Negombo
2100,4,2,Gampaha,7,2,13000000.0,Gampaha,11.0,Negombo
2489,4,4,Colombo,26,2,24800000.0,Colombo,6.5,Piliyandala
3500,4,4,Colombo,40,2,44000000.0,Colombo,7.7,Talawatugoda
2500,4,3,Colombo,14,2,26000000.0,Colombo,8.5,Piliyandala
4200,4,4,Colombo,45,2,49500000.0,Colombo,10.0,Talawatugoda
4000,4,4,Colombo,19,2,65000000.0,Colombo,12.0,Battaramulla
1200,3,1,Gampaha,21,2,12000000.0,Gampaha,7.0,Kadawatha
2600,4,3,Colombo,9,2,25500000.0,Colombo,6.2,Piliyandala
1320,3,1,Gampaha,8,2,13000000.0,Gampaha,6.9,Kadawatha
1825,3,3,Gampaha,2,2,28000000.0,Gampaha,10.3,Kadawatha
2300,3,3,Colombo,11,2,21500000.0,Colombo,9.5,Piliyandala
1500,3,2,Colombo,49,2,14000000.0,Colombo,10.0,Piliyandala
3500,4,4,Colombo,32,2,85000000.0,Colombo,16.0,Battaramulla
4000,4,4,Colombo,38,2,65000000.0,Colombo,12.0,Malabe
2400,4,3,Colombo,16,2,24800000.0,Colombo,6.0,Piliyandala
3520,4,4,Colombo,43,2,34000000.0,Colombo,8.5,Piliyandala
3750,4,3,Gampaha,26,2,40000000.0,Gampaha,9.9,Kadawatha
3000,4,4,Colombo,6,2,28500000.0,Colombo,15.0,Piliyandala
2440,4,3,Colombo,4,2,24800000.0,Colombo,6.5,Piliyandala
3250,5,3,Colombo,19,2,23500000.0,Colombo,7.0,Piliyandala
2000,4,3,Colombo,20,2,17500000.0,Colombo,6.5,Piliyandala
3150,4,3,Gampaha,1,2,26500000.0,Gampaha,10.5,Negombo
1200,3,3,Colombo,50,2,29500000.0,Colombo,16.5,Malabe
3150,5,3,Colombo,5,2,48000000.0,Colombo,11.7,Kotte
3600,5,4,Colombo,34,2,35000000.0,Colombo,8.0,Malabe
1250,3,2,Colombo,3,2,26500000.0,Colombo,7.0,Malabe
1300,3,2,Colombo,32,2,17000000.0,Colombo,7.5,Malabe
2500,4,3,Colombo,4,2,23500000.0,Colombo,6.0,Malabe
2280,4,4,Colombo,9,2,27000000.0,Colombo,7.5,Kesbewa
1400,3,2,Colombo,32,2,18500000.0,Colombo,7.9,Malabe
1070,3,2,Colombo,17,2,14200000.0,Colombo,7.6,Malabe
3600,4,3,Colombo,15,2,36000000.0,Colombo,7.8,Malabe
2400,4,3,Colombo,50,2,26000000.0,Colombo,10.0,Malabe
2100,4,4,Colombo,4,2,25500000.0,Colombo,10.0,Malabe
2280,4,4,Colombo,4,2,27000000.0,Colombo,7.5,Kottawa
4000,6,6,Colombo,40,3,63000000.0,Colombo,12.0,Nugegoda
3000,4,3,Colombo,38,2,110000000.0,Colombo,50.0,Talawatugoda
3500,4,3,Gampaha,23,2,26500000.0,Gampaha,10.0,Negombo
2100,4,2,Colombo,43,2,20000000.0,Colombo,11.4,Malabe
1480,3,2,Colombo,4,2,16800000.0,Colombo,6.5,Pannipitiya
3000,4,4,Colombo,48,2,55000000.0,Colombo,12.0,Talawatugoda
6500,6,5,Colombo,4,3,44000000.0,Colombo,12.5,Talawatugoda
2500,4,3,Gampaha,23,2,29500000.0,Gampaha,20.0,Negombo
4200,6,4,Colombo,2,3,68000000.0,Colombo,9.0,Battaramulla
1480,3,2,Colombo,45,2,16800000.0,Colombo,6.5,Kottawa
1532,3,3,Colombo,34,2,14000000.0,Colombo,8.0,Piliyandala
2963,4,5,Colombo,34,2,25500000.0,Colombo,7.5,Piliyandala
2874,4,4,Colombo,19,2,28000000.0,Colombo,10.0,Piliyandala
1480,3,2,Colombo,9,2,16800000.0,Colombo,6.5,Kottawa
2781,4,4,Colombo,11,2,21500000.0,Colombo,9.0,Piliyandala
2986,4,4,Colombo,26,2,28500000.0,Colombo,7.5,Piliyandala
3500,5,2,Colombo,18,2,24500000.0,Colombo,10.0,Piliyandala
3014,4,5,Colombo,34,2,33000000.0,Colombo,7.5,Piliyandala
1685,3,3,Colombo,47,2,17500000.0,Colombo,12.5,Piliyandala
1475,3,2,Colombo,2,2,14000000.0,Colombo,10.0,Piliyandala
2786,4,4,Colombo,27,2,23500000.0,Colombo,14.0,Piliyandala
2740,4,4,Colombo,1,2,25500000.0,Colombo,8.0,Piliyandala
2861,4,4,Colombo,9,2,25500000.0,Colombo,6.0,Piliyandala
2563,3,3,Colombo,50,2,21500000.0,Colombo,9.5,Piliyandala
2100,3,3,Colombo,8,2,19500000.0,Colombo,6.0,Piliyandala
2100,3,3,Colombo,25,2,19500000.0,Colombo,6.0,Piliyandala
3500,4,4,Colombo,41,2,30500000.0,Colombo,8.0,Piliyandala
1800,3,3,Colombo,10,2,18500000.0,Colombo,10.0,Piliyandala
3240,4,2,Gampaha,1,2,17200000.0,Gampaha,20.0,Kiribathgoda
1250,3,3,Colombo,46,2,21000000.0,Colombo,10.0,Malabe
3000,4,2,Gampaha,25,2,22000000.0,Gampaha,15.0,Ragama
2600,4,3,Colombo,1,2,25000000.0,Colombo,6.8,Kottawa
2200,4,3,Colombo,40,2,45000000.0,Colombo,6.3,Boralesgamuwa
1200,3,3,Colombo,11,2,14000000.0,Colombo,6.0,Athurugiriya
3594,5,4,Colombo,43,2,42000000.0,Colombo,11.0,Talawatugoda
1000,2,1,Colombo,2,1,22500000.0,Colombo,15.0,Kottawa
1400,3,1,Colombo,18,2,7500000.0,Colombo,8.0,Piliyandala
5026,4,4,Colombo,21,2,25500000.0,Colombo,6.2,Piliyandala
1524,3,2,Colombo,25,2,14000000.0,Colombo,10.0,Piliyandala
1546,3,2,Colombo,50,2,14000000.0,Colombo,8.0,Piliyandala
2811,4,4,Colombo,43,2,26000000.0,Colombo,8.5,Piliyandala
1500,2,1,Colombo,26,1,11500000.0,Colombo,10.0,Mount Lavinia
4200,6,4,Colombo,10,3,61000000.0,Colombo,9.0,Battaramulla
3300,5,4,Colombo,24,2,31500000.0,Colombo,10.0,Athurugiriya
2000,3,1,Colombo,40,2,16000000.0,Colombo,6.0,Dehiwala
2100,3,3,Colombo,1,2,19000000.0,Colombo,8.0,Athurugiriya
2800,5,3,Colombo,45,2,53000000.0,Colombo,12.5,Kotte
2400,4,3,Kalutara,47,2,16500000.0,Kalutara,6.5,Panadura
3500,5,4,Colombo,14,2,72000000.0,Colombo,14.0,Nugegoda
3000,5,3,Colombo,7,2,55000000.0,Colombo,17.8,Talawatugoda
1480,3,3,Colombo,49,2,13000000.0,Colombo,8.0,Homagama
2500,3,2,Colombo,23,2,32000000.0,Colombo,16.0,Kottawa
1850,3,2,Colombo,5,2,32000000.0,Colombo,8.0,Piliyandala
4500,6,3,Gampaha,42,3,22500000.0,Gampaha,15.75,Ja-Ela
1800,3,1,Gampaha,15,2,9300000.0,Gampaha,15.0,Ja-Ela
1500,2,1,Kurunegala,18,1,8500000.0,Kurunegala,15.0,Kurunegala City
4500,8,5,Colombo,9,4,135000000.0,Colombo,12.0,Battaramulla
5000,8,5,Colombo,46,4,45000000.0,Colombo,11.0,Dehiwala
3600,4,3,Colombo,48,2,36000000.0,Colombo,12.0,Talawatugoda
4700,4,3,Colombo,18,2,62000000.0,Colombo,20.0,Battaramulla
3100,4,4,Colombo,20,2,40000000.0,Colombo,10.0,Piliyandala
2400,4,3,Colombo,16,2,24800000.0,Colombo,6.0,Piliyandala
3150,4,3,Gampaha,2,2,26500000.0,Gampaha,10.5,Negombo
1600,3,2,Colombo,47,2,14000000.0,Colombo,14.0,Piliyandala
1300,3,2,Colombo,48,2,11000000.0,Colombo,7.0,Piliyandala
1800,6,2,Galle,17,3,30000000.0,Galle,6.5,Galle City
2750,4,2,Gampaha,31,2,13000000.0,Gampaha,11.0,Negombo
3000,4,2,Colombo,19,2,22000000.0,Colombo,15.4,Piliyandala
3500,4,3,Gampaha,7,2,29500000.0,Gampaha,20.0,Negombo
1200,3,2,Colombo,20,2,18500000.0,Colombo,10.0,Piliyandala
3100,4,4,Colombo,41,2,40000000.0,Colombo,10.0,Piliyandala
3000,4,4,Colombo,25,2,28500000.0,Colombo,15.0,Piliyandala
5250,4,4,Colombo,9,2,55000000.0,Colombo,14.0,Kottawa
3500,5,4,Colombo,18,2,46000000.0,Colombo,10.5,Nugegoda
1700,3,2,Gampaha,39,2,19500000.0,Gampaha,12.5,Negombo
5000,8,5,Colombo,1,4,42500000.0,Colombo,13.2,Nugegoda
3800,4,4,Colombo,3,2,47500000.0,Colombo,7.0,Nugegoda
2500,3,2,Colombo,44,2,45000000.0,Colombo,10.0,Nugegoda
2500,2,1,Gampaha,40,1,5550000.0,Gampaha,12.5,Nittambuwa
7100,6,5,Colombo,36,3,155000000.0,Colombo,27.0,Nugegoda
1500,2,3,Colombo,6,1,16000000.0,Colombo,2.25,Colombo 12
2800,4,3,Colombo,5,2,26500000.0,Colombo,6.5,Malabe
1600,2,1,Gampaha,16,1,6750000.0,Gampaha,25.0,Nittambuwa
3200,4,4,Colombo,7,2,36000000.0,Colombo,10.0,Malabe
2300,2,1,Kegalle,5,1,7000000.0,Kegalle,31.0,Mawanella
5000,7,5,Kandy,31,4,42000000.0,Kandy,27.0,Kandy City
4600,5,5,Colombo,35,2,170000000.0,Colombo,8.5,Colombo 5
2500,5,7,Colombo,3,2,64000000.0,Colombo,17.5,Talawatugoda
2500,3,2,Colombo,10,2,35000000.0,Colombo,20.0,Talawatugoda
1600,5,1,Gampaha,10,2,4650000.0,Gampaha,12.0,Nittambuwa
2700,4,3,Colombo,48,2,46000000.0,Colombo,8.65,Nawala
1500,3,1,Gampaha,14,2,36400000.0,Gampaha,280.0,Nittambuwa
3300,3,2,Colombo,11,2,40000000.0,Colombo,7.0,Talawatugoda
4200,4,4,Colombo,44,2,49500000.0,Colombo,10.0,Talawatugoda
3800,5,4,Colombo,3,2,47500000.0,Colombo,14.8,Talawatugoda
4000,4,4,Colombo,19,2,60000000.0,Colombo,15.0,Talawatugoda
3800,5,4,Colombo,6,2,45000000.0,Colombo,11.0,Talawatugoda
2500,4,4,Colombo,13,2,24800000.0,Colombo,6.0,Piliyandala
2500,4,2,Colombo,41,2,12500000.0,Colombo,12.5,Piliyandala
4000,5,4,Colombo,23,2,259000000.0,Colombo,18.5,Colombo 7
2200,4,3,Colombo,28,2,26000000.0,Colombo,7.0,Piliyandala
3000,5,4,Colombo,19,2,40000000.0,Colombo,10.0,Piliyandala
2900,4,4,Colombo,8,2,36000000.0,Colombo,8.5,Piliyandala
2500,5,4,Colombo,3,2,28500000.0,Colombo,7.7,Piliyandala
1192,3,1,Gampaha,10,2,7000000.0,Gampaha,15.2,Veyangoda
3000,4,3,Colombo,31,2,49500000.0,Colombo,12.5,Homagama
5000,5,5,Colombo,48,2,41000000.0,Colombo,16.0,Kottawa
1600,3,2,Colombo,5,2,17500000.0,Colombo,13.16,Kottawa
1600,3,2,Colombo,7,2,60000000.0,Colombo,9.0,Colombo 6
1500,2,2,Colombo,29,1,18000000.0,Colombo,7.0,Kotte
540,2,1,Colombo,33,1,4000000.0,Colombo,2.0,Colombo 12
3800,5,4,Colombo,47,2,45000000.0,Colombo,11.0,Talawatugoda
1000,2,1,Galle,8,1,3500000.0,Galle,10.0,Hikkaduwa
2462,4,4,Colombo,34,2,25500000.0,Colombo,6.5,Piliyandala
2200,4,3,Colombo,21,2,90000000.0,Colombo,18.5,Nugegoda
1900,4,1,Colombo,40,2,12200000.0,Colombo,10.0,Godagama
7351,4,2,Kandy,49,2,9000000.0,Kandy,27.0,Kandy City
1500,2,1,Kandy,50,1,14000000.0,Kandy,11.4,Katugastota
2100,5,2,Gampaha,33,2,11000000.0,Gampaha,10.0,Negombo
3605,6,5,Colombo,35,3,65000000.0,Colombo,18.98,Nugegoda
1500,4,2,Colombo,47,2,27000000.0,Colombo,7.42,Moratuwa
1500,3,2,Colombo,1,2,36000000.0,Colombo,6.0,Nugegoda
2500,4,3,Colombo,10,2,90000000.0,Colombo,36.0,Battaramulla
6000,4,4,Colombo,25,2,180000000.0,Colombo,20.66,Kotte
3300,3,2,Colombo,9,2,40000000.0,Colombo,7.0,Talawatugoda
3350,5,3,Colombo,17,2,30000000.0,Colombo,10.0,Pannipitiya
2400,4,4,Colombo,9,2,33500000.0,Colombo,36.5,Athurugiriya
2000,3,1,Matale,8,2,4100888.0,Matale,50.0,Matale City
3800,4,4,Colombo,32,2,65000000.0,Colombo,21.0,Battaramulla
2000,3,2,Colombo,18,2,60000000.0,Colombo,9.2,Nawala
5000,4,3,Colombo,6,2,42000000.0,Colombo,10.0,Pannipitiya
2000,3,3,Colombo,46,2,43050000.0,Colombo,12.3,Nawala
3500,5,4,Gampaha,35,2,18000000.0,Gampaha,14.0,Negombo
4500,4,5,Gampaha,4,2,47000000.0,Gampaha,14.7,Negombo
2800,4,4,Colombo,26,2,28000000.0,Colombo,10.0,Athurugiriya
800,1,1,Colombo,39,1,3000000.0,Colombo,1.0,Colombo 10
3000,4,4,Colombo,50,2,60000000.0,Colombo,15.0,Talawatugoda
1000,2,1,Kalutara,1,1,3800000.0,Kalutara,5.6,Panadura
2600,4,4,Colombo,49,2,29000000.0,Colombo,10.5,Athurugiriya
1500,3,2,Colombo,23,2,11500000.0,Colombo,10.0,Kaduwela
1050,3,2,Colombo,36,2,14500000.0,Colombo,4.0,Rajagiriya
3000,4,4,Colombo,6,2,53000000.0,Colombo,16.0,Talawatugoda
3300,3,2,Colombo,6,2,40000000.0,Colombo,7.0,Talawatugoda
3500,5,3,Puttalam,31,2,17500000.0,Puttalam,45.0,Dankotuwa
2500,5,2,Kandy,2,2,29500000.0,Kandy,30.5,Kandy City
3200,4,4,Colombo,10,2,29500000.0,Colombo,8.0,Piliyandala
1850,3,2,Colombo,4,2,47500000.0,Colombo,6.5,Nawala
1500,3,1,Gampaha,7,2,7500000.0,Gampaha,10.0,Ganemulla
1500,2,1,Colombo,49,1,4500000.0,Colombo,5.5,Kolonnawa
3200,5,3,Gampaha,39,2,22700000.0,Gampaha,10.0,Kandana
4321,4,4,Colombo,1,2,33000000.0,Colombo,10.0,Piliyandala
2440,4,3,Colombo,41,2,45000000.0,Colombo,9.55,Nawala
1750,3,1,Galle,20,2,16500000.0,Galle,129.0,Elpitiya
3150,4,3,Gampaha,1,2,26500000.0,Gampaha,10.5,Negombo
2500,4,2,Matale,19,2,50000000.0,Matale,25.0,Matale City
3600,4,3,Colombo,11,2,36000000.0,Colombo,7.8,Malabe
2700,5,4,Colombo,41,2,60000000.0,Colombo,7.5,Nawala
2400,4,4,Colombo,41,2,26000000.0,Colombo,10.5,Malabe
3000,4,4,Colombo,8,2,36000000.0,Colombo,10.0,Malabe
2700,5,4,Colombo,48,2,150000000.0,Colombo,8.5,Colombo 8
3500,4,4,Colombo,40,2,30500000.0,Colombo,8.0,Piliyandala
4500,4,4,Colombo,10,2,100000000.0,Colombo,10.0,Talawatugoda
3500,4,3,Colombo,28,2,36000000.0,Colombo,7.8,Talawatugoda
4000,7,6,Colombo,23,4,70500000.0,Colombo,14.25,Colombo 9
3000,6,5,Colombo,49,3,26000000.0,Colombo,13.0,Kolonnawa
2100,3,3,Colombo,4,2,19500000.0,Colombo,6.0,Piliyandala
3850,7,4,Colombo,1,4,27000000.0,Colombo,10.0,Malabe
2800,4,4,Colombo,43,2,27500000.0,Colombo,11.5,Malabe
3500,4,4,Colombo,9,2,30500000.0,Colombo,8.0,Piliyandala
2250,3,3,Colombo,11,2,19500000.0,Colombo,7.5,Piliyandala
2100,3,3,Colombo,49,2,19500000.0,Colombo,6.0,Piliyandala
1300,3,2,Colombo,21,2,9800000.0,Colombo,6.0,Colombo 15
1600,4,2,Colombo,6,2,13000000.0,Colombo,8.0,Wellampitiya
2100,4,2,Gampaha,16,2,13000000.0,Gampaha,11.0,Negombo
900,4,2,Gampaha,12,2,6500000.0,Gampaha,6.0,Kandana
2000,5,4,Colombo,8,2,11000000.0,Colombo,4.0,Wellampitiya
2500,5,4,Colombo,37,2,26000000.0,Colombo,10.5,Malabe
750,2,1,Colombo,19,1,6500000.0,Colombo,1.79,Kolonnawa
1450,2,1,Kalutara,3,1,7000000.0,Kalutara,10.0,Bandaragama
1200,3,2,Colombo,10,2,8200000.0,Colombo,11.3,Piliyandala
2700,4,2,Gampaha,25,2,18000000.0,Gampaha,15.0,Ja-Ela
3643,5,2,Colombo,9,2,45000000.0,Colombo,9.33,Kotte
1800,3,2,Colombo,3,2,11000000.0,Colombo,7.0,Piliyandala
1000,2,1,Colombo,24,1,13900000.0,Colombo,4.08,Colombo 6
1350,3,2,Colombo,47,2,14500000.0,Colombo,10.0,Malabe
1800,3,2,Colombo,44,2,13000000.0,Colombo,7.5,Piliyandala
1400,3,1,Colombo,25,2,8600000.0,Colombo,19.5,Homagama
2500,5,3,Colombo,4,2,17500000.0,Colombo,10.0,Kottawa
1800,4,4,Colombo,6,2,16900000.0,Colombo,7.5,Kottawa
2800,6,4,Colombo,1,3,25000000.0,Colombo,10.0,Pannipitiya
750,2,1,Colombo,24,1,7500000.0,Colombo,3.0,Colombo 9
1500,5,4,Colombo,6,2,16000000.0,Colombo,3.0,Kolonnawa
3000,4,4,Colombo,21,2,42000000.0,Colombo,10.0,Maharagama
3650,4,3,Colombo,36,2,50000000.0,Colombo,10.0,Talawatugoda
1000,3,3,Colombo,1,2,26000000.0,Colombo,8.0,Wellampitiya
3000,4,3,Colombo,44,2,42000000.0,Colombo,10.0,Battaramulla
3500,5,4,Colombo,4,2,39000000.0,Colombo,13.5,Piliyandala
1000,3,1,Colombo,11,2,34000000.0,Colombo,30.0,Wellampitiya
3300,3,2,Colombo,46,2,40000000.0,Colombo,7.0,Talawatugoda
2500,6,4,Colombo,25,3,27000000.0,Colombo,3.6,Colombo 10
3000,4,3,Colombo,11,2,105000000.0,Colombo,50.17,Talawatugoda
900,2,1,Ratnapura,21,1,8800000.0,Ratnapura,6.8,Ratnapura City
1000,2,1,Colombo,26,1,15000000.0,Colombo,4.75,Kolonnawa
1633,2,1,Colombo,15,1,8200000.0,Colombo,6.0,Piliyandala
3500,4,4,Colombo,23,2,44000000.0,Colombo,7.7,Battaramulla
4000,5,4,Colombo,21,2,55000000.0,Colombo,10.0,Malabe
2500,3,2,Kandy,22,2,12500888.0,Kandy,11.5,Kandy City
3800,5,4,Colombo,10,2,45000000.0,Colombo,11.0,Talawatugoda
5700,7,5,Colombo,1,4,65000000.0,Colombo,33.0,Malabe
1200,3,2,Colombo,42,2,11000000.0,Colombo,8.7,Meegoda
2600,4,4,Colombo,3,2,29000000.0,Colombo,10.0,Malabe
2800,4,4,Colombo,13,2,28000000.0,Colombo,10.0,Malabe
1400,3,2,Colombo,8,2,6500000.0,Colombo,6.0,Piliyandala
3850,4,4,Colombo,38,2,33000000.0,Colombo,10.0,Piliyandala
2500,4,3,Colombo,12,2,26000000.0,Colombo,8.5,Piliyandala
3200,4,4,Colombo,25,2,29500000.0,Colombo,8.0,Boralesgamuwa
1350,3,2,Colombo,50,2,14500000.0,Colombo,10.0,Athurugiriya
1200,3,3,Colombo,7,2,14500000.0,Colombo,6.0,Athurugiriya
3000,4,4,Colombo,23,2,60000000.0,Colombo,15.0,Talawatugoda
950,3,2,Colombo,5,2,18500000.0,Colombo,3.0,Athurugiriya
3800,5,4,Colombo,42,2,47500000.0,Colombo,14.8,Talawatugoda
2600,4,3,Colombo,10,2,25500000.0,Colombo,6.2,Piliyandala
3800,5,4,Colombo,11,2,45000000.0,Colombo,11.0,Talawatugoda
2000,4,3,Colombo,1,2,16000000.0,Colombo,17.0,Athurugiriya
2600,5,3,Gampaha,17,2,17000000.0,Gampaha,10.3,Minuwangoda
2067,5,4,Colombo,24,2,22000000.0,Colombo,6.0,Athurugiriya
2200,4,3,Colombo,4,2,23000000.0,Colombo,7.0,Athurugiriya
1700,3,2,Gampaha,13,2,19500000.0,Gampaha,12.5,Negombo
3000,4,3,Colombo,47,2,40000000.0,Colombo,23.0,Homagama
1500,3,1,Gampaha,7,2,6500000.0,Gampaha,8.5,Ganemulla
2991,5,4,Gampaha,7,2,17000000.0,Gampaha,10.0,Kelaniya
3600,6,4,Colombo,1,3,33500000.0,Colombo,16.2,Kottawa
880,2,1,Galle,30,1,7000000.0,Galle,10.31,Galle City
2400,4,3,Colombo,21,2,24800000.0,Colombo,6.0,Piliyandala
2550,4,3,Colombo,1,2,25500000.0,Colombo,7.5,Piliyandala
1800,3,3,Colombo,49,2,23500000.0,Colombo,8.0,Piliyandala
1200,3,2,Colombo,25,2,18500000.0,Colombo,10.0,Piliyandala
2400,4,3,Colombo,20,2,26000000.0,Colombo,7.0,Piliyandala
1800,4,3,Colombo,14,2,16000000.0,Colombo,10.5,Ratmalana
3250,5,3,Colombo,14,2,23500000.0,Colombo,7.0,Piliyandala
1200,3,3,Colombo,22,2,14000000.0,Colombo,12.0,Piliyandala
2000,4,3,Colombo,10,2,17500000.0,Colombo,6.5,Piliyandala
3500,4,3,Gampaha,12,2,26500000.0,Gampaha,10.0,Negombo
3300,3,2,Colombo,5,2,40000000.0,Colombo,7.0,Talawatugoda
3300,3,2,Colombo,1,2,40000000.0,Colombo,7.0,Talawatugoda
3000,4,3,Colombo,30,2,110000000.0,Colombo,50.2,Talawatugoda
4200,4,4,Colombo,34,2,49500000.0,Colombo,10.0,Talawatugoda
3500,5,5,Colombo,10,2,40000000.0,Colombo,11.0,Talawatugoda
2800,5,7,Colombo,26,2,64000000.0,Colombo,17.5,Talawatugoda
3800,5,4,Colombo,1,2,47500000.0,Colombo,14.8,Talawatugoda
1652,3,2,Colombo,3,2,14000000.0,Colombo,10.0,Piliyandala
3300,4,4,Colombo,34,2,44000000.0,Colombo,7.7,Talawatugoda
1600,3,2,Colombo,5,2,14800000.0,Colombo,8.0,Athurugiriya
3800,5,4,Colombo,40,2,45000000.0,Colombo,11.0,Talawatugoda
1542,3,2,Colombo,19,2,14000000.0,Colombo,8.0,Piliyandala
3500,4,3,Colombo,16,2,36000000.0,Colombo,7.8,Malabe
1350,3,2,Colombo,19,2,14500000.0,Colombo,10.0,Malabe
1250,3,2,Colombo,46,2,16500000.0,Colombo,7.5,Malabe
1900,3,2,Colombo,11,2,19000000.0,Colombo,11.4,Malabe
1500,3,3,Colombo,46,2,18500000.0,Colombo,7.5,Malabe
1500,3,2,Colombo,1,2,15000000.0,Colombo,8.0,Wellampitiya
4000,4,4,Colombo,26,2,60000000.0,Colombo,15.0,Talawatugoda
2475,4,4,Colombo,41,2,21500000.0,Colombo,9.0,Piliyandala
3500,4,3,Gampaha,1,2,29500000.0,Gampaha,20.0,Negombo
2200,4,3,Colombo,28,2,26500000.0,Colombo,6.5,Malabe
2200,4,3,Colombo,11,2,22500000.0,Colombo,6.3,Malabe
4800,5,4,Colombo,5,2,115000000.0,Colombo,22.0,Talawatugoda
4000,5,4,Colombo,48,2,65000000.0,Colombo,10.0,Malabe
2300,5,2,Colombo,11,2,16500000.0,Colombo,12.0,Maharagama
2000,2,2,Colombo,20,1,25000000.0,Colombo,8.0,Dehiwala
1800,3,2,Kurunegala,9,2,6500000.0,Kurunegala,17.0,Kurunegala City
3600,4,3,Colombo,28,2,50000000.0,Colombo,10.5,Battaramulla
2650,3,2,Gampaha,4,2,20000000.0,Gampaha,17.0,Negombo
1680,3,2,Colombo,3,2,14000000.0,Colombo,10.0,Piliyandala
2552,4,3,Colombo,23,2,24800000.0,Colombo,6.5,Piliyandala
2000,4,3,Colombo,11,2,40000000.0,Colombo,6.0,Dehiwala
3102,4,4,Colombo,33,2,33000000.0,Colombo,10.0,Piliyandala
3150,4,3,Gampaha,22,2,26500000.0,Gampaha,10.5,Negombo
2500,4,3,Gampaha,46,2,29500000.0,Gampaha,20.0,Negombo
2485,4,4,Colombo,17,2,24800000.0,Colombo,6.0,Piliyandala
4500,5,5,Colombo,12,2,40000000.0,Colombo,11.5,Talawatugoda
1000,3,2,Colombo,5,2,9000000.0,Colombo,4.0,Wellampitiya
2250,3,2,Colombo,44,2,22000000.0,Colombo,8.0,Piliyandala
1632,4,2,Colombo,38,2,13500000.0,Colombo,6.0,Wellampitiya
1000,4,3,Colombo,14,2,14000000.0,Colombo,2.5,Colombo 9
2500,3,3,Colombo,15,2,25000000.0,Colombo,4.0,Colombo 9
1500,4,4,Colombo,5,2,14000000.0,Colombo,3.5,Colombo 10
1500,4,2,Colombo,35,2,17500000.0,Colombo,16.0,Wellampitiya
1300,3,1,Kalutara,44,2,9750000.0,Kalutara,13.0,Horana
1752,3,3,Colombo,10,2,17800000.0,Colombo,6.54,Piliyandala
2000,4,2,Colombo,18,2,35000000.0,Colombo,10.0,Kolonnawa
500,2,1,Colombo,30,1,5000000.0,Colombo,2.0,Wellampitiya
2000,4,2,Colombo,18,2,12500000.0,Colombo,10.0,Wellampitiya
750,2,1,Colombo,46,1,7700000.0,Colombo,3.0,Wellampitiya
1500,2,2,Colombo,25,1,12000000.0,Colombo,6.5,Wellampitiya
2600,4,3,Colombo,1,2,25000000.0,Colombo,6.8,Piliyandala
2550,4,4,Colombo,28,2,25500000.0,Colombo,6.6,Piliyandala
2500,2,1,Gampaha,10,1,7600000.0,Gampaha,5.0,Wattala
3520,4,4,Colombo,13,2,34000000.0,Colombo,8.5,Piliyandala
1500,3,2,Colombo,42,2,14000000.0,Colombo,10.0,Piliyandala
1600,3,3,Colombo,3,2,18500000.0,Colombo,8.5,Piliyandala
4000,5,4,Colombo,12,2,33000000.0,Colombo,10.0,Piliyandala
2564,4,4,Colombo,23,2,24800000.0,Colombo,6.0,Piliyandala
5100,8,5,Colombo,5,4,42500000.0,Colombo,13.2,Nugegoda
2800,4,4,Colombo,45,2,55000000.0,Colombo,9.8,Nugegoda
2700,4,4,Colombo,15,2,46000000.0,Colombo,10.33,Ratmalana
2600,6,4,Colombo,29,3,27000000.0,Colombo,10.0,Kesbewa
3500,6,3,Colombo,30,3,30000000.0,Colombo,11.0,Malabe
2750,4,3,Colombo,9,2,35000000.0,Colombo,10.0,Athurugiriya
4500,5,5,Colombo,28,2,125000000.0,Colombo,13.0,Colombo 5
2400,4,3,Colombo,20,2,27000000.0,Colombo,7.0,Kottawa
2000,4,3,Colombo,23,2,30000000.0,Colombo,16.5,Rajagiriya
1800,5,2,Colombo,48,2,27500000.0,Colombo,10.0,Talawatugoda
4500,5,4,Colombo,4,2,55000000.0,Colombo,11.73,Piliyandala
3150,4,3,Gampaha,13,2,26500000.0,Gampaha,10.5,Negombo
2700,4,3,Gampaha,18,2,28000000.0,Gampaha,17.5,Kadawatha
1550,3,2,Gampaha,18,2,17000000.0,Gampaha,11.0,Negombo
1500,3,1,Galle,15,2,12000000.0,Galle,20.0,Galle City
3150,4,3,Gampaha,1,2,26500000.0,Gampaha,10.5,Negombo
3500,4,3,Colombo,14,2,37500000.0,Colombo,14.0,Pannipitiya
1325,3,1,Gampaha,20,2,9900000.0,Gampaha,10.0,Negombo
2390,4,4,Gampaha,39,2,37000000.0,Gampaha,11.0,Kadawatha
3500,4,3,Colombo,17,2,65000000.0,Colombo,15.0,Nugegoda
2400,4,4,Colombo,17,2,33500000.0,Colombo,36.5,Talawatugoda
4500,4,4,Colombo,8,2,100000000.0,Colombo,10.0,Talawatugoda
10137,5,5,Colombo,34,2,130000000.0,Colombo,26.0,Battaramulla
2600,1,1,Colombo,31,1,22500000.0,Colombo,7.05,Talawatugoda
4000,4,5,Colombo,43,2,29500000.0,Colombo,10.0,Kottawa
3445,3,3,Colombo,24,2,33500000.0,Colombo,7.05,Talawatugoda
1600,3,1,Kalutara,24,2,13000000.0,Kalutara,11.0,Horana
3500,4,4,Colombo,4,2,37500000.0,Colombo,12.0,Piliyandala
2340,4,4,Gampaha,13,2,27100000.0,Gampaha,59.0,Minuwangoda
4000,5,3,Colombo,9,2,40000000.0,Colombo,10.9,Kaduwela
3300,2,2,Colombo,21,1,75000000.0,Colombo,16.4,Dehiwala
3300,4,3,Colombo,19,2,42500000.0,Colombo,11.0,Talawatugoda
3000,4,1,Gampaha,2,2,21500000.0,Gampaha,39.0,Nittambuwa
3800,4,3,Colombo,26,2,45000000.0,Colombo,11.0,Talawatugoda
3600,4,3,Colombo,45,2,52500000.0,Colombo,15.0,Talawatugoda
1400,3,2,Gampaha,45,2,9900000.0,Gampaha,10.0,Negombo
4500,4,5,Colombo,12,2,37500000.0,Colombo,14.5,Kottawa
1300,4,2,Colombo,41,2,13000000.0,Colombo,5.0,Angoda
6500,5,5,Colombo,48,2,125000000.0,Colombo,15.0,Nugegoda
2700,4,3,Colombo,48,2,46000000.0,Colombo,8.65,Nawala
3500,5,4,Colombo,17,2,270000000.0,Colombo,45.0,Nugegoda
1325,3,1,Gampaha,12,2,9900000.0,Gampaha,10.0,Negombo
5000,5,2,Colombo,40,2,25000000.0,Colombo,10.0,Malabe
3200,4,3,Colombo,42,2,41000000.0,Colombo,11.0,Battaramulla
3300,3,2,Colombo,32,2,40000000.0,Colombo,7.0,Talawatugoda
2000,5,3,Kalutara,6,2,27500000.0,Kalutara,17.5,Kalutara City
4290,5,4,Galle,39,2,65000000.0,Galle,23.5,Galle City
4200,7,3,Galle,9,4,32000000.0,Galle,10.5,Galle City
2500,6,6,Galle,31,3,55000000.0,Galle,26.0,Galle City
1900,3,2,Galle,4,2,14500000.0,Galle,40.0,Galle City
2600,5,3,Galle,22,2,25000000.0,Galle,8.9,Galle City
2400,6,6,Galle,21,3,100000000.0,Galle,59.6,Galle City
2000,3,3,Galle,8,2,15000000.0,Galle,20.0,Galle City
2000,3,3,Galle,22,2,24000000.0,Galle,23.5,Galle City
1800,3,3,Gampaha,3,2,21500000.0,Gampaha,6.0,Kiribathgoda
2800,4,4,Gampaha,6,2,27000000.0,Gampaha,18.0,Kiribathgoda
3500,5,4,Gampaha,22,2,33000000.0,Gampaha,11.0,Kiribathgoda
2900,4,3,Gampaha,2,2,30000000.0,Gampaha,10.0,Kiribathgoda
2400,4,4,Gampaha,47,2,20500000.0,Gampaha,16.0,Kadawatha
1600,4,1,Gampaha,23,2,16500000.0,Gampaha,16.0,Kadawatha
2200,3,2,Gampaha,12,2,18500000.0,Gampaha,20.5,Kadawatha
3000,5,2,Gampaha,30,2,24500000.0,Gampaha,10.0,Gampaha City
3800,4,4,Colombo,17,2,45000000.0,Colombo,7.0,Battaramulla
3800,4,4,Colombo,42,2,42500000.0,Colombo,7.7,Talawatugoda
1500,3,2,Colombo,17,2,13000000.0,Colombo,9.0,Homagama
4000,5,4,Colombo,20,2,75000000.0,Colombo,14.0,Battaramulla
2000,5,1,Galle,19,2,30000000.0,Galle,21.0,Ambalangoda
2000,4,2,Colombo,5,2,20000000.0,Colombo,4.5,Boralesgamuwa
2500,5,7,Colombo,1,2,64000000.0,Colombo,17.5,Talawatugoda
1500,3,1,Galle,14,2,7200000.0,Galle,54.0,Ambalangoda
1000,3,2,Galle,14,2,6500000.0,Galle,7.0,Ambalangoda
2500,5,2,Colombo,18,2,24000000.0,Colombo,20.0,Pannipitiya
3150,4,3,Gampaha,6,2,26500000.0,Gampaha,10.5,Negombo
1501,4,1,Gampaha,18,2,6000000.0,Gampaha,15.1,Gampaha City
3800,5,4,Colombo,26,2,45000000.0,Colombo,11.0,Talawatugoda
3000,4,3,Colombo,5,2,110000000.0,Colombo,50.0,Talawatugoda
3300,4,4,Colombo,23,2,44000000.0,Colombo,7.7,Talawatugoda
3000,6,2,Nuwara Eliya,7,3,13000000.0,Nuwara Eliya,96.0,Nuwara Eliya City
1000,3,1,Galle,25,2,5200000.0,Galle,9.5,Ambalangoda
1200,3,1,Colombo,26,2,19800000.0,Colombo,6.32,Rajagiriya
1500,4,1,Galle,6,2,4700000.0,Galle,10.0,Ambalangoda
3600,6,3,Colombo,5,3,85000000.0,Colombo,22.5,Malabe
2000,3,2,Galle,15,2,23000000.0,Galle,10.0,Ambalangoda
2500,4,3,Gampaha,8,2,29500000.0,Gampaha,20.0,Negombo
1200,2,1,Colombo,18,1,5700000.0,Colombo,6.2,Homagama
3600,5,4,Colombo,20,2,55000000.0,Colombo,13.0,Nugegoda
2000,2,1,Gampaha,23,1,5500000.0,Gampaha,3.0,Gampaha City
1500,3,1,Galle,1,2,6000000.0,Galle,10.5,Ambalangoda
1200,3,1,Colombo,42,2,8900000.0,Colombo,6.4,Kesbewa
2500,4,4,Colombo,4,2,25500000.0,Colombo,6.2,Piliyandala
1566,3,3,Colombo,18,2,14000000.0,Colombo,10.0,Piliyandala
900,2,1,Gampaha,24,1,7000000.0,Gampaha,5.0,Gampaha City
2425,4,4,Colombo,36,2,25500000.0,Colombo,6.2,Piliyandala
1500,4,1,Galle,6,2,6200000.0,Galle,15.0,Ambalangoda
4871,5,4,Colombo,23,2,59000000.0,Colombo,10.0,Malabe
2800,2,1,Gampaha,9,1,5500000.0,Gampaha,15.0,Nittambuwa
2000,2,1,Galle,3,1,5200000.0,Galle,10.3,Ambalangoda
2500,4,1,Galle,25,2,7800000.0,Galle,6.5,Ambalangoda
2500,5,2,Galle,3,2,16500000.0,Galle,10.0,Ambalangoda
1400,3,3,Colombo,29,2,17500000.0,Colombo,7.5,Athurugiriya
3000,7,2,Colombo,1,4,55000000.0,Colombo,13.5,Dehiwala
4300,7,4,Colombo,50,4,180000000.0,Colombo,14.0,Colombo 8
800,4,1,Nuwara Eliya,18,2,8000000.0,Nuwara Eliya,60.0,Nuwara Eliya City
5000,5,7,Colombo,43,2,145000000.0,Colombo,36.3,Rajagiriya
1000,1,1,Colombo,6,1,16000000.0,Colombo,4.0,Dehiwala
1700,5,2,Gampaha,28,2,16000000.0,Gampaha,13.6,Kiribathgoda
3000,6,4,Colombo,48,3,47500000.0,Colombo,10.0,Nugegoda
1400,3,1,Polonnaruwa,7,2,7000000.0,Polonnaruwa,55.0,Polonnaruwa City
3000,4,4,Colombo,6,2,53000000.0,Colombo,16.0,Talawatugoda
2800,5,7,Colombo,25,2,64000000.0,Colombo,17.5,Talawatugoda
5000,5,4,Colombo,46,2,170000000.0,Colombo,27.5,Boralesgamuwa
1550,4,3,Colombo,43,2,55000000.0,Colombo,4.0,Colombo 5
3300,6,4,Colombo,13,3,44000000.0,Colombo,10.0,Maharagama
2800,4,4,Colombo,6,2,27500000.0,Colombo,10.0,Athurugiriya
3500,5,3,Gampaha,12,2,23000000.0,Gampaha,10.0,Kadawatha
3150,4,3,Gampaha,7,2,26500000.0,Gampaha,10.5,Negombo
2550,4,3,Colombo,7,2,24800000.0,Colombo,6.5,Piliyandala
1500,4,2,Colombo,22,2,14499999.0,Colombo,7.8,Homagama
1000,3,1,Gampaha,14,2,6500000.0,Gampaha,11.0,Delgoda
2500,6,6,Colombo,49,3,20000000.0,Colombo,9.0,Kolonnawa
3550,4,4,Colombo,40,2,34000000.0,Colombo,8.5,Piliyandala
1400,3,3,Colombo,15,2,18000000.0,Colombo,8.0,Athurugiriya
1800,2,1,Matara,13,1,6100000.0,Matara,29.7,Matara City
1100,2,2,Batticaloa,24,1,22000000.0,Batticaloa,10.0,Batticaloa City
1550,3,2,Gampaha,5,2,17000000.0,Gampaha,11.0,Negombo
4900,4,4,Colombo,8,2,80000000.0,Colombo,16.0,Kotte
2000,3,2,Gampaha,42,2,19500000.0,Gampaha,12.5,Negombo
1450,2,2,Colombo,19,1,6500000.0,Colombo,15.5,Homagama
4000,4,4,Colombo,41,2,100000000.0,Colombo,10.0,Kotte
3050,5,4,Colombo,44,2,47000000.0,Colombo,11.7,Kotte
2100,3,2,Colombo,9,2,19000000.0,Colombo,8.0,Athurugiriya
3850,4,4,Colombo,40,2,33500000.0,Colombo,10.0,Piliyandala
1200,3,1,Kurunegala,1,2,90000000.0,Kurunegala,43.0,Kuliyapitiya
2950,5,2,Colombo,24,2,21000000.0,Colombo,10.4,Godagama
3000,4,3,Colombo,2,2,33000000.0,Colombo,8.02,Nugegoda
828,3,1,Ratnapura,29,2,5700000.0,Ratnapura,42.0,Eheliyagoda
1500,3,1,Colombo,47,2,40000000.0,Colombo,15.85,Maharagama
1900,3,1,Galle,21,2,3000000.0,Galle,9.0,Hikkaduwa
1500,3,2,Colombo,19,2,14000000.0,Colombo,10.0,Piliyandala
1000,3,1,Galle,42,2,4200000.0,Galle,9.0,Batapola
1550,3,3,Colombo,7,2,18400000.0,Colombo,11.0,Kesbewa
2000,4,2,Colombo,38,2,16000000.0,Colombo,17.0,Athurugiriya
2000,3,3,Colombo,24,2,20500000.0,Colombo,6.5,Athurugiriya
2500,4,1,Matara,16,2,13000000.0,Matara,22.0,Hakmana
2000,4,2,Colombo,5,2,28000000.0,Colombo,10.5,Battaramulla
1560,2,2,Gampaha,7,1,27500000.0,Gampaha,5.73,Wattala
1500,4,2,Galle,15,2,4500000.0,Galle,32.0,Batapola
3150,4,3,Gampaha,28,2,26500000.0,Gampaha,10.5,Negombo
1500,3,1,Galle,10,2,4700000.0,Galle,30.0,Batapola
1800,5,2,Galle,18,2,7200000.0,Galle,20.0,Batapola
1200,4,1,Galle,8,2,5700000.0,Galle,11.0,Batapola
4084,5,1,Galle,7,2,13500000.0,Galle,15.85,Galle City
1520,3,2,Colombo,6,2,14000000.0,Colombo,8.0,Piliyandala
1000,3,1,Galle,15,2,7000000.0,Galle,13.0,Ahangama
2000,4,2,Colombo,13,2,69000000.0,Colombo,22.5,Nugegoda
1900,4,2,Colombo,1,2,19000000.0,Colombo,11.4,Malabe
1100,2,1,Colombo,3,1,9800000.0,Colombo,9.2,Piliyandala
3800,5,4,Colombo,49,2,47500000.0,Colombo,14.8,Piliyandala
2550,4,4,Colombo,45,2,25500000.0,Colombo,6.6,Piliyandala
3000,5,5,Colombo,34,2,85000000.0,Colombo,16.0,Battaramulla
1850,4,3,Colombo,1,2,19500000.0,Colombo,11.5,Malabe
2159,5,4,Colombo,47,2,28000000.0,Colombo,8.18,Nugegoda
2500,5,4,Colombo,20,2,26000000.0,Colombo,10.5,Malabe
6500,6,5,Colombo,5,3,44000000.0,Colombo,12.5,Talawatugoda
1600,3,2,Gampaha,2,2,20500000.0,Gampaha,10.0,Negombo
1300,3,2,Colombo,3,2,23500000.0,Colombo,6.1,Dehiwala
3000,5,1,Kalutara,7,2,5800000.0,Kalutara,30.0,Horana
5200,5,4,Colombo,41,2,42000000.0,Colombo,10.0,Malabe
3000,4,3,Colombo,8,2,42000000.0,Colombo,10.0,Talawatugoda
1400,3,1,Gampaha,2,2,7700000.0,Gampaha,15.0,Gampaha City
3000,4,3,Colombo,42,2,110000000.0,Colombo,50.2,Talawatugoda
1000,2,1,Gampaha,7,1,10500000.0,Gampaha,24.5,Divulapitiya
2400,3,3,Colombo,16,2,21500000.0,Colombo,9.5,Piliyandala
1350,3,2,Colombo,24,2,14500000.0,Colombo,10.0,Malabe
2491,4,4,Colombo,49,2,26000000.0,Colombo,7.5,Piliyandala
2000,4,2,Colombo,4,2,22000000.0,Colombo,4.5,Boralesgamuwa
1200,3,1,Colombo,4,2,70000000.0,Colombo,63.0,Kaduwela
3200,4,2,Kalutara,5,2,18000000.0,Kalutara,13.5,Panadura
1200,3,1,Colombo,1,2,13000000.0,Colombo,15.0,Moratuwa
3000,6,3,Colombo,6,3,30000000.0,Colombo,6.1,Ratmalana
2114,4,3,Gampaha,11,2,29500000.0,Gampaha,10.0,Negombo
2600,4,4,Colombo,19,2,29000000.0,Colombo,10.5,Athurugiriya
2550,4,3,Colombo,20,2,26000000.0,Colombo,7.5,Piliyandala
3206,5,4,Colombo,21,2,57500000.0,Colombo,6.1,Dehiwala
2500,4,3,Gampaha,25,2,29500000.0,Gampaha,20.0,Negombo
2500,5,3,Colombo,28,2,17500000.0,Colombo,10.0,Kottawa
1830,4,2,Colombo,27,2,17500000.0,Colombo,13.0,Kottawa
1800,4,4,Colombo,43,2,17500000.0,Colombo,7.5,Kottawa
3800,6,4,Colombo,49,3,29500000.0,Colombo,13.0,Kottawa
3600,6,5,Colombo,25,3,33500000.0,Colombo,16.0,Kottawa
2800,4,4,Colombo,28,2,28000000.0,Colombo,10.0,Malabe
2500,3,1,Colombo,12,2,14500000.0,Colombo,15.0,Athurugiriya
4050,6,5,Colombo,17,3,50000000.0,Colombo,8.1,Colombo 5
2250,4,4,Colombo,9,2,21500000.0,Colombo,9.0,Piliyandala
3150,4,3,Gampaha,32,2,26500000.0,Gampaha,10.5,Negombo
2600,4,4,Colombo,49,2,29000000.0,Colombo,10.5,Malabe
1200,3,2,Colombo,48,2,13000000.0,Colombo,5.2,Rajagiriya
2600,5,3,Colombo,10,2,36000000.0,Colombo,9.0,Mount Lavinia
1200,3,2,Colombo,4,2,14500000.0,Colombo,6.0,Athurugiriya
1500,3,2,Colombo,7,2,16500000.0,Colombo,7.5,Athurugiriya
1350,3,2,Colombo,21,2,14500000.0,Colombo,10.0,Athurugiriya
1100,3,2,Colombo,18,2,8900000.0,Colombo,7.9,Athurugiriya
3000,4,3,Colombo,27,2,110000000.0,Colombo,50.2,Talawatugoda
3500,5,5,Colombo,38,2,40000000.0,Colombo,11.0,Talawatugoda
3000,4,4,Colombo,14,2,60000000.0,Colombo,15.0,Talawatugoda
2800,4,4,Colombo,9,2,28500000.0,Colombo,8.5,Piliyandala
3200,5,3,Colombo,45,2,54800000.0,Colombo,7.31,Nugegoda
2500,4,4,Colombo,20,2,25500000.0,Colombo,7.5,Piliyandala
1600,3,2,Colombo,22,2,13500000.0,Colombo,11.5,Piliyandala
2000,4,2,Colombo,23,2,23000000.0,Colombo,12.0,Homagama
1350,3,2,Colombo,40,2,14500000.0,Colombo,10.0,Malabe
1250,3,2,Colombo,5,2,16500000.0,Colombo,7.5,Malabe
1900,3,2,Colombo,1,2,19000000.0,Colombo,11.4,Malabe
1500,3,3,Colombo,17,2,18500000.0,Colombo,7.5,Malabe
2200,4,3,Colombo,45,2,22500000.0,Colombo,6.3,Malabe
2005,4,4,Colombo,17,2,20500000.0,Colombo,6.0,Malabe
1200,2,1,Colombo,19,1,13000000.0,Colombo,6.0,Pannipitiya
1200,3,3,Colombo,5,2,29500000.0,Colombo,16.5,Malabe
3600,5,4,Colombo,35,2,35000000.0,Colombo,8.0,Malabe
1250,3,2,Colombo,3,2,26500000.0,Colombo,7.0,Malabe
2500,8,3,Colombo,1,4,32500000.0,Colombo,23.6,Moratuwa
1400,3,2,Colombo,48,2,16000000.0,Colombo,10.5,Malabe
1300,3,2,Colombo,7,2,17000000.0,Colombo,7.5,Malabe
1600,3,1,Gampaha,8,2,12700000.0,Gampaha,10.0,Delgoda
2400,4,3,Colombo,3,2,24800000.0,Colombo,6.0,Piliyandala
2550,4,3,Colombo,7,2,25500000.0,Colombo,7.5,Piliyandala
2200,4,3,Colombo,48,2,26000000.0,Colombo,7.0,Piliyandala
5000,5,3,Gampaha,17,2,69500000.0,Gampaha,35.0,Wattala
1400,3,2,Gampaha,23,2,9900000.0,Gampaha,10.0,Negombo
3000,4,4,Colombo,1,2,28500000.0,Colombo,15.0,Piliyandala
3200,4,3,Colombo,6,2,30500000.0,Colombo,7.5,Piliyandala
3250,5,3,Colombo,42,2,23500000.0,Colombo,7.0,Piliyandala
3000,5,4,Colombo,3,2,40000000.0,Colombo,10.0,Piliyandala
2000,4,3,Colombo,36,2,17500000.0,Colombo,6.5,Piliyandala
2900,4,4,Colombo,18,2,36000000.0,Colombo,8.5,Piliyandala
2400,4,3,Colombo,4,2,24800000.0,Colombo,6.0,Piliyandala
2500,4,3,Colombo,38,2,26000000.0,Colombo,8.5,Piliyandala
2500,5,4,Colombo,46,2,28500000.0,Colombo,7.7,Piliyandala
2800,4,3,Colombo,3,2,26500000.0,Colombo,6.5,Malabe
3200,4,4,Colombo,23,2,36000000.0,Colombo,10.0,Malabe
5600,5,5,Colombo,48,2,135000000.0,Colombo,62.0,Malabe
4000,5,4,Colombo,10,2,65000000.0,Colombo,12.5,Malabe
2600,4,3,Colombo,19,2,25500000.0,Colombo,6.2,Piliyandala
3100,5,3,Colombo,1,2,37500000.0,Colombo,9.0,Malabe
3500,4,3,Gampaha,50,2,29500000.0,Gampaha,20.0,Negombo
3500,4,4,Colombo,42,2,34000000.0,Colombo,8.5,Piliyandala
3000,4,4,Colombo,47,2,330000000.0,Colombo,8.0,Kottawa
1600,4,3,Colombo,47,2,25000000.0,Colombo,20.0,Kottawa
4000,4,3,Colombo,31,2,29500000.0,Colombo,8.0,Kottawa
2450,4,4,Colombo,12,2,27000000.0,Colombo,7.0,Pannipitiya
2220,3,3,Colombo,32,2,21500000.0,Colombo,9.5,Piliyandala
3300,3,2,Colombo,10,2,40000000.0,Colombo,7.0,Talawatugoda
4200,4,4,Colombo,29,2,49500000.0,Colombo,10.0,Talawatugoda
3000,4,3,Colombo,4,2,110000000.0,Colombo,50.0,Talawatugoda
3800,5,4,Colombo,45,2,47500000.0,Colombo,14.8,Talawatugoda
1580,3,3,Colombo,49,2,18500000.0,Colombo,8.5,Piliyandala
4000,4,4,Colombo,45,2,60000000.0,Colombo,15.0,Talawatugoda
2500,5,3,Colombo,43,2,25000000.0,Colombo,8.2,Kottawa
1500,3,2,Kurunegala,3,2,6000000.0,Kurunegala,32.0,Kurunegala City
4250,5,4,Colombo,47,2,33000000.0,Colombo,10.0,Piliyandala
1800,5,2,Colombo,9,2,8500000.0,Colombo,17.0,Homagama
3000,4,3,Gampaha,9,2,25000000.0,Gampaha,10.0,Negombo
3500,4,3,Gampaha,25,2,26500000.0,Gampaha,10.0,Negombo
1325,3,1,Gampaha,30,2,9900000.0,Gampaha,10.0,Negombo
2100,4,4,Gampaha,8,2,31500000.0,Gampaha,13.2,Negombo
2100,5,2,Gampaha,10,2,11000000.0,Gampaha,10.0,Negombo
3150,4,3,Gampaha,3,2,26500000.0,Gampaha,10.5,Negombo
1600,3,2,Colombo,8,2,35000000.0,Colombo,6.0,Nugegoda
3000,4,3,Colombo,34,2,42000000.0,Colombo,10.0,Talawatugoda
2500,6,4,Colombo,15,3,80000000.0,Colombo,7.05,Colombo 9
2865,4,4,Colombo,2,2,25500000.0,Colombo,7.5,Piliyandala
1745,3,2,Colombo,12,2,14000000.0,Colombo,8.0,Piliyandala
2785,4,4,Colombo,3,2,23500000.0,Colombo,14.0,Piliyandala
2784,3,3,Colombo,19,2,21500000.0,Colombo,9.5,Piliyandala
1542,3,3,Colombo,19,2,14000000.0,Colombo,10.0,Piliyandala
2875,4,4,Colombo,20,2,28500000.0,Colombo,7.5,Piliyandala
2875,4,4,Colombo,1,2,24800000.0,Colombo,6.0,Piliyandala
2963,4,5,Colombo,49,2,25500000.0,Colombo,7.5,Piliyandala
1500,2,1,Colombo,4,1,17500000.0,Colombo,6.0,Ratmalana
1500,3,1,Colombo,38,2,27500000.0,Colombo,12.7,Moratuwa
4800,4,5,Gampaha,2,2,47000000.0,Gampaha,14.7,Negombo
3000,4,3,Colombo,29,2,45000000.0,Colombo,14.5,Dehiwala
3800,5,4,Colombo,29,2,29500000.0,Colombo,6.5,Homagama
2650,4,4,Colombo,6,2,55000000.0,Colombo,8.5,Dehiwala
2450,4,3,Colombo,8,2,170000000.0,Colombo,11.5,Talawatugoda
2072,3,2,Colombo,25,2,28000000.0,Colombo,17.5,Wellampitiya
1900,3,2,Colombo,5,2,29100000.0,Colombo,13.0,Nugegoda
3500,4,2,Kalutara,7,2,22000000.0,Kalutara,10.61,Panadura
3500,6,6,Gampaha,29,3,48000000.0,Gampaha,18.0,Katunayake
2000,5,3,Kandy,19,2,25000000.0,Kandy,9.5,Katugastota
4500,4,5,Gampaha,2,2,47000000.0,Gampaha,14.7,Negombo
5000,4,4,Colombo,38,2,69000000.0,Colombo,15.21,Boralesgamuwa
1070,3,2,Colombo,32,2,14200000.0,Colombo,7.6,Malabe
2500,4,3,Colombo,37,2,23500000.0,Colombo,6.0,Malabe
1400,3,2,Colombo,20,2,18500000.0,Colombo,7.9,Malabe
4800,4,3,Colombo,34,2,45000000.0,Colombo,10.0,Malabe
3880,4,3,Colombo,39,2,44000000.0,Colombo,10.5,Maharagama
4300,5,2,Colombo,33,2,55000000.0,Colombo,12.0,Malabe
1600,4,2,Colombo,35,2,15800000.0,Colombo,10.0,Kottawa
1190,3,2,Colombo,17,2,16500000.0,Colombo,10.5,Malabe
2500,4,2,Colombo,50,2,35000000.0,Colombo,10.9,Kotte
2354,4,2,Colombo,42,2,40000000.0,Colombo,6.0,Nugegoda
2200,5,4,Colombo,24,2,27500000.0,Colombo,12.4,Malabe
3600,4,4,Colombo,40,2,30500000.0,Colombo,8.0,Piliyandala
3600,4,3,Colombo,47,2,36000000.0,Colombo,7.8,Malabe
3200,4,4,Colombo,16,2,35000000.0,Colombo,11.2,Boralesgamuwa
2500,6,2,Colombo,9,3,28000000.0,Colombo,10.0,Malabe
4500,4,4,Colombo,25,2,100000000.0,Colombo,10.0,Battaramulla
2400,4,3,Colombo,23,2,26000000.0,Colombo,10.5,Malabe
4500,4,4,Colombo,28,2,100000000.0,Colombo,10.0,Rajagiriya
2100,3,3,Colombo,4,2,25500000.0,Colombo,10.0,Malabe
3150,4,3,Gampaha,16,2,26500000.0,Gampaha,10.5,Negombo
1350,3,1,Gampaha,17,2,23500000.0,Gampaha,29.0,Negombo
4000,4,4,Colombo,4,2,100000000.0,Colombo,10.0,Kotte
3500,5,6,Colombo,45,2,50000000.0,Colombo,15.0,Maharagama
9200,5,5,Colombo,49,2,200000000.0,Colombo,30.7,Nugegoda
2700,4,4,Colombo,46,2,40000000.0,Colombo,7.0,Maharagama
1850,3,2,Colombo,1,2,17500000.0,Colombo,6.5,Kottawa
5800,4,4,Colombo,7,2,45000000.0,Colombo,20.0,Homagama
2450,4,3,Colombo,2,2,27000000.0,Colombo,6.0,Boralesgamuwa
4000,4,3,Colombo,12,2,30500000.0,Colombo,13.5,Homagama
3000,7,3,Colombo,17,4,32000000.0,Colombo,16.0,Homagama
3700,6,6,Colombo,10,3,110000000.0,Colombo,5.5,Colombo 5
1400,3,1,Colombo,25,2,12500000.0,Colombo,20.0,Boralesgamuwa
9500,8,7,Colombo,20,4,180000000.0,Colombo,24.0,Battaramulla
3600,5,4,Colombo,17,2,28000000.0,Colombo,10.0,Homagama
1300,6,2,Colombo,9,3,25000000.0,Colombo,7.5,Mount Lavinia
3500,6,4,Colombo,19,3,48000000.0,Colombo,8.5,Boralesgamuwa
2800,4,4,Colombo,13,2,42500000.0,Colombo,10.0,Boralesgamuwa
5500,5,5,Colombo,46,2,65000000.0,Colombo,10.5,Boralesgamuwa
2800,3,2,Colombo,43,2,33000000.0,Colombo,7.5,Boralesgamuwa
3854,5,4,Colombo,4,2,49000000.0,Colombo,15.0,Boralesgamuwa
2668,3,2,Colombo,16,2,43500000.0,Colombo,9.82,Malabe
2600,1,1,Colombo,8,1,22500000.0,Colombo,7.05,Talawatugoda
3888,4,2,Gampaha,44,2,42000000.0,Gampaha,15.5,Kelaniya
3150,4,3,Gampaha,1,2,26500000.0,Gampaha,10.5,Negombo
3000,5,4,Colombo,10,2,56000000.0,Colombo,10.2,Rajagiriya
2500,4,3,Gampaha,49,2,29500000.0,Gampaha,20.0,Negombo
2100,5,2,Gampaha,4,2,11000000.0,Gampaha,10.0,Negombo
1600,3,2,Gampaha,50,2,20500000.0,Gampaha,10.0,Negombo
3500,4,3,Gampaha,10,2,29500000.0,Gampaha,20.0,Negombo
9000,6,6,Colombo,10,3,200000000.0,Colombo,20.0,Kotte
2100,3,2,Gampaha,39,2,25000000.0,Gampaha,9.0,Negombo
2500,3,4,Colombo,6,2,35000000.0,Colombo,8.0,Kotte
2500,3,3,Colombo,41,2,36500000.0,Colombo,6.0,Dehiwala
2000,4,3,Colombo,14,2,46500000.0,Colombo,10.0,Boralesgamuwa
2800,5,4,Colombo,7,2,28500000.0,Colombo,10.0,Homagama
1540,3,2,Colombo,3,2,12500000.0,Colombo,10.0,Homagama
3500,4,1,Galle,9,2,9500000.0,Galle,30.0,Elpitiya
3700,4,3,Gampaha,32,2,29500000.0,Gampaha,13.5,Kelaniya
1480,3,2,Colombo,21,2,16800000.0,Colombo,6.5,Pannipitiya
2780,4,3,Colombo,44,2,29500000.0,Colombo,9.0,Pannipitiya
2000,4,3,Kandy,10,2,15000000.0,Kandy,14.0,Gampola
1200,3,2,Gampaha,29,2,16500000.0,Gampaha,33.0,Kadawatha
1480,3,2,Colombo,9,2,16800000.0,Colombo,6.5,Kottawa
1500,2,1,Anuradhapura,16,1,9500000.0,Anuradhapura,18.0,Anuradhapura City
4500,5,5,Colombo,45,2,115000000.0,Colombo,22.0,Battaramulla
2350,4,2,Kalutara,31,2,14000000.0,Kalutara,124.0,Horana
3000,4,3,Colombo,43,2,42000000.0,Colombo,10.0,Talawatugoda
1755,3,1,Kurunegala,23,2,8500000.0,Kurunegala,35.0,Alawwa
1200,4,2,Colombo,20,2,31000000.0,Colombo,14.4,Boralesgamuwa
1200,3,1,Gampaha,38,2,12500000.0,Gampaha,5.6,Wattala
1350,3,2,Colombo,13,2,14500000.0,Colombo,10.0,Malabe
3150,2,1,Gampaha,1,1,15000000.0,Gampaha,10.5,Negombo
2000,4,4,Colombo,16,2,23500000.0,Colombo,6.0,Malabe
1700,2,1,Colombo,8,1,7500000.0,Colombo,4.0,Moratuwa
3300,4,3,Colombo,40,2,48900000.0,Colombo,7.5,Talawatugoda
3000,5,3,Colombo,3,2,120000000.0,Colombo,22.0,Nawala
2000,3,3,Gampaha,14,2,28500000.0,Gampaha,10.0,Negombo
3000,4,3,Colombo,47,2,42000000.0,Colombo,10.0,Battaramulla
3056,3,2,Colombo,13,2,60500000.0,Colombo,15.0,Moratuwa
2500,4,3,Gampaha,14,2,29500000.0,Gampaha,20.0,Negombo
1300,2,1,Colombo,5,1,54000000.0,Colombo,25.0,Kotte
1200,3,2,Gampaha,19,2,7300000.0,Gampaha,15.0,Ragama
4800,5,3,Kalutara,9,2,7500000.0,Kalutara,11.4,Horana
3800,4,3,Colombo,47,2,40000000.0,Colombo,11.0,Talawatugoda
2847,4,3,Gampaha,3,2,35000000.0,Gampaha,10.0,Negombo
2500,5,3,Colombo,50,2,17500000.0,Colombo,10.0,Athurugiriya
3000,4,3,Colombo,22,2,42500000.0,Colombo,10.0,Talawatugoda
2800,4,4,Colombo,33,2,28000000.0,Colombo,10.0,Athurugiriya
2600,4,3,Colombo,7,2,19000000.0,Colombo,18.2,Athurugiriya
1500,3,2,Kalutara,16,2,6500000.0,Kalutara,5.0,Panadura
2000,4,2,Colombo,41,2,16000000.0,Colombo,17.0,Godagama
1000,1,2,Colombo,15,1,13000000.0,Colombo,12.0,Godagama
4000,4,3,Colombo,46,2,15500000.0,Colombo,24.0,Kottawa
3500,5,2,Colombo,3,2,29000000.0,Colombo,9.41,Dehiwala
4500,4,5,Gampaha,10,2,47000000.0,Gampaha,14.7,Negombo
3150,4,3,Gampaha,1,2,26500000.0,Gampaha,10.5,Negombo
11000,4,4,Colombo,11,2,120000000.0,Colombo,19.0,Battaramulla
1850,3,2,Colombo,50,2,23500000.0,Colombo,11.0,Talawatugoda
2454,4,3,Gampaha,6,2,32000000.0,Gampaha,10.0,Negombo
2000,3,3,Colombo,5,2,20500000.0,Colombo,6.5,Athurugiriya
950,3,2,Colombo,10,2,18500000.0,Colombo,3.0,Athurugiriya
2067,5,2,Colombo,8,2,22000000.0,Colombo,6.0,Athurugiriya
1500,3,2,Kandy,23,2,11000000.0,Kandy,12.8,Kundasale
2650,3,1,Colombo,21,2,40500000.0,Colombo,10.5,Kolonnawa
1400,3,3,Colombo,21,2,18500000.0,Colombo,11.0,Kesbewa
4200,4,4,Colombo,2,2,49500000.0,Colombo,10.0,Talawatugoda
2200,4,3,Colombo,49,2,26000000.0,Colombo,7.0,Piliyandala
2200,4,3,Colombo,24,2,26500000.0,Colombo,6.5,Malabe
990,2,1,Colombo,1,1,9500000.0,Colombo,6.0,Rajagiriya
2600,4,4,Colombo,41,2,55000000.0,Colombo,8.5,Dehiwala
2600,4,4,Colombo,29,2,23000000.0,Colombo,7.0,Malabe
2450,2,1,Gampaha,45,1,14000000.0,Gampaha,16.25,Gampaha City
2800,4,4,Colombo,37,2,27500000.0,Colombo,11.5,Malabe
3850,7,4,Colombo,4,4,27000000.0,Colombo,10.0,Malabe
1325,3,1,Gampaha,3,2,9900000.0,Gampaha,10.0,Negombo
3000,3,1,Kurunegala,5,2,9500000.0,Kurunegala,51.0,Kurunegala City
1800,4,1,Colombo,20,2,18700000.0,Colombo,18.7,Piliyandala
1800,2,2,Colombo,27,1,16000000.0,Colombo,7.0,Malabe
3500,4,4,Colombo,42,2,44000000.0,Colombo,7.7,Talawatugoda
3200,4,3,Colombo,10,2,36000000.0,Colombo,10.0,Malabe
1500,3,2,Colombo,20,2,15000000.0,Colombo,7.5,Kesbewa
2600,4,4,Colombo,46,2,29000000.0,Colombo,10.5,Athurugiriya
2000,2,2,Gampaha,4,1,7800000.0,Gampaha,15.0,Gampaha City
4000,6,3,Colombo,5,3,36000000.0,Colombo,15.0,Kottawa
3150,4,3,Gampaha,23,2,26500000.0,Gampaha,10.5,Negombo
2500,4,4,Colombo,24,2,21500000.0,Colombo,12.0,Piliyandala
3150,4,3,Gampaha,5,2,26500000.0,Gampaha,10.5,Negombo
1800,5,2,Colombo,15,2,8500000.0,Colombo,17.0,Homagama
1200,2,2,Colombo,45,1,8500000.0,Colombo,7.0,Piliyandala
1600,5,5,Anuradhapura,1,2,4500000.0,Anuradhapura,11.0,Anuradhapura City
2000,2,1,Kandy,8,1,8300888.0,Kandy,10.0,Kandy City
2500,5,2,Nuwara Eliya,6,2,150000888.0,Nuwara Eliya,60.0,Nuwara Eliya City
2810,4,3,Colombo,13,2,36000000.0,Colombo,8.0,Athurugiriya
3000,4,4,Colombo,5,2,25500000.0,Colombo,7.5,Piliyandala
1500,3,2,Colombo,42,2,12000000.0,Colombo,4.0,Boralesgamuwa
2500,5,2,Colombo,37,2,325000000.0,Colombo,18.0,Boralesgamuwa
2480,4,2,Gampaha,39,2,20500000.0,Gampaha,30.0,Gampaha City
2100,5,2,Gampaha,4,2,11000000.0,Gampaha,10.0,Negombo
2300,4,3,Gampaha,10,2,31500000.0,Gampaha,10.0,Kandana
2500,4,4,Colombo,40,2,25500000.0,Colombo,6.2,Piliyandala
1200,3,3,Colombo,49,2,13000000.0,Colombo,6.0,Piliyandala
1250,3,1,Colombo,5,2,9500000.0,Colombo,13.2,Piliyandala
1200,3,2,Colombo,50,2,12800000.0,Colombo,6.5,Piliyandala
1950,3,3,Colombo,40,2,18500000.0,Colombo,9.0,Athurugiriya
7200,6,4,Colombo,40,3,69000000.0,Colombo,20.0,Maharagama
1000,2,1,Galle,22,1,3600000.0,Galle,9.06,Galle City
1200,3,2,Colombo,9,2,14500000.0,Colombo,6.0,Athurugiriya
1500,3,2,Colombo,16,2,16500000.0,Colombo,7.5,Athurugiriya
5284,4,3,Gampaha,36,2,27500000.0,Gampaha,15.0,Gampaha City
3300,4,3,Colombo,49,2,42500000.0,Colombo,11.0,Talawatugoda
2100,5,3,Colombo,29,2,48000000.0,Colombo,11.7,Kotte
3000,5,2,Gampaha,13,2,30000000.0,Gampaha,22.0,Wattala
1350,3,2,Colombo,40,2,14500000.0,Colombo,10.0,Athurugiriya
2000,5,3,Colombo,1,2,9500000.0,Colombo,17.0,Homagama
1350,3,2,Colombo,8,2,14500000.0,Colombo,10.0,Malabe
1600,3,2,Gampaha,43,2,20000000.0,Gampaha,16.0,Kadawatha
4000,6,3,Colombo,2,3,48000000.0,Colombo,14.6,Ratmalana
1750,3,1,Colombo,38,2,16000000.0,Colombo,14.0,Boralesgamuwa
3000,4,3,Colombo,10,2,110000000.0,Colombo,50.2,Talawatugoda
2805,3,2,Gampaha,22,2,27500000.0,Gampaha,13.0,Kadawatha
3000,4,3,Colombo,20,2,42000000.0,Colombo,10.0,Talawatugoda
2000,4,2,Colombo,4,2,55000000.0,Colombo,53.2,Rajagiriya
4000,4,4,Colombo,44,2,110000000.0,Colombo,50.17,Talawatugoda
3500,5,5,Colombo,22,2,21000000.0,Colombo,15.0,Homagama
3500,5,4,Colombo,28,2,50000000.0,Colombo,11.6,Maharagama
2049,2,1,Colombo,46,1,35000000.0,Colombo,13.5,Talawatugoda
2500,5,3,Colombo,48,2,17500000.0,Colombo,10.0,Kottawa
1800,4,4,Colombo,49,2,17500000.0,Colombo,7.5,Kottawa
1600,3,3,Colombo,6,2,20000000.0,Colombo,8.0,Kottawa
2600,5,4,Gampaha,1,2,45000000.0,Gampaha,30.0,Negombo
2400,4,1,Gampaha,6,2,9800000.0,Gampaha,10.0,Seeduwa
3142,5,4,Colombo,43,2,40000000.0,Colombo,10.0,Piliyandala
2400,4,2,Colombo,20,2,38000000.0,Colombo,10.0,Kottawa
1300,3,2,Colombo,50,2,5500000.0,Colombo,8.5,Piliyandala
3300,4,4,Colombo,41,2,44000000.0,Colombo,7.7,Talawatugoda
2415,4,4,Colombo,47,2,21500000.0,Colombo,9.0,Piliyandala
1100,3,1,Gampaha,9,2,9600000.0,Gampaha,10.0,Delgoda
2200,5,2,Colombo,22,2,41000000.0,Colombo,6.09,Dehiwala
3200,4,3,Colombo,43,2,30500000.0,Colombo,7.5,Piliyandala
3000,5,4,Colombo,8,2,40000000.0,Colombo,10.0,Piliyandala
2600,4,4,Colombo,5,2,34000000.0,Colombo,9.0,Maharagama
4800,5,5,Colombo,42,2,60000000.0,Colombo,21.0,Maharagama
3500,4,3,Gampaha,18,2,26500000.0,Gampaha,10.0,Negombo
2900,4,4,Colombo,44,2,36000000.0,Colombo,8.5,Piliyandala
1500,3,2,Colombo,46,2,5700000.0,Colombo,8.5,Piliyandala
2700,6,2,Colombo,5,3,37500000.0,Colombo,15.0,Kolonnawa
2600,4,4,Colombo,2,2,29000000.0,Colombo,10.0,Malabe
2800,4,4,Colombo,4,2,28000000.0,Colombo,10.0,Malabe
4080,4,4,Kandy,41,2,54000000.0,Kandy,65.0,Peradeniya
1800,3,2,Colombo,19,2,11200000.0,Colombo,8.0,Athurugiriya
1600,4,1,Kandy,22,2,5000000.0,Kandy,25.5,Gampola
2540,3,2,Gampaha,7,2,17000000.0,Gampaha,50.0,Ganemulla
1201,3,2,Gampaha,1,2,35000000.0,Gampaha,10.2,Wattala
1930,3,2,Gampaha,40,2,17000000.0,Gampaha,7.0,Negombo
2500,4,3,Colombo,18,2,26000000.0,Colombo,8.5,Piliyandala
2500,4,3,Gampaha,22,2,19800000.0,Gampaha,10.0,Seeduwa
3000,4,3,Gampaha,4,2,25000000.0,Gampaha,10.0,Negombo
2500,5,4,Colombo,26,2,28500000.0,Colombo,7.7,Piliyandala
3000,4,3,Colombo,6,2,115000000.0,Colombo,50.2,Talawatugoda
3500,5,4,Colombo,9,2,40000000.0,Colombo,11.0,Talawatugoda
3850,4,4,Colombo,16,2,33500000.0,Colombo,10.0,Piliyandala
1200,4,2,Kandy,19,2,7500000.0,Kandy,13.5,Kandy City
1500,3,3,Colombo,34,2,18500000.0,Colombo,7.5,Malabe
1900,3,2,Colombo,6,2,19000000.0,Colombo,11.4,Malabe
1250,3,2,Colombo,14,2,16500000.0,Colombo,7.5,Malabe
2200,4,3,Colombo,31,2,22500000.0,Colombo,6.3,Malabe
2005,4,4,Colombo,41,2,20500000.0,Colombo,6.0,Malabe
2000,5,3,Gampaha,16,2,47500000.0,Gampaha,30.0,Gampaha City
1800,4,3,Colombo,43,2,13800000.0,Colombo,10.0,Homagama
2100,4,4,Gampaha,19,2,31500000.0,Gampaha,13.2,Negombo
1520,3,3,Colombo,13,2,19700000.0,Colombo,8.0,Kottawa
3000,4,3,Colombo,12,2,42000000.0,Colombo,10.0,Talawatugoda
3800,4,3,Colombo,8,2,45000000.0,Colombo,11.0,Talawatugoda
3300,3,2,Colombo,18,2,40000000.0,Colombo,7.0,Talawatugoda
2400,3,3,Colombo,8,2,17500000.0,Colombo,7.5,Malabe
2640,4,4,Colombo,22,2,23500000.0,Colombo,7.0,Piliyandala
3500,4,3,Gampaha,40,2,29500000.0,Gampaha,20.0,Negombo
2400,4,3,Colombo,22,2,24800000.0,Colombo,6.0,Piliyandala
2550,4,3,Colombo,23,2,25500000.0,Colombo,7.5,Piliyandala
3000,4,4,Colombo,13,2,28500000.0,Colombo,15.0,Piliyandala
2400,4,3,Colombo,46,2,23500000.0,Colombo,7.0,Piliyandala
3250,5,3,Colombo,43,2,23500000.0,Colombo,7.0,Piliyandala
2000,4,3,Colombo,19,2,17500000.0,Colombo,6.5,Piliyandala
2500,4,5,Colombo,43,2,25500000.0,Colombo,7.0,Piliyandala
3300,3,2,Colombo,21,2,40000000.0,Colombo,7.0,Talawatugoda
4200,4,4,Colombo,5,2,49500000.0,Colombo,10.0,Talawatugoda
3000,4,3,Colombo,20,2,110000000.0,Colombo,50.0,Talawatugoda
3800,5,4,Colombo,38,2,47500000.0,Colombo,14.8,Talawatugoda
3800,5,4,Colombo,17,2,45000000.0,Colombo,11.0,Talawatugoda
4000,4,4,Colombo,31,2,60000000.0,Colombo,15.0,Talawatugoda
4000,4,4,Colombo,44,2,110000000.0,Colombo,50.17,Talawatugoda
2800,4,3,Colombo,45,2,26500000.0,Colombo,6.5,Malabe
2700,5,3,Colombo,14,2,45000000.0,Colombo,9.7,Talawatugoda
3200,4,4,Colombo,43,2,36000000.0,Colombo,10.0,Malabe
4000,5,4,Colombo,22,2,65000000.0,Colombo,12.5,Malabe
3500,4,4,Colombo,48,2,60000000.0,Colombo,13.0,Kotte
3500,4,3,Colombo,19,2,42500000.0,Colombo,11.0,Talawatugoda
3300,3,2,Colombo,5,2,40000000.0,Colombo,7.0,Talawatugoda
3800,4,3,Colombo,22,2,45000000.0,Colombo,11.0,Talawatugoda
3000,4,3,Colombo,6,2,42000000.0,Colombo,10.0,Talawatugoda
3500,4,4,Colombo,4,2,55000000.0,Colombo,10.0,Talawatugoda
2500,4,3,Gampaha,5,2,29500000.0,Gampaha,20.0,Negombo
3150,4,3,Gampaha,1,2,26500000.0,Gampaha,10.5,Negombo
2000,4,3,Colombo,45,2,19500000.0,Colombo,11.5,Malabe
1800,3,2,Colombo,18,2,165000000.0,Colombo,7.0,Malabe
1350,3,3,Colombo,8,2,12500000.0,Colombo,6.0,Kottawa
2000,3,3,Colombo,3,2,18500000.0,Colombo,9.0,Athurugiriya
1574,3,3,Colombo,4,2,14000000.0,Colombo,10.0,Piliyandala
1562,3,3,Colombo,5,2,14000000.0,Colombo,8.0,Piliyandala
2978,4,4,Colombo,48,2,24800000.0,Colombo,6.0,Piliyandala
2893,4,5,Colombo,1,2,25500000.0,Colombo,7.5,Piliyandala
2896,4,4,Colombo,18,2,23500000.0,Colombo,14.0,Piliyandala
4400,6,4,Colombo,1,3,52500000.0,Colombo,8.0,Colombo 5
2000,3,2,Colombo,32,2,32000000.0,Colombo,3.14,Colombo 6
5300,5,5,Gampaha,26,2,55000000.0,Gampaha,13.0,Seeduwa
1500,4,1,Kalutara,17,2,29000000.0,Kalutara,20.0,Kalutara City
3800,5,4,Colombo,48,2,47500000.0,Colombo,14.8,Talawatugoda
1500,2,1,Puttalam,9,1,4950000.0,Puttalam,40.0,Chilaw
1200,2,1,Gampaha,8,1,12000000.0,Gampaha,18.3,Ganemulla
4000,6,4,Kurunegala,48,3,45000000.0,Kurunegala,17.0,Kurunegala City
2500,5,3,Colombo,23,2,34000000.0,Colombo,8.15,Nugegoda
2500,3,1,Gampaha,41,2,257500000.0,Gampaha,13.0,Wattala
2000,3,3,Colombo,24,2,23500000.0,Colombo,7.0,Kottawa
4200,4,4,Colombo,45,2,49500000.0,Colombo,10.0,Pannipitiya
1500,3,2,Colombo,3,2,13000000.0,Colombo,9.0,Kottawa
7000,8,5,Colombo,40,4,100000000.0,Colombo,17.0,Kotte
1580,5,2,Colombo,43,2,8500000.0,Colombo,17.0,Homagama
2000,5,3,Kalutara,8,2,27500000.0,Kalutara,17.5,Kalutara City
2800,4,4,Colombo,24,2,36000000.0,Colombo,8.0,Malabe
3000,4,3,Colombo,40,2,110000000.0,Colombo,50.2,Talawatugoda
2500,4,4,Colombo,32,2,24800000.0,Colombo,6.0,Piliyandala
2400,4,4,Colombo,46,2,24800000.0,Colombo,6.0,Piliyandala
2500,4,3,Colombo,22,2,25500000.0,Colombo,6.5,Piliyandala
3800,6,4,Colombo,44,3,300000000.0,Colombo,19.5,Colombo 7
3900,4,4,Colombo,22,2,49500000.0,Colombo,10.0,Talawatugoda
3800,7,6,Colombo,8,4,82500000.0,Colombo,16.0,Battaramulla
2500,3,2,Colombo,24,2,18250000.0,Colombo,12.0,Wellampitiya
3500,5,3,Colombo,44,2,42000000.0,Colombo,6.5,Nugegoda
3000,4,4,Colombo,33,2,33000000.0,Colombo,12.25,Battaramulla
3500,4,3,Gampaha,30,2,29500000.0,Gampaha,20.0,Negombo
2400,4,3,Colombo,41,2,90000000.0,Colombo,36.0,Talawatugoda
2750,4,4,Colombo,44,2,55000000.0,Colombo,8.55,Dehiwala
3500,5,4,Colombo,1,2,37000000.0,Colombo,12.5,Nugegoda
2000,3,2,Colombo,9,2,32000000.0,Colombo,13.0,Maharagama
4000,3,3,Kandy,28,2,55000000.0,Kandy,76.0,Kandy City
2000,3,2,Colombo,6,2,32000000.0,Colombo,13.0,Maharagama
1633,6,3,Matara,46,3,70000000.0,Matara,24.0,Matara City
3500,4,3,Gampaha,6,2,26500000.0,Gampaha,10.0,Negombo
2750,4,2,Gampaha,5,2,13000000.0,Gampaha,11.0,Negombo
3150,4,3,Gampaha,8,2,26500000.0,Gampaha,10.5,Negombo
1750,2,1,Colombo,5,1,13000000.0,Colombo,6.0,Pannipitiya
1900,3,2,Colombo,36,2,12000000.0,Colombo,9.5,Maharagama
3150,2,1,Gampaha,20,1,15000000.0,Gampaha,10.5,Negombo
3300,6,4,Colombo,48,3,44000000.0,Colombo,10.0,Maharagama
1560,3,3,Colombo,13,2,25000000.0,Colombo,5.73,Colombo 15
3300,6,4,Colombo,15,3,44000000.0,Colombo,10.0,Maharagama
2000,5,2,Colombo,7,2,8500000.0,Colombo,17.0,Homagama
4470,4,4,Gampaha,6,2,25000000.0,Gampaha,10.5,Negombo
5000,7,5,Colombo,49,4,120000000.0,Colombo,10.0,Colombo 5
3150,4,3,Gampaha,9,2,26500000.0,Gampaha,10.5,Negombo
2100,5,2,Gampaha,15,2,11000000.0,Gampaha,10.0,Negombo
2546,4,4,Colombo,18,2,25500000.0,Colombo,6.2,Boralesgamuwa
3842,3,2,Gampaha,45,2,42000000.0,Gampaha,10.0,Kadawatha
5445,3,1,Gampaha,9,2,20000000.0,Gampaha,20.0,Negombo
1500,5,2,Ratnapura,20,2,12000000.0,Ratnapura,10.0,Balangoda
1200,3,1,Kandy,4,2,7000000.0,Kandy,10.5,Nawalapitiya
650,3,1,Gampaha,42,2,6500000.0,Gampaha,3.75,Kelaniya
1600,3,2,Gampaha,33,2,20500000.0,Gampaha,10.0,Negombo
3500,4,3,Gampaha,31,2,29500000.0,Gampaha,20.0,Negombo
1400,3,2,Gampaha,36,2,9900000.0,Gampaha,10.0,Negombo
3500,4,3,Gampaha,14,2,29500000.0,Gampaha,20.0,Negombo
2900,3,3,Kandy,14,2,82500000.0,Kandy,33.0,Kandy City
1480,3,2,Colombo,32,2,16800000.0,Colombo,6.5,Pannipitiya
3600,5,4,Kalutara,1,2,47500000.0,Kalutara,15.0,Panadura
2900,4,4,Colombo,10,2,36000000.0,Colombo,8.5,Piliyandala
4500,4,5,Gampaha,25,2,47000000.0,Gampaha,14.7,Negombo
3166,4,4,Colombo,4,2,25500000.0,Colombo,7.5,Piliyandala
5054,8,5,Colombo,38,4,42500000.0,Colombo,13.2,Dehiwala
1510,3,2,Colombo,14,2,14000000.0,Colombo,10.0,Piliyandala
1380,3,3,Gampaha,30,2,17500000.0,Gampaha,9.0,Ja-Ela
1150,2,2,Colombo,14,1,7200000.0,Colombo,7.0,Godagama
3150,4,3,Gampaha,17,2,26500000.0,Gampaha,10.5,Negombo
3000,4,3,Colombo,43,2,115000000.0,Colombo,50.2,Talawatugoda
6500,5,4,Colombo,36,2,100000000.0,Colombo,20.0,Battaramulla
5000,5,4,Colombo,9,2,65000000.0,Colombo,21.0,Malabe
1300,3,1,Colombo,4,2,11500000.0,Colombo,10.2,Kaduwela
1300,3,2,Colombo,3,2,12000000.0,Colombo,12.0,Homagama
900,3,2,Colombo,46,2,10000000.0,Colombo,6.3,Piliyandala
2500,4,2,Colombo,12,2,21000000.0,Colombo,5.0,Boralesgamuwa
3000,4,4,Colombo,19,2,60000000.0,Colombo,15.0,Talawatugoda
3300,3,2,Colombo,49,2,40000000.0,Colombo,7.0,Talawatugoda
3000,5,4,Colombo,3,2,56000000.0,Colombo,10.2,Rajagiriya
2500,4,3,Gampaha,40,2,29500000.0,Gampaha,20.0,Negombo
4500,7,6,Colombo,25,4,75000000.0,Colombo,8.3,Colombo 5
3500,4,3,Gampaha,2,2,29500000.0,Gampaha,20.0,Negombo
2000,4,4,Colombo,30,2,23500000.0,Colombo,7.0,Malabe
1200,2,1,Gampaha,13,1,8900000.0,Gampaha,8.0,Ja-Ela
2450,4,3,Colombo,28,2,170000000.0,Colombo,11.0,Talawatugoda
1200,2,1,Kalutara,18,1,8000000.0,Kalutara,15.0,Bandaragama
3000,5,1,Matara,45,2,16000000.0,Matara,26.0,Matara City
1400,2,1,Kalutara,1,1,7500000.0,Kalutara,6.0,Panadura
2450,7,3,Colombo,13,4,15500000.0,Colombo,2.5,Colombo 14
1000,3,2,Gampaha,5,2,7500000.0,Gampaha,9.3,Gampaha City
4000,6,4,Colombo,17,3,200000000.0,Colombo,15.0,Colombo 6
2000,5,2,Anuradhapura,33,2,12500000.0,Anuradhapura,17.4,Anuradhapura City
3125,3,1,Gampaha,16,2,9900000.0,Gampaha,10.0,Negombo
1800,2,1,Gampaha,19,1,11500000.0,Gampaha,10.0,Ganemulla
3000,4,3,Colombo,20,2,42000000.0,Colombo,10.0,Pannipitiya
2000,4,3,Colombo,40,2,45000000.0,Colombo,11.25,Dehiwala
2500,3,2,Gampaha,5,2,10500000.0,Gampaha,12.0,Negombo
3000,4,4,Colombo,50,2,60000000.0,Colombo,15.0,Talawatugoda
2600,4,4,Colombo,48,2,23000000.0,Colombo,7.0,Malabe
3000,4,3,Colombo,50,2,33000000.0,Colombo,8.0,Talawatugoda
1200,3,2,Colombo,44,2,12000000.0,Colombo,10.0,Homagama
4000,5,4,Colombo,50,2,65000000.0,Colombo,10.0,Malabe
3267,4,1,Kurunegala,13,2,9600000.0,Kurunegala,160.0,Giriulla
3000,4,4,Colombo,29,2,33000000.0,Colombo,8.0,Talawatugoda
2400,4,4,Colombo,38,2,20000000.0,Colombo,15.0,Athurugiriya
2287,3,3,Gampaha,10,2,31000000.0,Gampaha,10.0,Negombo
3000,4,4,Colombo,3,2,36000000.0,Colombo,10.0,Malabe
6000,5,5,Colombo,20,2,140000000.0,Colombo,16.0,Nugegoda
1655,3,3,Colombo,1,2,16800000.0,Colombo,11.5,Piliyandala
2200,4,3,Colombo,23,2,26500000.0,Colombo,6.5,Malabe
2175,3,2,Gampaha,3,2,30000000.0,Gampaha,10.0,Negombo
1400,4,1,Kurunegala,50,2,8500000.0,Kurunegala,83.0,Kurunegala City
1520,3,2,Colombo,38,2,14000000.0,Colombo,8.0,Piliyandala
6588,6,5,Colombo,4,3,44000000.0,Colombo,12.5,Talawatugoda
800,4,1,Hambantota,9,2,5000000.0,Hambantota,68.0,Tissamaharama
2100,4,4,Colombo,18,2,20500000.0,Colombo,6.0,Malabe
1750,3,3,Colombo,7,2,17500000.0,Colombo,13.3,Kottawa
1800,3,1,Gampaha,20,2,4700000.0,Gampaha,7.5,Gampaha City
3800,4,4,Colombo,3,2,42500000.0,Colombo,10.0,Talawatugoda
1500,3,2,Kalutara,42,2,8000000.0,Kalutara,20.0,Horana
2500,4,3,Colombo,4,2,25500000.0,Colombo,6.5,Piliyandala
3000,5,4,Colombo,17,2,75000000.0,Colombo,9.15,Battaramulla
3050,5,4,Colombo,10,2,47000000.0,Colombo,11.7,Battaramulla
2000,4,2,Colombo,28,2,28000000.0,Colombo,10.5,Battaramulla
3050,5,4,Kandy,43,2,32500000.0,Kandy,21.0,Kandy City
1200,3,1,Gampaha,4,2,7500000.0,Gampaha,18.0,Ja-Ela
1800,3,2,Kalutara,50,2,15000000.0,Kalutara,20.0,Kalutara City
2400,4,3,Colombo,46,2,24800000.0,Colombo,6.0,Piliyandala
3000,3,2,Gampaha,3,2,19500000.0,Gampaha,9.5,Wattala
3500,4,2,Gampaha,50,2,16500000.0,Gampaha,12.5,Negombo
3200,4,4,Colombo,17,2,53000000.0,Colombo,16.0,Kotte
2000,4,2,Colombo,7,2,16000000.0,Colombo,17.0,Athurugiriya
1250,3,3,Colombo,10,2,13000000.0,Colombo,6.0,Piliyandala
3300,3,2,Colombo,11,2,40000000.0,Colombo,7.0,Talawatugoda
3000,4,3,Colombo,15,2,42000000.0,Colombo,10.0,Talawatugoda
2800,4,4,Colombo,41,2,27500000.0,Colombo,11.5,Malabe
1050,3,2,Colombo,3,2,9750000.0,Colombo,6.0,Homagama
4000,4,3,Colombo,6,2,110000000.0,Colombo,50.17,Talawatugoda
1600,3,3,Colombo,7,2,20000000.0,Colombo,8.0,Kottawa
4200,4,6,Colombo,10,2,250000000.0,Colombo,15.5,Colombo 5
3300,3,2,Colombo,22,2,40000000.0,Colombo,7.0,Talawatugoda
3300,4,4,Colombo,49,2,44000000.0,Colombo,7.7,Talawatugoda
3800,5,4,Colombo,49,2,45000000.0,Colombo,11.0,Talawatugoda
1100,3,1,Colombo,48,2,7950000.0,Colombo,7.0,Homagama
1650,3,1,Colombo,13,2,12000000.0,Colombo,20.0,Homagama
3000,5,3,Colombo,19,2,65000000.0,Colombo,20.0,Homagama
3000,5,3,Colombo,31,2,24500000.0,Colombo,10.0,Homagama
2600,4,4,Colombo,6,2,29000000.0,Colombo,10.0,Malabe
1900,3,3,Colombo,23,2,21000000.0,Colombo,6.5,Homagama
2800,4,4,Colombo,25,2,28000000.0,Colombo,10.0,Malabe
3800,5,4,Colombo,21,2,29800000.0,Colombo,6.0,Homagama
2850,4,3,Colombo,12,2,42000000.0,Colombo,10.0,Talawatugoda
4000,4,3,Colombo,12,2,28000000.0,Colombo,15.0,Homagama
2950,4,2,Gampaha,15,2,16000000.0,Gampaha,10.0,Ragama
2700,7,3,Gampaha,13,4,32000000.0,Gampaha,10.0,Ragama
2300,3,3,Gampaha,26,2,17000000.0,Gampaha,13.65,Ragama
3200,4,4,Gampaha,5,2,27000000.0,Gampaha,11.7,Ragama
4500,4,3,Colombo,44,2,70000000.0,Colombo,26.45,Kottawa
1984,3,2,Gampaha,5,2,28500000.0,Gampaha,10.0,Negombo
1600,2,1,Gampaha,22,1,8000000.0,Gampaha,10.0,Ja-Ela
2200,5,4,Gampaha,3,2,37000000.0,Gampaha,10.5,Kadawatha
2000,4,2,Colombo,4,2,29000000.0,Colombo,7.0,Athurugiriya
1400,2,2,Colombo,10,1,14800000.0,Colombo,7.0,Athurugiriya
1800,3,3,Colombo,8,2,19000000.0,Colombo,10.0,Athurugiriya
1200,3,2,Colombo,33,2,12500000.0,Colombo,8.0,Athurugiriya
2500,5,3,Colombo,18,2,112500000.0,Colombo,9.0,Colombo 10
1400,3,2,Colombo,2,2,15500000.0,Colombo,7.5,Athurugiriya
1100,3,1,Colombo,47,2,10000000.0,Colombo,6.0,Athurugiriya
2100,4,4,Colombo,3,2,20500000.0,Colombo,6.0,Athurugiriya
3300,5,4,Colombo,2,2,31500000.0,Colombo,10.0,Athurugiriya
1150,3,2,Colombo,22,2,11000000.0,Colombo,8.0,Athurugiriya
2400,5,6,Colombo,14,2,40000000.0,Colombo,6.0,Dehiwala
2500,5,3,Colombo,30,2,17500000.0,Colombo,10.0,Kottawa
1800,4,4,Colombo,3,2,17500000.0,Colombo,7.5,Kottawa
6000,6,5,Colombo,15,3,60000000.0,Colombo,10.5,Boralesgamuwa
2550,4,3,Colombo,1,2,25500000.0,Colombo,7.5,Piliyandala
3800,4,3,Colombo,6,2,45000000.0,Colombo,11.0,Talawatugoda
2800,5,4,Colombo,29,2,32000000.0,Colombo,7.0,Ratmalana
3200,4,4,Colombo,9,2,100000000.0,Colombo,10.0,Kotte
3800,6,2,Colombo,7,3,45000000.0,Colombo,10.0,Battaramulla
3000,5,4,Colombo,44,2,40000000.0,Colombo,10.0,Piliyandala
2600,5,4,Colombo,40,2,28500000.0,Colombo,10.0,Homagama
3300,4,3,Colombo,35,2,42500000.0,Colombo,11.0,Talawatugoda
3600,6,4,Colombo,15,3,33500000.0,Colombo,16.2,Kottawa
3200,5,3,Colombo,38,2,42500000.0,Colombo,6.5,Nugegoda
3300,3,2,Colombo,9,2,40000000.0,Colombo,7.0,Talawatugoda
2800,3,3,Colombo,5,2,32500000.0,Colombo,8.0,Talawatugoda
2550,4,3,Colombo,36,2,25500000.0,Colombo,6.5,Piliyandala
2875,4,4,Colombo,22,2,23500000.0,Colombo,14.0,Piliyandala
1300,3,2,Colombo,16,2,11500000.0,Colombo,10.0,Homagama
2800,4,4,Colombo,10,2,55000000.0,Colombo,12.0,Battaramulla
1200,3,3,Colombo,47,2,14500000.0,Colombo,6.0,Athurugiriya
1500,3,2,Colombo,40,2,16500000.0,Colombo,7.5,Athurugiriya
2896,4,4,Colombo,4,2,25500000.0,Colombo,7.5,Piliyandala
4000,4,4,Colombo,5,2,67500000.0,Colombo,12.0,Boralesgamuwa
2000,3,3,Colombo,13,2,20500000.0,Colombo,6.5,Athurugiriya
2000,4,2,Colombo,17,2,20000000.0,Colombo,4.5,Boralesgamuwa
2067,5,4,Colombo,13,2,22000000.0,Colombo,6.0,Athurugiriya
3500,5,2,Colombo,3,2,125000000.0,Colombo,25.0,Colombo 9
1200,3,2,Colombo,15,2,23000000.0,Colombo,10.0,Boralesgamuwa
2900,4,2,Colombo,46,2,22500000.0,Colombo,7.0,Homagama
9000,5,5,Colombo,14,2,120000000.0,Colombo,16.0,Talawatugoda
2400,4,3,Colombo,8,2,26500000.0,Colombo,7.0,Kottawa
3000,4,3,Colombo,2,2,29500000.0,Colombo,12.0,Kottawa
3300,3,3,Colombo,3,2,32000000.0,Colombo,12.0,Kottawa
2000,4,2,Colombo,16,2,17500000.0,Colombo,7.5,Kottawa
2000,4,3,Colombo,12,2,26000000.0,Colombo,13.0,Kottawa
2875,4,4,Colombo,18,2,24800000.0,Colombo,6.0,Piliyandala
7240,5,6,Colombo,31,2,70000000.0,Colombo,17.0,Kottawa
7240,5,6,Colombo,9,2,70000000.0,Colombo,17.0,Talawatugoda
3600,6,4,Colombo,46,3,33500000.0,Colombo,16.2,Kottawa
2800,5,7,Colombo,1,2,64000000.0,Colombo,17.5,Talawatugoda
3500,5,5,Colombo,4,2,40000000.0,Colombo,11.0,Talawatugoda
3995,4,4,Colombo,14,2,55500000.0,Colombo,15.0,Piliyandala
4500,4,5,Colombo,3,2,37500000.0,Colombo,14.5,Kottawa
3600,6,6,Gampaha,8,3,32000000.0,Gampaha,7.0,Wattala
4120,4,2,Colombo,48,2,40000000.0,Colombo,10.3,Maharagama
2750,4,3,Colombo,45,2,27000000.0,Colombo,12.0,Maharagama
2500,4,2,Colombo,6,2,36000000.0,Colombo,7.0,Maharagama
1200,3,1,Kalutara,30,2,8200000.0,Kalutara,21.0,Kalutara City
1500,3,3,Colombo,8,2,18500000.0,Colombo,7.5,Malabe
2005,4,4,Colombo,24,2,21000000.0,Colombo,6.0,Malabe
1800,3,2,Colombo,38,2,16500000.0,Colombo,7.0,Malabe
3300,6,4,Colombo,46,3,44000000.0,Colombo,10.0,Maharagama
5000,4,4,Colombo,8,2,120000000.0,Colombo,92.0,Maharagama
3000,4,4,Colombo,41,2,28500000.0,Colombo,15.0,Piliyandala
1900,3,2,Colombo,2,2,19000000.0,Colombo,11.4,Malabe
2200,4,3,Colombo,23,2,22500000.0,Colombo,6.3,Malabe
1250,3,2,Colombo,29,2,16500000.0,Colombo,7.5,Malabe
750,2,1,Kandy,13,1,5500000.0,Kandy,13.56,Wattegama
1800,3,3,Colombo,24,2,23000000.0,Colombo,8.0,Piliyandala
2400,4,3,Colombo,5,2,23500000.0,Colombo,7.0,Piliyandala
2200,3,2,Gampaha,1,2,13500000.0,Gampaha,17.0,Gampaha City
1800,3,1,Colombo,17,2,14500000.0,Colombo,10.0,Piliyandala
3000,4,2,Colombo,8,2,22000000.0,Colombo,15.4,Piliyandala
1200,3,2,Colombo,24,2,18500000.0,Colombo,10.0,Piliyandala
3500,5,4,Colombo,45,2,23500000.0,Colombo,10.33,Piliyandala
3100,4,4,Colombo,48,2,40000000.0,Colombo,10.0,Piliyandala
3250,5,3,Colombo,21,2,23500000.0,Colombo,7.0,Piliyandala
1200,3,3,Colombo,33,2,14000000.0,Colombo,12.0,Piliyandala
3000,4,3,Colombo,37,2,35000000.0,Colombo,19.0,Piliyandala
2500,4,3,Colombo,44,2,33000000.0,Colombo,12.6,Piliyandala
3150,4,3,Gampaha,3,2,26500000.0,Gampaha,10.5,Negombo
1552,3,2,Kalutara,23,2,13500000.0,Kalutara,10.3,Horana
2000,4,3,Colombo,3,2,17500000.0,Colombo,6.5,Piliyandala
2500,4,3,Gampaha,22,2,29500000.0,Gampaha,20.0,Negombo
2500,4,5,Colombo,15,2,25500000.0,Colombo,7.0,Piliyandala
2550,4,3,Colombo,50,2,25500000.0,Colombo,7.5,Piliyandala
3300,3,2,Colombo,50,2,40000000.0,Colombo,7.0,Talawatugoda
2845,4,4,Colombo,40,2,21500000.0,Colombo,9.0,Piliyandala
1500,3,3,Colombo,1,2,14500000.0,Colombo,10.0,Piliyandala
4200,4,4,Colombo,49,2,49500000.0,Colombo,10.0,Talawatugoda
3000,4,3,Colombo,49,2,110000000.0,Colombo,50.0,Talawatugoda
3300,4,4,Colombo,45,2,44000000.0,Colombo,7.7,Talawatugoda
2001,4,4,Colombo,25,2,19500000.0,Colombo,11.5,Malabe
3800,5,4,Colombo,4,2,45000000.0,Colombo,11.0,Talawatugoda
4000,4,4,Colombo,8,2,60000000.0,Colombo,15.0,Talawatugoda
3500,5,4,Colombo,17,2,46000000.0,Colombo,10.5,Nugegoda
4000,5,5,Colombo,25,2,63000000.0,Colombo,12.0,Nugegoda
7100,6,5,Colombo,1,3,15500000.0,Colombo,27.0,Nugegoda
3200,4,4,Colombo,46,2,36000000.0,Colombo,10.0,Malabe
2800,4,3,Colombo,2,2,26500000.0,Colombo,6.5,Malabe
4000,5,4,Colombo,44,2,65000000.0,Colombo,12.5,Malabe
3100,5,3,Colombo,28,2,37500000.0,Colombo,9.0,Malabe
4900,4,4,Colombo,24,2,80000000.0,Colombo,16.0,Kotte
4000,5,4,Colombo,18,2,65000000.0,Colombo,10.0,Malabe
2500,3,2,Colombo,45,2,35000000.0,Colombo,20.0,Pannipitiya
2500,5,7,Colombo,42,2,64000000.0,Colombo,17.5,Pannipitiya
4000,5,4,Colombo,8,2,65000000.0,Colombo,10.0,Talawatugoda
2000,3,2,Kalutara,35,2,47500000.0,Kalutara,82.0,Bandaragama
3000,4,3,Colombo,40,2,33000000.0,Colombo,8.0,Talawatugoda
3500,4,4,Colombo,22,2,80000000.0,Colombo,16.0,Battaramulla
3200,4,4,Colombo,3,2,29000000.0,Colombo,8.0,Pannipitiya
3800,4,4,Colombo,48,2,45000000.0,Colombo,7.0,Battaramulla
4500,5,4,Colombo,44,2,115000000.0,Colombo,22.0,Battaramulla
5500,4,4,Colombo,19,2,85000000.0,Colombo,12.0,Battaramulla
4000,5,4,Colombo,1,2,75000000.0,Colombo,14.0,Battaramulla
2500,3,1,Kegalle,6,2,9800000.0,Kegalle,11.5,Kegalle City
2000,3,3,Colombo,39,2,18500000.0,Colombo,9.0,Athurugiriya
2100,4,3,Colombo,44,2,19500000.0,Colombo,11.5,Malabe
1500,3,2,Colombo,16,2,22500000.0,Colombo,5.5,Mount Lavinia
2240,4,2,Colombo,12,2,12600000.0,Colombo,10.0,Kaduwela
1700,4,2,Gampaha,18,2,17000000.0,Gampaha,5.6,Kandana
1000,3,1,Colombo,47,2,11000000.0,Colombo,6.0,Boralesgamuwa
2750,4,3,Colombo,2,2,68000000.0,Colombo,8.0,Colombo 5
4000,6,4,Anuradhapura,29,3,37000000.0,Anuradhapura,30.0,Anuradhapura City
4000,4,4,Colombo,3,2,76000000.0,Colombo,17.5,Battaramulla
1250,3,3,Colombo,7,2,13000000.0,Colombo,6.5,Piliyandala
1250,3,2,Colombo,7,2,14000000.0,Colombo,10.0,Piliyandala
1100,3,1,Colombo,5,2,8000000.0,Colombo,8.0,Piliyandala
1650,3,2,Colombo,50,2,16700000.0,Colombo,11.0,Piliyandala
2550,4,3,Colombo,24,2,23500000.0,Colombo,7.0,Piliyandala
3250,4,4,Colombo,33,2,30500000.0,Colombo,8.0,Piliyandala
2500,5,4,Colombo,31,2,28500000.0,Colombo,7.7,Piliyandala
2000,3,1,Kurunegala,4,2,17500000.0,Kurunegala,20.0,Kurunegala City
2500,4,3,Colombo,45,2,26000000.0,Colombo,8.5,Piliyandala
2600,4,3,Colombo,27,2,25500000.0,Colombo,6.2,Piliyandala
2850,4,4,Colombo,6,2,22000000.0,Colombo,9.4,Piliyandala
3300,6,4,Colombo,9,3,44000000.0,Colombo,10.0,Maharagama
2000,3,2,Colombo,15,2,42000000.0,Colombo,15.0,Nugegoda
950,3,1,Colombo,23,2,20000000.0,Colombo,12.0,Kaduwela
1800,4,2,Kandy,34,2,11000000.0,Kandy,10.4,Peradeniya
4500,4,4,Colombo,16,2,99000000.0,Colombo,10.0,Kotte
4000,5,4,Colombo,7,2,55000000.0,Colombo,10.0,Malabe
6000,4,4,Colombo,40,2,145000000.0,Colombo,15.0,Kotte
1100,3,2,Colombo,4,2,12000000.0,Colombo,6.5,Kesbewa
3550,5,4,Colombo,4,2,52000000.0,Colombo,13.0,Kotte
3500,4,3,Gampaha,23,2,26500000.0,Gampaha,10.0,Negombo
2700,5,3,Colombo,22,2,52500000.0,Colombo,12.2,Battaramulla
1320,3,2,Colombo,9,2,15000000.0,Colombo,7.5,Kesbewa
1600,3,2,Gampaha,20,2,20500000.0,Gampaha,10.0,Negombo
2100,4,3,Gampaha,22,2,31500000.0,Gampaha,13.2,Negombo
4200,5,4,Colombo,24,2,66000000.0,Colombo,29.0,Battaramulla
1400,3,2,Gampaha,27,2,9900000.0,Gampaha,10.0,Negombo
820,2,2,Colombo,13,1,9300000.0,Colombo,3.0,Wellampitiya
3500,4,3,Gampaha,3,2,29500000.0,Gampaha,20.0,Negombo
1500,4,1,Kurunegala,14,2,12800000.0,Kurunegala,16.0,Kurunegala City
4235,5,4,Colombo,25,2,33000000.0,Colombo,10.0,Piliyandala
6500,6,5,Colombo,15,3,320000000.0,Colombo,30.0,Battaramulla
3800,5,4,Colombo,33,2,45000000.0,Colombo,11.0,Talawatugoda
3800,5,4,Colombo,49,2,45000000.0,Colombo,11.0,Talawatugoda
4000,4,3,Colombo,41,2,105000000.0,Colombo,50.17,Talawatugoda
3000,4,3,Colombo,23,2,42500000.0,Colombo,10.0,Boralesgamuwa
3600,4,3,Colombo,25,2,36000000.0,Colombo,7.8,Malabe
2750,4,2,Colombo,11,2,19000000.0,Colombo,10.4,Talawatugoda
3000,4,3,Colombo,19,2,42500000.0,Colombo,10.0,Dehiwala
1617,3,2,Gampaha,21,2,20500000.0,Gampaha,10.0,Negombo
2000,3,2,Gampaha,1,2,19500000.0,Gampaha,12.5,Negombo
3150,4,3,Gampaha,1,2,26500000.0,Gampaha,10.5,Negombo
6000,6,5,Gampaha,1,3,55000000.0,Gampaha,43.0,Ragama
3800,6,4,Colombo,46,3,29500000.0,Colombo,13.0,Talawatugoda
3500,7,6,Colombo,40,4,79000000.0,Colombo,16.0,Talawatugoda
1325,3,1,Gampaha,13,2,9900000.0,Gampaha,10.0,Negombo
2400,3,3,Colombo,13,2,20000000.0,Colombo,10.2,Talawatugoda
650,2,1,Galle,37,1,3200000.0,Galle,20.0,Ambalangoda
2100,5,2,Gampaha,14,2,11000000.0,Gampaha,10.0,Negombo
7000,7,4,Colombo,50,4,65000000.0,Colombo,15.0,Boralesgamuwa
2500,4,3,Gampaha,4,2,29500000.0,Gampaha,20.0,Negombo
3900,4,4,Colombo,39,2,29500000.0,Colombo,9.6,Malabe
4200,4,4,Colombo,47,2,33000000.0,Colombo,10.0,Piliyandala
4500,5,5,Colombo,10,2,115000000.0,Colombo,22.0,Battaramulla
3000,5,5,Colombo,3,2,65000000.0,Colombo,7.5,Dehiwala
550,3,1,Colombo,29,2,7500000.0,Colombo,3.0,Colombo 5
2500,5,2,Gampaha,12,2,30000000.0,Gampaha,15.2,Wattala
700,2,1,Kalutara,1,1,39000000.0,Kalutara,2.7,Alutgama
4000,5,5,Colombo,22,2,160000000.0,Colombo,12.7,Colombo 3
3500,7,5,Colombo,8,4,195000000.0,Colombo,12.0,Colombo 3
3800,5,4,Colombo,2,2,45000000.0,Colombo,11.0,Talawatugoda
4012,5,3,Colombo,9,2,120000000.0,Colombo,43.0,Battaramulla
4800,4,3,Colombo,49,2,26000000.0,Colombo,6.0,Wellampitiya
3200,5,4,Colombo,22,2,52000000.0,Colombo,14.0,Nugegoda
1600,3,1,Colombo,42,2,11200000.0,Colombo,10.0,Boralesgamuwa
4000,4,4,Colombo,47,2,86000000.0,Colombo,14.0,Nugegoda
1800,3,3,Gampaha,6,2,18500000.0,Gampaha,9.0,Ja-Ela
1000,3,1,Gampaha,7,2,18000000.0,Gampaha,11.2,Wattala
1500,3,1,Colombo,5,2,14500000.0,Colombo,26.0,Godagama
1000,2,1,Ratnapura,31,1,5500000.0,Ratnapura,8.0,Balangoda
3643,5,2,Colombo,24,2,45000000.0,Colombo,9.33,Kotte
3254,5,4,Colombo,7,2,25500000.0,Colombo,7.5,Piliyandala
3000,4,4,Colombo,48,2,44000000.0,Colombo,9.0,Battaramulla
2600,4,3,Colombo,37,2,23500000.0,Colombo,7.5,Kottawa
2200,4,3,Colombo,18,2,33500000.0,Colombo,36.5,Talawatugoda
1500,2,1,Colombo,12,1,11500000.0,Colombo,6.0,Athurugiriya
1170,3,1,Kalutara,9,2,6300000.0,Kalutara,8.75,Kalutara City
10500,3,2,Colombo,26,2,13700000.0,Colombo,15.0,Athurugiriya
1700,3,1,Gampaha,30,2,6700000.0,Gampaha,12.5,Gampaha City
2000,3,1,Gampaha,3,2,5500000.0,Gampaha,8.0,Gampaha City
1800,3,1,Anuradhapura,7,2,7300000.0,Anuradhapura,35.2,Anuradhapura City
4900,4,4,Colombo,22,2,85000000.0,Colombo,16.0,Kotte
3200,2,3,Colombo,40,1,9000000.0,Colombo,11.0,Wellampitiya
2800,5,4,Colombo,47,2,29500000.0,Colombo,11.0,Boralesgamuwa
2600,3,2,Colombo,23,2,31000000.0,Colombo,12.7,Nugegoda
3150,4,3,Gampaha,1,2,26500000.0,Gampaha,10.5,Negombo
2500,4,3,Gampaha,5,2,29500000.0,Gampaha,20.0,Negombo
2000,3,2,Gampaha,16,2,12500000.0,Gampaha,7.0,Kadawatha
2800,4,2,Colombo,43,2,35000000.0,Colombo,19.0,Kottawa
3150,4,3,Gampaha,22,2,26500000.0,Gampaha,10.5,Negombo
3800,3,3,Colombo,45,2,25000000.0,Colombo,10.0,Athurugiriya
2000,5,2,Colombo,18,2,22500000.0,Colombo,10.0,Kottawa
2200,3,2,Colombo,19,2,32000000.0,Colombo,16.0,Kottawa
1200,3,3,Kalutara,19,2,15000000.0,Kalutara,13.5,Panadura
2000,3,2,Colombo,46,2,70000000.0,Colombo,14.0,Rajagiriya
1200,4,2,Kalutara,12,2,11000000.0,Kalutara,6.0,Panadura
3560,4,4,Colombo,22,2,28500000.0,Colombo,8.5,Piliyandala
2500,4,4,Colombo,7,2,25500000.0,Colombo,7.5,Piliyandala
1500,3,2,Colombo,16,2,12000000.0,Colombo,2.94,Dehiwala
1829,3,2,Colombo,8,2,17500000.0,Colombo,6.72,Nugegoda
3500,4,4,Colombo,1,2,34000000.0,Colombo,8.5,Piliyandala
3000,5,2,Kurunegala,9,2,3800000.0,Kurunegala,38.0,Narammala
2222,3,3,Colombo,17,2,21500000.0,Colombo,9.5,Piliyandala
1100,3,1,Kandy,22,2,9500000.0,Kandy,11.5,Peradeniya
2800,5,4,Colombo,13,2,28500000.0,Colombo,8.5,Piliyandala
2853,4,4,Colombo,50,2,28500000.0,Colombo,8.0,Piliyandala
2854,4,4,Colombo,24,2,28500000.0,Colombo,8.0,Piliyandala
2875,4,4,Colombo,8,2,25500000.0,Colombo,6.0,Piliyandala
5000,5,5,Badulla,25,2,35000000.0,Badulla,58.0,Ella
2000,3,2,Gampaha,39,2,19500000.0,Gampaha,12.5,Negombo
1500,3,1,Kegalle,7,2,8280000.0,Kegalle,46.0,Dehiowita
2600,4,4,Colombo,26,2,29000000.0,Colombo,10.5,Malabe
3500,4,4,Colombo,36,2,44000000.0,Colombo,7.7,Talawatugoda
2200,4,3,Colombo,10,2,26500000.0,Colombo,6.5,Malabe
1390,3,1,Gampaha,14,2,9900000.0,Gampaha,10.0,Negombo
1800,2,2,Colombo,4,1,12500000.0,Colombo,7.2,Angoda
2800,4,4,Colombo,17,2,27500000.0,Colombo,11.5,Malabe
2000,4,1,Kurunegala,20,2,5000000.0,Kurunegala,22.0,Wariyapola
1500,4,2,Gampaha,26,2,19000000.0,Gampaha,15.0,Kadawatha
1600,5,1,Anuradhapura,32,2,14000000.0,Anuradhapura,25.0,Anuradhapura City
2431,4,4,Colombo,2,2,21500000.0,Colombo,9.0,Piliyandala
1280,3,1,Gampaha,50,2,5500000.0,Gampaha,12.5,Delgoda
1350,2,1,Gampaha,5,1,15000000.0,Gampaha,10.5,Negombo
2658,5,4,Colombo,44,2,28500000.0,Colombo,8.5,Piliyandala
3500,3,2,Kandy,13,2,38500000.0,Kandy,24.0,Peradeniya
2541,4,4,Colombo,9,2,21500000.0,Colombo,9.0,Piliyandala
3153,4,3,Gampaha,2,2,26500000.0,Gampaha,10.5,Negombo
2500,4,3,Gampaha,11,2,29500000.0,Gampaha,20.0,Negombo
1950,3,3,Colombo,2,2,18500000.0,Colombo,9.0,Athurugiriya
2985,4,4,Colombo,1,2,26000000.0,Colombo,7.5,Piliyandala
3000,4,2,Kurunegala,22,2,27000000.0,Kurunegala,20.0,Kurunegala City
1600,3,2,Kurunegala,10,2,16500000.0,Kurunegala,16.5,Kurunegala City
1500,3,1,Kurunegala,9,2,7000000.0,Kurunegala,20.0,Kurunegala City
3100,4,1,Kurunegala,15,2,9800000.0,Kurunegala,15.0,Kurunegala City
1350,3,1,Kurunegala,16,2,75000000.0,Kurunegala,15.0,Kurunegala City
3800,5,4,Colombo,13,2,50000000.0,Colombo,7.9,Dehiwala
2515,6,3,Colombo,1,3,27500000.0,Colombo,9.5,Mount Lavinia
1800,3,2,Kurunegala,50,2,21500000.0,Kurunegala,15.0,Kurunegala City
3150,4,3,Gampaha,36,2,26500000.0,Gampaha,10.5,Negombo
2200,4,2,Kurunegala,5,2,20000000.0,Kurunegala,20.0,Kurunegala City
1200,2,1,Kurunegala,5,1,8000000.0,Kurunegala,16.5,Kurunegala City
1200,2,1,Kurunegala,1,1,8000000.0,Kurunegala,18.0,Kurunegala City
2600,7,2,Colombo,3,4,13500000.0,Colombo,13.0,Boralesgamuwa
5000,7,5,Kurunegala,25,4,43000000.0,Kurunegala,30.0,Kurunegala City
2100,5,2,Gampaha,33,2,11000000.0,Gampaha,10.0,Negombo
1550,3,2,Gampaha,3,2,17000000.0,Gampaha,11.0,Negombo
3150,4,3,Gampaha,9,2,26500000.0,Gampaha,10.5,Negombo
2400,3,1,Batticaloa,1,2,10000000.0,Batticaloa,9.25,Batticaloa City
4325,5,4,Colombo,19,2,33000000.0,Colombo,10.0,Piliyandala
700,2,1,Gampaha,13,1,4500000.0,Gampaha,12.5,Kadawatha
3000,6,6,Colombo,9,3,55000000.0,Colombo,8.75,Dehiwala
1070,3,2,Colombo,49,2,14200000.0,Colombo,7.6,Malabe
1320,3,2,Colombo,29,2,15000000.0,Colombo,7.5,Piliyandala
3600,4,3,Colombo,43,2,36000000.0,Colombo,7.8,Malabe
2400,4,3,Colombo,34,2,26000000.0,Colombo,10.5,Malabe
1200,3,2,Gampaha,36,2,12000000.0,Gampaha,30.0,Kadawatha
2100,3,3,Colombo,39,2,25500000.0,Colombo,10.0,Malabe
1000,2,1,Colombo,43,1,18000000.0,Colombo,5.25,Dehiwala
2550,4,3,Colombo,20,2,25500000.0,Colombo,7.5,Piliyandala
3300,3,2,Colombo,47,2,40000000.0,Colombo,7.0,Talawatugoda
1400,4,2,Colombo,8,2,8750000.0,Colombo,13.0,Moratuwa
2800,4,4,Colombo,13,2,28000000.0,Colombo,10.0,Malabe
3000,5,3,Colombo,2,2,37500000.0,Colombo,16.0,Malabe
3500,4,4,Colombo,16,2,44000000.0,Colombo,7.7,Talawatugoda
2400,4,4,Colombo,37,2,26000000.0,Colombo,10.5,Malabe
1800,5,2,Kegalle,10,2,13000000.0,Kegalle,285.0,Ruwanwella
2550,4,3,Colombo,43,2,28500000.0,Colombo,14.0,Piliyandala
5300,4,4,Gampaha,21,2,55000000.0,Gampaha,13.0,Seeduwa
3800,7,4,Colombo,8,4,27000000.0,Colombo,10.0,Malabe
2200,4,4,Colombo,16,2,23000000.0,Colombo,7.0,Malabe
4300,4,4,Colombo,38,2,25000000.0,Colombo,11.0,Malabe
3152,4,4,Colombo,20,2,23500000.0,Colombo,7.5,Piliyandala
3200,4,4,Colombo,11,2,43500000.0,Colombo,10.5,Talawatugoda
2874,4,4,Colombo,4,2,24800000.0,Colombo,6.0,Piliyandala
3412,4,5,Colombo,28,2,25500000.0,Colombo,7.0,Piliyandala
4000,4,3,Gampaha,21,2,25000000.0,Gampaha,59.0,Katunayake
2750,4,4,Colombo,37,2,26000000.0,Colombo,8.5,Piliyandala
3500,4,4,Colombo,9,2,44000000.0,Colombo,7.7,Talawatugoda
1800,5,3,Colombo,13,2,26500000.0,Colombo,9.15,Maharagama
2500,5,2,Colombo,32,2,38500000.0,Colombo,7.5,Nawala
6500,6,5,Colombo,20,3,44000000.0,Colombo,12.5,Talawatugoda
2600,4,4,Colombo,33,2,34000000.0,Colombo,9.0,Maharagama
7200,6,4,Colombo,50,3,69000000.0,Colombo,20.0,Maharagama
2200,3,1,Gampaha,5,2,9500000.0,Gampaha,10.0,Negombo
1000,3,1,Colombo,2,2,16800000.0,Colombo,15.5,Piliyandala
2300,4,2,Colombo,13,2,50000000.0,Colombo,8.0,Battaramulla
2500,5,5,Colombo,22,2,24500000.0,Colombo,6.0,Battaramulla
1200,2,1,Ratnapura,12,1,6200000.0,Ratnapura,40.0,Pelmadulla
2500,5,3,Colombo,5,2,17500000.0,Colombo,10.0,Kottawa
1800,4,4,Colombo,9,2,17500000.0,Colombo,7.5,Kottawa
1830,4,2,Colombo,37,2,17500000.0,Colombo,13.0,Kottawa
3000,5,4,Colombo,25,2,52000000.0,Colombo,14.0,Nugegoda
3600,6,5,Colombo,38,3,33500000.0,Colombo,16.0,Kottawa
3800,6,4,Colombo,28,3,29500000.0,Colombo,13.0,Kottawa
2900,4,4,Colombo,31,2,33000000.0,Colombo,8.0,Kottawa
1410,4,2,Polonnaruwa,9,2,8000000.0,Polonnaruwa,20.0,Hingurakgoda
2600,4,4,Colombo,4,2,55000000.0,Colombo,8.55,Dehiwala
3500,5,5,Colombo,25,2,40000000.0,Colombo,11.0,Talawatugoda
3000,4,4,Colombo,10,2,60000000.0,Colombo,15.0,Talawatugoda
3300,3,2,Colombo,11,2,40000000.0,Colombo,7.0,Talawatugoda
2700,4,3,Colombo,50,2,35000000.0,Colombo,6.0,Battaramulla
1000,3,1,Colombo,15,2,13000000.0,Colombo,16.0,Kaduwela
2500,5,5,Colombo,2,2,24500000.0,Colombo,6.0,Battaramulla
2005,4,4,Colombo,5,2,20500000.0,Colombo,6.0,Malabe
2800,4,4,Colombo,32,2,27500000.0,Colombo,11.5,Malabe
2200,4,3,Colombo,47,2,22500000.0,Colombo,6.3,Malabe
2600,4,4,Colombo,4,2,29000000.0,Colombo,10.0,Athurugiriya
2800,4,4,Colombo,11,2,28000000.0,Colombo,10.0,Athurugiriya
950,3,2,Colombo,45,2,18500000.0,Colombo,3.0,Athurugiriya
600,2,1,Colombo,29,1,4800000.0,Colombo,2.4,Colombo 8
1200,3,3,Colombo,49,2,14500000.0,Colombo,6.0,Athurugiriya
1500,3,2,Colombo,49,2,16500000.0,Colombo,7.5,Athurugiriya
2550,4,4,Colombo,24,2,34000000.0,Colombo,8.5,Piliyandala
2550,4,4,Colombo,18,2,25500000.0,Colombo,7.5,Piliyandala
1325,3,1,Gampaha,4,2,9900000.0,Gampaha,10.0,Negombo
2550,4,4,Colombo,38,2,25500000.0,Colombo,6.5,Piliyandala
2100,4,2,Gampaha,12,2,13000000.0,Gampaha,11.0,Negombo
2400,4,2,Colombo,25,2,16000000.0,Colombo,18.0,Homagama
3150,4,3,Gampaha,15,2,26500000.0,Gampaha,10.5,Negombo
1550,3,2,Gampaha,31,2,17000000.0,Gampaha,11.0,Negombo
3150,2,1,Gampaha,22,1,15000000.0,Gampaha,10.5,Negombo
2455,3,3,Colombo,43,2,46200000.0,Colombo,6.0,Nugegoda
8500,5,5,Colombo,30,2,120000000.0,Colombo,16.0,Talawatugoda
2000,3,2,Gampaha,33,2,19500000.0,Gampaha,12.5,Negombo
2067,5,4,Colombo,49,2,22000000.0,Colombo,6.0,Athurugiriya
2000,3,3,Colombo,16,2,20500000.0,Colombo,6.5,Athurugiriya
2500,4,4,Colombo,4,2,25500000.0,Colombo,6.2,Piliyandala
1600,3,3,Colombo,6,2,20000000.0,Colombo,8.0,Kottawa
1200,3,2,Colombo,11,2,12800000.0,Colombo,6.5,Piliyandala
3500,4,3,Gampaha,4,2,26500000.0,Gampaha,10.0,Negombo
3850,4,2,Colombo,21,2,35000000.0,Colombo,10.0,Piliyandala
7000,6,5,Colombo,26,3,170000000.0,Colombo,27.0,Nugegoda
1459,3,2,Colombo,44,2,14000000.0,Colombo,8.5,Piliyandala
7000,6,6,Colombo,6,3,135000000.0,Colombo,12.0,Talawatugoda
1400,3,2,Gampaha,15,2,9900000.0,Gampaha,10.0,Negombo
3150,4,3,Gampaha,6,2,26500000.0,Gampaha,10.5,Negombo
2700,4,4,Colombo,46,2,26000000.0,Colombo,8.5,Piliyandala
5395,6,4,Colombo,27,3,46000000.0,Colombo,22.5,Pannipitiya
2000,4,3,Colombo,8,2,17500000.0,Colombo,6.5,Piliyandala
2300,4,4,Colombo,1,2,21500000.0,Colombo,9.5,Piliyandala
1650,3,2,Kalutara,9,2,13500000.0,Kalutara,10.26,Bandaragama
1600,3,2,Gampaha,5,2,20500000.0,Gampaha,10.0,Negombo
3600,6,4,Colombo,16,3,33500000.0,Colombo,16.2,Kottawa
3800,6,5,Colombo,14,3,65000000.0,Colombo,12.0,Nugegoda
1900,3,2,Colombo,21,2,19000000.0,Colombo,11.4,Malabe
4000,5,4,Colombo,33,2,65000000.0,Colombo,12.5,Malabe
3000,4,4,Colombo,4,2,33000000.0,Colombo,8.0,Kottawa
1100,2,1,Colombo,34,1,9000000.0,Colombo,6.0,Piliyandala
4000,4,3,Colombo,13,2,29500000.0,Colombo,8.0,Kottawa
2600,4,4,Colombo,49,2,29000000.0,Colombo,10.0,Malabe
2000,4,4,Colombo,7,2,23500000.0,Colombo,7.0,Malabe
2100,4,4,Gampaha,5,2,31500000.0,Gampaha,13.2,Negombo
2800,4,3,Colombo,37,2,26500000.0,Colombo,6.5,Malabe
3200,4,4,Colombo,16,2,36000000.0,Colombo,10.0,Malabe
2300,4,3,Colombo,26,2,21000000.0,Colombo,8.5,Piliyandala
5500,8,6,Colombo,7,4,50000000.0,Colombo,7.0,Nugegoda
2675,4,3,Colombo,31,2,48000000.0,Colombo,10.12,Malabe
2480,4,4,Colombo,18,2,27000000.0,Colombo,8.0,Kottawa
2800,4,4,Colombo,3,2,28000000.0,Colombo,10.0,Malabe
4200,4,4,Colombo,27,2,49500000.0,Colombo,10.0,Talawatugoda
3000,4,3,Colombo,35,2,33000000.0,Colombo,8.0,Malabe
3300,4,4,Colombo,17,2,44000000.0,Colombo,7.7,Talawatugoda
2300,4,3,Colombo,8,2,21000000.0,Colombo,8.5,Piliyandala
4200,4,4,Colombo,33,2,49500000.0,Colombo,10.0,Battaramulla
3300,4,4,Colombo,22,2,44000000.0,Colombo,7.7,Battaramulla
4000,5,3,Colombo,24,2,65000000.0,Colombo,10.0,Battaramulla
4500,5,4,Colombo,44,2,115000000.0,Colombo,22.0,Battaramulla
1000,3,1,Galle,42,2,5600000.0,Galle,32.0,Ambalangoda
3600,4,4,Colombo,7,2,18500000.0,Colombo,7.0,Piliyandala
2200,4,3,Colombo,17,2,26500000.0,Colombo,6.5,Malabe
3000,4,4,Colombo,14,2,36000000.0,Colombo,10.0,Malabe
1035,3,2,Colombo,28,2,16500000.0,Colombo,4.5,Battaramulla
1200,3,3,Colombo,12,2,29500000.0,Colombo,16.5,Malabe
4500,5,5,Colombo,15,2,115000000.0,Colombo,22.0,Battaramulla
3000,3,2,Gampaha,25,2,19000000.0,Gampaha,14.0,Kiribathgoda
3600,5,4,Colombo,8,2,35000000.0,Colombo,8.0,Malabe
1250,3,2,Colombo,9,2,26500000.0,Colombo,7.0,Malabe
2000,3,1,Colombo,31,2,15500000.0,Colombo,6.8,Malabe
1400,3,2,Colombo,18,2,16000000.0,Colombo,10.5,Malabe
3450,4,4,Colombo,13,2,49500000.0,Colombo,9.0,Talawatugoda
1300,3,2,Colombo,21,2,17000000.0,Colombo,7.5,Malabe
3000,4,4,Colombo,40,2,28500000.0,Colombo,15.0,Piliyandala
2550,4,3,Colombo,10,2,25500000.0,Colombo,7.5,Piliyandala
9000,5,5,Colombo,40,2,120000000.0,Colombo,16.0,Talawatugoda
3500,6,4,Colombo,15,3,34000000.0,Colombo,16.0,Kottawa
4000,5,4,Colombo,22,2,75000000.0,Colombo,11.0,Talawatugoda
3200,3,3,Colombo,9,2,52000000.0,Colombo,16.0,Talawatugoda
7000,6,6,Colombo,40,3,135000000.0,Colombo,12.0,Talawatugoda
2300,4,3,Colombo,42,2,21000000.0,Colombo,8.5,Piliyandala
1200,2,1,Ampara,39,1,6000000.0,Ampara,28.0,Ampara City
3900,5,4,Colombo,23,2,73000000.0,Colombo,15.61,Nugegoda
4000,5,4,Colombo,47,2,65000000.0,Colombo,10.0,Talawatugoda
1200,3,3,Colombo,25,2,14000000.0,Colombo,6.0,Athurugiriya
4000,8,7,Colombo,9,4,50000000.0,Colombo,8.8,Boralesgamuwa
2865,4,4,Colombo,36,2,27000000.0,Colombo,19.0,Piliyandala
2900,4,3,Colombo,20,2,33000000.0,Colombo,8.0,Kottawa
1611,3,2,Kalutara,5,2,13500000.0,Kalutara,10.22,Horana
3300,3,2,Colombo,32,2,40000000.0,Colombo,7.0,Talawatugoda
3300,4,3,Colombo,9,2,42500000.0,Colombo,11.0,Talawatugoda
1658,3,3,Colombo,1,2,18500000.0,Colombo,8.5,Piliyandala
3800,4,3,Colombo,6,2,45000000.0,Colombo,11.0,Talawatugoda
1271,3,2,Colombo,22,2,26500000.0,Colombo,7.0,Talawatugoda
4000,5,3,Colombo,45,2,56000000.0,Colombo,15.0,Battaramulla
2551,4,4,Colombo,46,2,25500000.0,Colombo,7.5,Piliyandala
3800,5,4,Colombo,49,2,180000000.0,Colombo,20.0,Colombo 8
2500,6,2,Kandy,12,3,40000000.0,Kandy,150.0,Katugastota
1500,4,2,Kegalle,4,2,7900000.0,Kegalle,37.0,Kegalle City
2750,4,2,Gampaha,33,2,13000000.0,Gampaha,11.0,Negombo
1800,3,2,Colombo,16,2,31500000.0,Colombo,18.5,Kottawa
2300,6,4,Colombo,8,3,40000000.0,Colombo,9.0,Nugegoda
2750,4,3,Colombo,37,2,27000000.0,Colombo,12.0,Pannipitiya
2700,4,3,Colombo,25,2,38500000.0,Colombo,6.0,Battaramulla
2000,4,3,Colombo,26,2,34000000.0,Colombo,14.5,Moratuwa
1390,4,1,Colombo,42,2,22000000.0,Colombo,17.0,Pannipitiya
2796,4,4,Colombo,15,2,27000000.0,Colombo,8.0,Kottawa
2874,4,4,Colombo,4,2,24800000.0,Colombo,6.0,Piliyandala
2874,4,4,Colombo,14,2,26000000.0,Colombo,8.0,Piliyandala
1641,3,2,Colombo,3,2,13500000.0,Colombo,10.2,Piliyandala
2875,5,4,Colombo,15,2,27000000.0,Colombo,10.0,Piliyandala
1745,3,2,Colombo,17,2,14000000.0,Colombo,8.0,Piliyandala
2845,4,5,Colombo,5,2,25500000.0,Colombo,7.5,Piliyandala
3214,4,4,Colombo,24,2,25500000.0,Colombo,7.5,Piliyandala
2784,3,3,Colombo,6,2,14000000.0,Colombo,8.0,Piliyandala
2784,4,4,Colombo,15,2,21500000.0,Colombo,9.0,Piliyandala
2596,5,4,Colombo,43,2,28500000.0,Colombo,8.5,Piliyandala
2542,3,3,Colombo,41,2,21500000.0,Colombo,9.5,Piliyandala
3412,4,4,Colombo,42,2,33000000.0,Colombo,10.0,Piliyandala
3258,5,4,Colombo,10,2,25500000.0,Colombo,7.5,Piliyandala
2875,4,4,Colombo,42,2,25500000.0,Colombo,6.0,Piliyandala
3021,4,4,Colombo,40,2,28500000.0,Colombo,7.5,Piliyandala
2500,4,4,Colombo,43,2,25500000.0,Colombo,6.2,Kesbewa
3288,5,4,Colombo,47,2,57500000.0,Colombo,6.0,Mount Lavinia
2240,3,3,Colombo,14,2,21000000.0,Colombo,7.0,Piliyandala
4500,5,4,Colombo,44,2,115000000.0,Colombo,22.0,Battaramulla
2875,3,2,Colombo,5,2,14000000.0,Colombo,10.0,Piliyandala
2800,3,3,Colombo,16,2,36000000.0,Colombo,6.0,Battaramulla
3500,5,3,Colombo,7,2,38000000.0,Colombo,6.1,Nugegoda
3014,4,4,Colombo,18,2,25500000.0,Colombo,7.5,Piliyandala
2875,4,4,Colombo,12,2,28000000.0,Colombo,10.0,Piliyandala
5000,5,5,Colombo,41,2,100000000.0,Colombo,20.0,Talawatugoda
5000,5,5,Colombo,6,2,100000000.0,Colombo,20.0,Battaramulla
4500,6,6,Colombo,2,3,170000000.0,Colombo,8.5,Colombo 5
4200,4,4,Colombo,42,2,49500000.0,Colombo,10.0,Talawatugoda
3500,5,4,Colombo,2,2,45000000.0,Colombo,10.5,Nugegoda
5000,5,5,Colombo,11,2,140000000.0,Colombo,16.0,Nugegoda
4000,4,4,Colombo,4,2,100000000.0,Colombo,10.0,Kotte
4000,5,3,Colombo,12,2,54000000.0,Colombo,11.7,Kotte
4445,6,6,Colombo,24,3,60000000.0,Colombo,17.0,Dehiwala
1920,3,2,Colombo,7,2,12000000.0,Colombo,21.0,Piliyandala
2500,4,3,Colombo,31,2,26000000.0,Colombo,8.5,Piliyandala
2500,5,4,Colombo,41,2,28500000.0,Colombo,7.7,Piliyandala
3500,5,4,Colombo,49,2,35000000.0,Colombo,8.0,Battaramulla
3400,5,4,Colombo,20,2,21000000.0,Colombo,10.0,Piliyandala
1200,3,3,Colombo,43,2,14000000.0,Colombo,6.0,Athurugiriya
2800,5,4,Colombo,1,2,36000000.0,Colombo,8.5,Kesbewa
2200,4,2,Colombo,9,2,24000000.0,Colombo,6.5,Nugegoda
2300,4,4,Colombo,19,2,25500000.0,Colombo,6.2,Piliyandala
2700,4,4,Colombo,42,2,44000000.0,Colombo,6.7,Dehiwala
2200,3,3,Colombo,43,2,28000000.0,Colombo,5.0,Battaramulla
2800,4,3,Colombo,7,2,32000000.0,Colombo,8.0,Moratuwa
5000,6,6,Kurunegala,39,3,67500000.0,Kurunegala,10.0,Alawwa
5500,6,6,Colombo,5,3,170000000.0,Colombo,27.5,Piliyandala
1600,3,3,Colombo,6,2,18000000.0,Colombo,8.0,Kottawa
4100,4,3,Kalutara,22,2,32000000.0,Kalutara,10.0,Horana
3462,4,4,Colombo,41,2,30500000.0,Colombo,8.0,Piliyandala
2500,4,4,Colombo,42,2,34000000.0,Colombo,8.5,Piliyandala
2641,5,4,Colombo,2,2,28500000.0,Colombo,8.5,Piliyandala
2668,5,4,Colombo,1,2,28500000.0,Colombo,8.5,Talawatugoda
5169,6,5,Colombo,49,3,17000000.0,Colombo,27.5,Talawatugoda
3500,5,4,Colombo,15,2,42000000.0,Colombo,10.5,Talawatugoda
4800,6,4,Colombo,29,3,39000000.0,Colombo,12.0,Talawatugoda
3210,4,4,Colombo,44,2,34000000.0,Colombo,9.0,Piliyandala
2986,4,4,Colombo,21,2,28500000.0,Colombo,7.5,Piliyandala
5000,5,4,Colombo,1,2,201150000.0,Colombo,15.0,Colombo 5
3452,4,4,Colombo,4,2,30500000.0,Colombo,8.5,Piliyandala
3014,4,5,Colombo,21,2,25500000.0,Colombo,7.5,Piliyandala
3012,5,4,Colombo,1,2,33500000.0,Colombo,16.0,Piliyandala
2985,4,4,Colombo,41,2,26000000.0,Colombo,7.5,Piliyandala
2651,5,4,Colombo,6,2,28500000.0,Colombo,8.5,Talawatugoda
2895,4,4,Colombo,2,2,25500000.0,Colombo,7.5,Piliyandala
3800,4,3,Colombo,10,2,40000000.0,Colombo,11.0,Talawatugoda
2000,4,5,Colombo,5,2,36500000.0,Colombo,5.2,Dehiwala
5000,6,5,Colombo,3,3,30000000.0,Colombo,14.3,Nugegoda
4200,4,4,Colombo,5,2,49500000.0,Colombo,10.0,Pannipitiya
3485,4,3,Colombo,10,2,12000000.0,Colombo,12.8,Colombo 5
1800,2,1,Colombo,33,1,5500000.0,Colombo,15.0,Meegoda
3200,4,2,Kalutara,14,2,18000000.0,Kalutara,13.5,Panadura
4000,5,4,Colombo,8,2,65000000.0,Colombo,10.0,Malabe
2632,5,4,Colombo,12,2,28500000.0,Colombo,8.5,Piliyandala
2556,4,4,Colombo,2,2,25500000.0,Colombo,6.5,Piliyandala
2000,3,2,Colombo,7,2,22400000.0,Colombo,16.0,Battaramulla
1650,3,1,Gampaha,10,2,9800000.0,Gampaha,12.0,Ragama
3200,4,4,Colombo,49,2,53000000.0,Colombo,16.0,Talawatugoda
1400,3,2,Gampaha,9,2,9900000.0,Gampaha,10.0,Negombo
3300,3,2,Colombo,18,2,40000000.0,Colombo,7.0,Talawatugoda
3000,5,4,Colombo,2,2,40000000.0,Colombo,10.0,Piliyandala
3150,4,3,Gampaha,19,2,26500000.0,Gampaha,10.5,Negombo
4500,4,5,Gampaha,27,2,47000000.0,Gampaha,14.7,Negombo
1350,2,1,Gampaha,4,1,15000000.0,Gampaha,10.5,Negombo
3800,7,6,Colombo,10,4,79000000.0,Colombo,16.0,Battaramulla
3150,4,3,Gampaha,38,2,26500000.0,Gampaha,10.5,Negombo
2675,4,4,Colombo,7,2,49500000.0,Colombo,10.15,Malabe
2100,5,2,Gampaha,1,2,11000000.0,Gampaha,10.0,Negombo
3000,4,3,Colombo,30,2,33000000.0,Colombo,8.0,Kottawa
2850,4,4,Colombo,16,2,28500000.0,Colombo,7.5,Piliyandala
1550,3,2,Gampaha,8,2,17000000.0,Gampaha,11.0,Negombo
3150,4,3,Gampaha,5,2,26500000.0,Gampaha,10.5,Negombo
2100,4,2,Gampaha,3,2,13000000.0,Gampaha,11.0,Negombo
2640,4,4,Colombo,5,2,25500000.0,Colombo,7.5,Piliyandala
3000,4,3,Colombo,3,2,33000000.0,Colombo,8.0,Kottawa
2000,3,2,Gampaha,31,2,19500000.0,Gampaha,12.5,Negombo
1390,3,1,Gampaha,4,2,9900000.0,Gampaha,10.0,Negombo
1610,3,2,Gampaha,3,2,20500000.0,Gampaha,10.0,Negombo
3150,4,3,Gampaha,27,2,26500000.0,Gampaha,10.5,Negombo
2550,4,3,Colombo,50,2,25500000.0,Colombo,6.5,Piliyandala
3200,4,3,Colombo,50,2,60000000.0,Colombo,11.0,Battaramulla
1870,3,2,Colombo,3,2,29100000.0,Colombo,13.0,Nugegoda
1500,4,1,Galle,50,2,10500000.0,Galle,9.75,Galle City
1000,4,3,Puttalam,2,2,17500000.0,Puttalam,15.0,Wennappuwa
1500,3,1,Gampaha,33,2,10000000.0,Gampaha,10.0,Seeduwa
2300,5,3,Colombo,20,2,70000000.0,Colombo,19.25,Talawatugoda
4000,5,3,Colombo,46,2,54000000.0,Colombo,11.7,Kotte
4000,5,4,Colombo,5,2,74000000.0,Colombo,23.5,Battaramulla
3500,4,4,Colombo,3,2,48000000.0,Colombo,11.6,Maharagama
4200,4,4,Colombo,17,2,55000000.0,Colombo,10.0,Talawatugoda
3000,5,3,Colombo,5,2,40000000.0,Colombo,14.0,Kohuwala
1200,3,2,Colombo,8,2,16000000.0,Colombo,9.0,Kaduwela
3000,5,5,Anuradhapura,50,2,40000000.0,Anuradhapura,22.0,Anuradhapura City
4200,4,3,Colombo,18,2,100000000.0,Colombo,22.5,Kotte
3500,4,3,Colombo,20,2,52000000.0,Colombo,10.5,Battaramulla
3600,2,2,Batticaloa,47,1,7800000.0,Batticaloa,18.26,Batticaloa City
1700,3,2,Gampaha,12,2,15000000.0,Gampaha,17.7,Minuwangoda
1900,3,3,Colombo,9,2,18500000.0,Colombo,9.0,Athurugiriya
1250,1,1,Gampaha,3,1,5500000.0,Gampaha,4.0,Kadawatha
2500,2,1,Batticaloa,6,1,6000000.0,Batticaloa,15.78,Batticaloa City
1850,3,2,Colombo,49,2,16000000.0,Colombo,7.5,Athurugiriya
1500,2,1,Colombo,50,1,17000000.0,Colombo,6.0,Dehiwala
1200,3,2,Colombo,16,2,14500000.0,Colombo,6.0,Athurugiriya
3200,4,3,Colombo,28,2,440000004.0,Colombo,10.6,Maharagama
2600,4,4,Colombo,13,2,29000000.0,Colombo,10.0,Athurugiriya
3026,4,4,Colombo,10,2,33000000.0,Colombo,8.0,Piliyandala
1900,3,2,Colombo,4,2,29100000.0,Colombo,13.0,Nugegoda
1200,2,1,Colombo,25,1,20000000.0,Colombo,5.0,Dehiwala
2986,4,4,Colombo,21,2,21500000.0,Colombo,9.5,Piliyandala
3240,5,4,Colombo,12,2,32500000.0,Colombo,8.0,Kesbewa
2853,4,4,Colombo,1,2,25500000.0,Colombo,8.0,Piliyandala
3023,4,4,Colombo,43,2,26000000.0,Colombo,7.5,Piliyandala
3200,4,4,Colombo,42,2,53000000.0,Colombo,16.0,Kotte
2658,5,4,Colombo,12,2,28500000.0,Colombo,8.5,Piliyandala
1640,3,3,Colombo,3,2,16000000.0,Colombo,9.1,Piliyandala
2253,4,4,Colombo,47,2,21500000.0,Colombo,9.0,Kesbewa
1600,2,1,Kalutara,43,1,6500000.0,Kalutara,13.7,Bandaragama
3300,3,2,Colombo,2,2,40000000.0,Colombo,7.0,Talawatugoda
2800,4,4,Colombo,35,2,28000000.0,Colombo,10.0,Malabe
1500,3,2,Colombo,18,2,16500000.0,Colombo,7.5,Athurugiriya
950,3,2,Colombo,13,2,18500000.0,Colombo,3.0,Athurugiriya
2510,4,4,Colombo,18,2,25500000.0,Colombo,6.5,Malabe
2800,4,4,Colombo,7,2,28000000.0,Colombo,10.0,Athurugiriya
2600,4,4,Colombo,4,2,29000000.0,Colombo,10.0,Malabe
2100,4,2,Gampaha,21,2,13000000.0,Gampaha,11.0,Negombo
3150,4,3,Gampaha,6,2,26500000.0,Gampaha,10.5,Negombo
1250,3,2,Colombo,41,2,16500000.0,Colombo,7.5,Malabe
3500,4,3,Galle,33,2,37500000.0,Galle,12.8,Galle City
1500,3,1,Kalutara,12,2,12500000.0,Kalutara,18.5,Panadura
2000,3,2,Galle,1,2,19000000.0,Galle,20.0,Galle City
1500,3,3,Colombo,8,2,18500000.0,Colombo,7.5,Malabe
2000,4,4,Colombo,2,2,23500000.0,Colombo,6.0,Malabe
1550,3,2,Gampaha,15,2,17000000.0,Gampaha,11.0,Negombo
1100,2,2,Colombo,17,1,8500000.0,Colombo,7.5,Piliyandala
550,2,1,Kandy,10,1,3300000.0,Kandy,15.0,Kandy City
2600,5,2,Gampaha,15,2,14500000.0,Gampaha,39.0,Ganemulla
2550,4,3,Colombo,5,2,23500000.0,Colombo,7.5,Kottawa
3800,7,4,Colombo,48,4,27000000.0,Colombo,10.0,Malabe
2500,4,3,Colombo,20,2,23500000.0,Colombo,6.0,Malabe
2200,4,4,Colombo,4,2,23000000.0,Colombo,7.0,Malabe
3150,4,3,Gampaha,3,2,26500000.0,Gampaha,10.5,Negombo
3000,6,1,Colombo,39,3,19000000.0,Colombo,20.0,Piliyandala
2900,4,4,Colombo,28,2,36000000.0,Colombo,8.5,Piliyandala
2200,4,3,Colombo,17,2,21500000.0,Colombo,9.0,Piliyandala
3250,4,4,Colombo,19,2,27000000.0,Colombo,10.0,Piliyandala
2950,4,3,Colombo,8,2,28500000.0,Colombo,10.0,Athurugiriya
720,4,3,Colombo,9,2,5400000.0,Colombo,2.0,Colombo 15
3000,4,3,Colombo,40,2,110000000.0,Colombo,50.2,Talawatugoda
2300,4,3,Colombo,16,2,33500000.0,Colombo,36.5,Kottawa
3000,5,4,Colombo,25,2,56000000.0,Colombo,10.2,Rajagiriya
3050,5,4,Colombo,46,2,47000000.0,Colombo,11.7,Battaramulla
4000,5,3,Colombo,27,2,65000000.0,Colombo,10.0,Battaramulla
2000,4,2,Colombo,42,2,28000000.0,Colombo,10.5,Battaramulla
1390,3,1,Gampaha,28,2,9900000.0,Gampaha,10.0,Negombo
1050,3,1,Colombo,3,2,9200000.0,Colombo,6.0,Meegoda
1070,3,2,Colombo,1,2,14200000.0,Colombo,7.6,Malabe
3850,4,4,Colombo,48,2,33500000.0,Colombo,10.0,Piliyandala
2600,4,4,Colombo,19,2,34000000.0,Colombo,9.0,Maharagama
7200,6,4,Colombo,48,3,69000000.0,Colombo,20.0,Maharagama
1590,3,2,Gampaha,49,2,16500000.0,Gampaha,12.5,Negombo
2500,7,4,Polonnaruwa,21,4,40000000.0,Polonnaruwa,38.0,Polonnaruwa City
3000,5,4,Colombo,7,2,40000000.0,Colombo,16.0,Boralesgamuwa
4000,5,3,Gampaha,5,2,29500000.0,Gampaha,10.0,Kelaniya
2000,2,2,Kurunegala,43,1,16900000.0,Kurunegala,20.0,Kurunegala City
2800,4,3,Colombo,11,2,33500000.0,Colombo,36.5,Talawatugoda
1800,5,3,Colombo,9,2,26500000.0,Colombo,9.15,Pannipitiya
2500,4,3,Kalutara,8,2,55000000.0,Kalutara,154.0,Panadura
1200,3,2,Colombo,40,2,28500000.0,Colombo,7.3,Ratmalana
1200,5,2,Colombo,24,2,14500000.0,Colombo,36.5,Kesbewa
1000,4,2,Colombo,45,2,13500000.0,Colombo,3.0,Ratmalana
1600,3,2,Colombo,4,2,12500000.0,Colombo,8.8,Piliyandala
4150,4,2,Colombo,9,2,40000000.0,Colombo,10.3,Maharagama
3200,4,3,Colombo,23,2,30500000.0,Colombo,7.5,Piliyandala
2005,4,4,Colombo,41,2,20500000.0,Colombo,6.0,Athurugiriya
2400,4,4,Colombo,29,2,26000000.0,Colombo,10.5,Malabe
2530,6,3,Galle,18,3,18000000.0,Galle,20.0,Galle City
1100,3,2,Colombo,11,2,14200000.0,Colombo,7.86,Malabe
2850,4,3,Colombo,43,2,47000000.0,Colombo,10.12,Malabe
2400,4,3,Colombo,12,2,24800000.0,Colombo,6.0,Piliyandala
2600,4,4,Colombo,48,2,29000000.0,Colombo,10.0,Malabe
2800,4,4,Colombo,16,2,28000000.0,Colombo,10.0,Malabe
1200,2,2,Colombo,37,1,9500000.0,Colombo,6.0,Kottawa
2200,4,3,Colombo,25,2,26500000.0,Colombo,6.5,Malabe
2550,4,3,Colombo,1,2,25500000.0,Colombo,7.5,Piliyandala
2200,4,4,Colombo,39,2,23500000.0,Colombo,7.0,Malabe
2800,5,7,Colombo,42,2,64000000.0,Colombo,17.5,Talawatugoda
3400,6,4,Kurunegala,14,3,33000000.0,Kurunegala,19.8,Kurunegala City
2800,5,4,Kurunegala,3,2,31000000.0,Kurunegala,20.5,Kurunegala City
2485,4,3,Kurunegala,20,2,29500000.0,Kurunegala,16.2,Kurunegala City
4000,5,5,Kurunegala,12,2,30500000.0,Kurunegala,30.0,Kurunegala City
3675,4,3,Gampaha,14,2,25500000.0,Gampaha,5.0,Wattala
3500,6,2,Kurunegala,12,3,20000000.0,Kurunegala,35.0,Kurunegala City
1580,3,2,Colombo,10,2,13800000.0,Colombo,15.0,Homagama
2811,4,4,Colombo,32,2,26000000.0,Colombo,8.5,Boralesgamuwa
900,2,1,Colombo,13,1,5800000.0,Colombo,6.0,Kesbewa
2216,3,3,Colombo,20,2,21000000.0,Colombo,7.0,Kesbewa
3200,3,4,Colombo,10,2,36000000.0,Colombo,10.0,Athurugiriya
2200,3,2,Colombo,31,2,26500000.0,Colombo,7.0,Angoda
2850,4,2,Colombo,3,2,37500000.0,Colombo,9.5,Rajagiriya
3200,5,3,Colombo,43,2,48000000.0,Colombo,6.0,Rajagiriya
4600,5,5,Colombo,22,2,170000000.0,Colombo,8.5,Colombo 5
1400,3,2,Colombo,1,2,7200000.0,Colombo,5.0,Kaduwela
2100,5,2,Gampaha,18,2,11000000.0,Gampaha,10.0,Negombo
3300,6,4,Colombo,1,3,44000000.0,Colombo,10.0,Maharagama
1650,3,2,Gampaha,16,2,16500000.0,Gampaha,12.5,Negombo
1100,4,2,Galle,40,2,7999500.0,Galle,10.0,Galle City
1500,5,1,Colombo,34,2,8500000.0,Colombo,17.0,Kottawa
2600,6,3,Matara,13,3,25000000.0,Matara,12.0,Matara City
2390,4,3,Gampaha,39,2,39500000.0,Gampaha,11.0,Kadawatha
2500,5,5,Colombo,5,2,17500000.0,Colombo,10.0,Kottawa
6355,7,2,Gampaha,22,4,80000000.0,Gampaha,24.0,Kelaniya
2400,4,3,Colombo,1,2,26000000.0,Colombo,10.0,Malabe
1800,4,4,Colombo,46,2,17500000.0,Colombo,7.5,Kottawa
3600,6,5,Colombo,12,3,33500000.0,Colombo,16.0,Kottawa
2600,4,4,Colombo,48,2,28500000.0,Colombo,8.5,Piliyandala
3500,5,5,Colombo,45,2,40000000.0,Colombo,11.0,Talawatugoda
3000,4,4,Colombo,24,2,60000000.0,Colombo,15.0,Talawatugoda
1560,3,3,Colombo,31,2,18500000.0,Colombo,8.0,Piliyandala
2635,4,3,Colombo,27,2,25500000.0,Colombo,6.5,Piliyandala
1800,3,1,Colombo,23,2,14500000.0,Colombo,16.5,Hanwella
1600,3,2,Colombo,5,2,14800000.0,Colombo,8.0,Athurugiriya
3500,5,6,Colombo,26,2,50000000.0,Colombo,15.0,Maharagama
1500,2,1,Gampaha,16,1,9500000.0,Gampaha,11.5,Ja-Ela
2700,4,4,Colombo,39,2,40000000.0,Colombo,7.0,Maharagama
5000,8,5,Colombo,15,4,42500000.0,Colombo,13.2,Nugegoda
3400,6,4,Colombo,8,3,36000000.0,Colombo,15.0,Piliyandala
2600,4,4,Colombo,47,2,25000000.0,Colombo,8.0,Piliyandala
2850,5,2,Matale,35,2,27500000.0,Matale,20.0,Matale City
4000,6,5,Colombo,13,3,29800000.0,Colombo,12.0,Talawatugoda
2400,4,3,Colombo,16,2,32000000.0,Colombo,10.5,Talawatugoda
2632,4,4,Colombo,23,2,34000000.0,Colombo,8.5,Piliyandala
1900,3,2,Colombo,22,2,19000000.0,Colombo,11.4,Malabe
2500,4,3,Colombo,1,2,23500000.0,Colombo,6.0,Malabe
1400,3,2,Colombo,24,2,18500000.0,Colombo,7.9,Malabe
2200,4,3,Colombo,2,2,22500000.0,Colombo,6.3,Malabe
2800,4,3,Colombo,16,2,27500000.0,Colombo,11.4,Malabe
2300,3,3,Colombo,48,2,25000000.0,Colombo,7.67,Malabe
2800,5,3,Colombo,23,2,32500000.0,Colombo,17.0,Malabe
1070,3,2,Colombo,29,2,14200000.0,Colombo,7.6,Malabe
2400,4,3,Colombo,7,2,26000000.0,Colombo,8.9,Malabe
1900,3,2,Colombo,8,2,19000000.0,Colombo,11.4,Athurugiriya
1950,4,3,Colombo,37,2,22500000.0,Colombo,6.4,Malabe
5000,5,6,Gampaha,14,2,57500000.0,Gampaha,13.0,Kandana
4300,5,5,Colombo,49,2,55000000.0,Colombo,12.0,Malabe
2500,6,2,Colombo,20,3,28000000.0,Colombo,10.0,Malabe
1350,3,2,Colombo,38,2,14500000.0,Colombo,10.0,Malabe
1500,3,2,Colombo,19,2,16500000.0,Colombo,7.5,Athurugiriya
1200,3,3,Colombo,3,2,14500000.0,Colombo,6.0,Athurugiriya
2100,3,3,Colombo,10,2,25500000.0,Colombo,10.0,Malabe
2000,3,3,Colombo,46,2,20500000.0,Colombo,6.5,Athurugiriya
2067,5,4,Colombo,49,2,22000000.0,Colombo,6.0,Athurugiriya
3500,5,4,Colombo,43,2,46000000.0,Colombo,10.5,Talawatugoda
2500,5,1,Colombo,7,2,17000000.0,Colombo,11.0,Kolonnawa
2160,3,2,Gampaha,46,2,18500000.0,Gampaha,8.5,Ragama
1653,3,2,Colombo,39,2,8000000.0,Colombo,2.0,Colombo 8
4200,4,4,Colombo,12,2,49500000.0,Colombo,10.0,Talawatugoda
3150,4,3,Gampaha,1,2,26500000.0,Gampaha,10.5,Negombo
3300,4,4,Colombo,2,2,44000000.0,Colombo,7.7,Talawatugoda
1500,3,3,Colombo,5,2,18500000.0,Colombo,7.5,Malabe
3000,4,3,Colombo,40,2,110000000.0,Colombo,50.0,Talawatugoda
3800,5,4,Colombo,20,2,45000000.0,Colombo,11.0,Talawatugoda
1542,3,3,Colombo,2,2,14000000.0,Colombo,8.0,Piliyandala
4000,4,4,Colombo,49,2,60000000.0,Colombo,15.0,Talawatugoda
4000,5,4,Colombo,29,2,65000000.0,Colombo,12.5,Malabe
2005,4,4,Colombo,26,2,20500000.0,Colombo,6.0,Malabe
2200,4,3,Colombo,42,2,22500000.0,Colombo,6.3,Malabe
2450,4,3,Gampaha,7,2,27500000.0,Gampaha,6.0,Ragama
3500,5,4,Colombo,48,2,46000000.0,Colombo,10.5,Nugegoda
2874,4,4,Colombo,17,2,25500000.0,Colombo,6.0,Piliyandala
5000,8,5,Colombo,39,4,42500000.0,Colombo,13.2,Nugegoda
4000,6,6,Colombo,48,3,65000000.0,Colombo,12.0,Nugegoda
2865,4,4,Colombo,38,2,24800000.0,Colombo,6.0,Piliyandala
3200,3,3,Colombo,8,2,52000000.0,Colombo,16.0,Talawatugoda
5000,5,4,Colombo,6,2,68000000.0,Colombo,11.0,Nugegoda
3800,4,4,Colombo,42,2,47500000.0,Colombo,7.0,Nugegoda
2600,4,2,Colombo,10,2,14000000.0,Colombo,12.66,Piliyandala
7100,6,5,Colombo,20,3,155000000.0,Colombo,27.0,Nugegoda
1755,3,3,Colombo,8,2,18500000.0,Colombo,10.0,Piliyandala
1540,3,2,Colombo,10,2,14000000.0,Colombo,8.0,Piliyandala
2541,3,3,Colombo,17,2,21500000.0,Colombo,9.5,Piliyandala
3400,4,4,Colombo,14,2,34000000.0,Colombo,8.5,Piliyandala
3145,4,4,Colombo,42,2,28000000.0,Colombo,10.0,Piliyandala
3000,5,3,Colombo,16,2,65000000.0,Colombo,10.0,Battaramulla
3214,4,4,Colombo,33,2,26000000.0,Colombo,8.0,Piliyandala
2415,3,3,Colombo,22,2,22000000.0,Colombo,8.0,Piliyandala
3800,4,4,Colombo,12,2,45000000.0,Colombo,7.0,Battaramulla
2300,4,3,Colombo,44,2,19000000.0,Colombo,7.5,Kottawa
3412,5,4,Colombo,10,2,33500000.0,Colombo,16.0,Piliyandala
3200,4,1,Nuwara Eliya,42,2,21000000.0,Nuwara Eliya,10.0,Nuwara Eliya City
2000,3,2,Colombo,49,2,16000000.0,Colombo,6.0,Pannipitiya
3100,4,4,Colombo,4,2,28500000.0,Colombo,7.5,Piliyandala
2780,4,2,Gampaha,12,2,16000000.0,Gampaha,26.0,Ganemulla
1640,3,2,Kalutara,40,2,13500000.0,Kalutara,10.4,Bandaragama
2895,4,4,Colombo,13,2,25500000.0,Colombo,7.5,Piliyandala
2000,3,1,Gampaha,4,2,16000000.0,Gampaha,3000.0,Kadawatha
2400,4,3,Colombo,16,2,26500000.0,Colombo,7.0,Kottawa
1350,3,2,Colombo,43,2,26000000.0,Colombo,6.0,Dehiwala
2922,4,5,Colombo,13,2,25500000.0,Colombo,7.5,Piliyandala
3600,6,4,Colombo,7,3,33500000.0,Colombo,16.2,Kottawa
1620,3,2,Colombo,24,2,13500000.0,Colombo,10.3,Piliyandala
1600,4,2,Colombo,46,2,14500000.0,Colombo,6.0,Piliyandala
1400,3,1,Colombo,1,2,13500000.0,Colombo,14.0,Piliyandala
2000,4,3,Colombo,9,2,17500000.0,Colombo,6.5,Piliyandala
2200,4,3,Colombo,45,2,26000000.0,Colombo,7.0,Piliyandala
3250,5,3,Colombo,7,2,23500000.0,Colombo,7.0,Piliyandala
2600,4,3,Colombo,4,2,25500000.0,Colombo,6.2,Piliyandala
2500,4,3,Colombo,3,2,26000000.0,Colombo,8.5,Piliyandala
3500,4,3,Gampaha,34,2,29500000.0,Gampaha,20.0,Negombo
2500,5,4,Colombo,43,2,28500000.0,Colombo,7.7,Piliyandala
1600,3,2,Kalutara,34,2,13500000.0,Kalutara,10.0,Horana
1200,3,3,Colombo,29,2,14000000.0,Colombo,12.0,Piliyandala
2400,4,3,Colombo,24,2,24800000.0,Colombo,6.0,Piliyandala
2550,4,3,Colombo,8,2,25500000.0,Colombo,7.5,Piliyandala
9000,5,5,Colombo,45,2,120000000.0,Colombo,16.0,Talawatugoda
1500,3,2,Colombo,10,2,33000000.0,Colombo,6.0,Nugegoda
1950,3,1,Gampaha,8,2,17500000.0,Gampaha,25.0,Seeduwa
3000,4,3,Colombo,48,2,33000000.0,Colombo,8.0,Kottawa
4400,5,5,Gampaha,9,2,69000000.0,Gampaha,24.0,Wattala
4000,5,3,Gampaha,6,2,60000000.0,Gampaha,10.0,Wattala
1530,3,2,Colombo,1,2,14000000.0,Colombo,10.0,Piliyandala
1800,4,2,Gampaha,42,2,35000000.0,Gampaha,25.8,Kadawatha
2553,4,4,Colombo,26,2,35000000.0,Colombo,8.5,Piliyandala
2450,5,3,Gampaha,43,2,45000000.0,Gampaha,20.0,Kadawatha
5800,7,3,Gampaha,26,4,70000000.0,Gampaha,14.4,Wattala
2500,6,2,Colombo,38,3,28000000.0,Colombo,10.0,Pannipitiya
5128,6,5,Colombo,40,3,170000000.0,Colombo,27.5,Boralesgamuwa
650,2,1,Galle,3,1,3800000.0,Galle,10.0,Batapola
2100,4,3,Gampaha,8,2,23000000.0,Gampaha,13.5,Wattala
4500,4,3,Gampaha,24,2,36000000.0,Gampaha,11.6,Kandana
1800,4,2,Colombo,3,2,14000000.0,Colombo,12.0,Homagama
1030,3,1,Colombo,42,2,9200000.0,Colombo,6.0,Homagama
1500,5,2,Colombo,44,2,38500000.0,Colombo,7.5,Nawala
1556,3,2,Colombo,17,2,19500000.0,Colombo,6.0,Maharagama
3600,5,4,Colombo,8,2,52000000.0,Colombo,13.0,Nugegoda
4500,7,6,Colombo,10,4,55000000.0,Colombo,11.3,Nugegoda
3500,4,3,Colombo,6,2,45000000.0,Colombo,8.0,Nugegoda
1800,3,2,Colombo,11,2,19500000.0,Colombo,17.0,Ratmalana
2500,3,1,Gampaha,12,2,8000000.0,Gampaha,14.75,Ganemulla
2400,6,3,Kandy,5,3,42500000.0,Kandy,10.0,Kandy City
4000,4,4,Colombo,21,2,55000000.0,Colombo,10.0,Talawatugoda
2500,5,3,Galle,6,2,8000000.0,Galle,10.0,Galle City
1700,4,1,Kurunegala,29,2,14800000.0,Kurunegala,15.0,Kurunegala City
1900,3,2,Colombo,25,2,15700000.0,Colombo,6.3,Athurugiriya
2500,6,4,Colombo,38,3,18000000.0,Colombo,10.0,Wellampitiya
1000,3,2,Colombo,31,2,6500000.0,Colombo,4.0,Wellampitiya
1000,2,1,Colombo,43,1,4500000.0,Colombo,4.0,Wellampitiya
5000,5,5,Colombo,47,2,100000000.0,Colombo,20.0,Battaramulla
2200,6,2,Gampaha,12,3,13800000.0,Gampaha,10.0,Ragama
2400,4,1,Kandy,3,2,12500000.0,Kandy,11.0,Kandy City
1500,5,3,Colombo,2,2,9000000.0,Colombo,3.0,Wellampitiya
1560,2,1,Colombo,19,1,16500000.0,Colombo,6.0,Dehiwala
2800,4,3,Colombo,8,2,45000000.0,Colombo,10.0,Nugegoda
1390,3,1,Gampaha,24,2,9900000.0,Gampaha,10.0,Negombo
2150,3,3,Gampaha,6,2,18500000.0,Gampaha,15.0,Negombo
3500,4,3,Gampaha,12,2,26500000.0,Gampaha,10.0,Negombo
1250,3,3,Kurunegala,1,2,9800000.0,Kurunegala,13.0,Kurunegala City
1600,3,1,Kandy,17,2,16500000.0,Kandy,21.0,Kandy City
1200,3,2,Gampaha,9,2,12500000.0,Gampaha,7.1,Kadawatha
1450,3,1,Gampaha,44,2,9000000.0,Gampaha,10.0,Ragama
1600,3,2,Gampaha,10,2,20500000.0,Gampaha,10.0,Negombo
1800,3,3,Gampaha,1,2,11000000.0,Gampaha,13.0,Negombo
2750,4,2,Gampaha,1,2,13000000.0,Gampaha,11.0,Negombo
1200,3,2,Gampaha,17,2,12000000.0,Gampaha,6.7,Kadawatha
1400,3,2,Gampaha,23,2,9900000.0,Gampaha,10.0,Negombo
4000,5,4,Colombo,6,2,65000000.0,Colombo,10.0,Talawatugoda
4000,7,6,Colombo,25,4,79000000.0,Colombo,16.0,Talawatugoda
3500,4,4,Colombo,9,2,44000000.0,Colombo,7.7,Talawatugoda
4200,4,4,Colombo,12,2,36000000.0,Colombo,10.0,Maharagama
3800,5,4,Colombo,1,2,115000000.0,Colombo,22.0,Malabe
1000,3,1,Colombo,24,2,15500000.0,Colombo,8.5,Maharagama
1000,2,1,Colombo,21,1,12400000.0,Colombo,8.0,Piliyandala
2200,3,2,Gampaha,12,2,16500000.0,Gampaha,10.0,Ragama
1200,3,2,Colombo,2,2,11500000.0,Colombo,9.9,Homagama
2000,4,3,Galle,21,2,15000000.0,Galle,4.6,Hikkaduwa
3800,5,4,Colombo,47,2,47500000.0,Colombo,14.8,Talawatugoda
1500,3,2,Colombo,41,2,13000000.0,Colombo,9.0,Homagama
1500,3,2,Colombo,7,2,13000000.0,Colombo,9.0,Kottawa
2598,4,4,Colombo,21,2,24800000.0,Colombo,6.6,Piliyandala
2200,4,3,Colombo,47,2,9700000.0,Colombo,10.0,Athurugiriya
6500,5,4,Colombo,33,2,44000000.0,Colombo,12.5,Talawatugoda
1566,3,3,Colombo,22,2,16000000.0,Colombo,9.5,Piliyandala
4800,4,4,Colombo,2,2,80000000.0,Colombo,23.5,Talawatugoda
2200,4,1,Kalutara,9,2,13500000.0,Kalutara,20.0,Panadura
2463,4,4,Colombo,9,2,25500000.0,Colombo,7.5,Piliyandala
2550,4,4,Colombo,43,2,25500000.0,Colombo,6.5,Piliyandala
4600,4,4,Gampaha,18,2,55000000.0,Gampaha,20.0,Seeduwa
2509,4,4,Colombo,18,2,28500000.0,Colombo,8.5,Piliyandala
1450,3,2,Gampaha,7,2,8800000.0,Gampaha,17.0,Kadawatha
4000,5,4,Colombo,45,2,87500000.0,Colombo,20.0,Talawatugoda
2500,5,3,Colombo,45,2,42000000.0,Colombo,5.85,Colombo 6
4700,5,5,Colombo,4,2,150000000.0,Colombo,113.0,Battaramulla
2551,5,3,Gampaha,37,2,30000000.0,Gampaha,15.0,Kandana
2550,4,4,Colombo,33,2,25500000.0,Colombo,6.5,Piliyandala
6500,5,4,Colombo,29,2,44000000.0,Colombo,12.5,Talawatugoda
900,3,2,Colombo,17,2,10300000.0,Colombo,7.3,Athurugiriya
1540,3,2,Colombo,6,2,12500000.0,Colombo,10.0,Homagama
1000,3,3,Gampaha,18,2,9500000.0,Gampaha,10.0,Delgoda
4000,5,3,Colombo,30,2,66000000.0,Colombo,29.0,Battaramulla
3000,4,4,Colombo,6,2,29500000.0,Colombo,6.0,Homagama
2835,4,3,Galle,1,2,70000000.0,Galle,20.0,Galle City
1000,2,1,Colombo,3,1,12000000.0,Colombo,4.3,Kotte
2000,3,2,Colombo,17,2,49115000.0,Colombo,20.9,Talawatugoda
4800,6,6,Colombo,28,3,45000000.0,Colombo,10.1,Nugegoda
600,2,1,Colombo,8,1,13000000.0,Colombo,2.66,Colombo 5
4500,6,6,Colombo,4,3,40000000.0,Colombo,10.0,Nugegoda
2500,6,2,Gampaha,2,3,11000000.0,Gampaha,8.0,Kadawatha
2600,4,2,Kegalle,16,2,15000000.0,Kegalle,10.0,Mawanella
1789,3,3,Colombo,13,2,43000000.0,Colombo,15.0,Kotte
2100,4,3,Colombo,6,2,11500000.0,Colombo,2.5,Rajagiriya
3850,4,4,Colombo,3,2,33500000.0,Colombo,10.0,Piliyandala
4000,4,2,Galle,41,2,32500000.0,Galle,68.0,Galle City
1200,3,1,Gampaha,21,2,4400000.0,Gampaha,8.0,Gampaha City
1200,3,1,Gampaha,18,2,9500000.0,Gampaha,75.0,Negombo
1850,3,2,Colombo,7,2,14000000.0,Colombo,10.0,Piliyandala
4000,4,3,Colombo,11,2,100000000.0,Colombo,22.0,Battaramulla
1500,2,1,Matara,8,1,7500000.0,Matara,16.0,Matara City
1275,3,2,Gampaha,3,2,12500000.0,Gampaha,7.0,Kadawatha
1200,3,2,Gampaha,29,2,12000000.0,Gampaha,6.7,Kadawatha
1500,3,2,Colombo,48,2,33000000.0,Colombo,6.0,Nugegoda
2075,5,4,Colombo,2,2,44500000.0,Colombo,11.5,Battaramulla
3600,4,3,Colombo,40,2,36000000.0,Colombo,7.8,Malabe
2500,5,2,Gampaha,8,2,12500000.0,Gampaha,20.0,Ganemulla
2500,3,2,Colombo,44,2,35000000.0,Colombo,8.1,Kotte
5500,5,6,Colombo,45,2,100000000.0,Colombo,20.0,Talawatugoda
2750,3,4,Gampaha,43,2,32000000.0,Gampaha,7.3,Kelaniya
2400,5,4,Colombo,2,2,32000000.0,Colombo,13.2,Homagama
3500,5,3,Gampaha,13,2,32000000.0,Gampaha,20.0,Wattala
4000,5,4,Kandy,3,2,80000000.0,Kandy,100.0,Peradeniya
5527,3,2,Puttalam,5,2,12000000.0,Puttalam,20.3,Wennappuwa
1400,3,2,Gampaha,48,2,9900000.0,Gampaha,10.0,Negombo
1700,4,2,Colombo,32,2,26000000.0,Colombo,20.0,Piliyandala
2550,4,3,Colombo,23,2,25500000.0,Colombo,7.5,Piliyandala
950,2,2,Colombo,17,1,8500000.0,Colombo,6.5,Kesbewa
3700,4,3,Colombo,40,2,21500000.0,Colombo,10.0,Talawatugoda
3800,4,4,Colombo,41,2,45000000.0,Colombo,7.0,Talawatugoda
2800,5,2,Colombo,39,2,16500000.0,Colombo,10.0,Piliyandala
3300,4,4,Colombo,31,2,44000000.0,Colombo,7.7,Talawatugoda
3200,5,3,Kalutara,14,2,15500000.0,Kalutara,11.0,Wadduwa
1200,3,1,Gampaha,12,2,7500000.0,Gampaha,10.0,Gampaha City
2551,4,4,Colombo,10,2,25500000.0,Colombo,6.5,Piliyandala
6500,6,5,Colombo,18,3,202890000.0,Colombo,34.0,Battaramulla
1500,3,1,Kalutara,33,2,8900000.0,Kalutara,17.0,Kalutara City
2600,4,4,Colombo,41,2,29000000.0,Colombo,10.5,Malabe
900,2,1,Colombo,21,1,8000000.0,Colombo,6.0,Piliyandala
2800,4,4,Colombo,11,2,27500000.0,Colombo,11.5,Malabe
3800,7,4,Colombo,4,4,27000000.0,Colombo,10.0,Malabe
1500,3,3,Colombo,8,2,18500000.0,Colombo,7.5,Malabe
3600,4,3,Colombo,36,2,36000000.0,Colombo,7.8,Malabe
1225,5,2,Kandy,22,2,12500000.0,Kandy,4.5,Gampola
2600,4,4,Colombo,13,2,29000000.0,Colombo,10.0,Athurugiriya
2800,4,4,Colombo,8,2,28000000.0,Colombo,10.0,Athurugiriya
1000,3,1,Matara,36,2,7500000.0,Matara,20.0,Akuressa
2500,7,4,Colombo,10,4,70000000.0,Colombo,15.0,Nugegoda
7000,5,4,Colombo,4,2,72000000.0,Colombo,20.0,Maharagama
2500,4,3,Gampaha,19,2,45000000.0,Gampaha,25.0,Kadawatha
2200,4,3,Colombo,44,2,23000000.0,Colombo,7.0,Athurugiriya
2000,3,1,Colombo,36,2,30000000.0,Colombo,7.5,Dehiwala
3200,2,2,Colombo,42,1,20000000.0,Colombo,12.0,Colombo 8
2000,4,2,Colombo,11,2,15000000.0,Colombo,17.0,Athurugiriya
2005,4,4,Colombo,50,2,20500000.0,Colombo,6.0,Athurugiriya
3200,4,4,Colombo,49,2,36000000.0,Colombo,10.0,Malabe
1100,3,1,Colombo,47,2,7950000.0,Colombo,7.0,Homagama
3200,4,4,Colombo,39,2,46500000.0,Colombo,10.5,Battaramulla
3900,4,4,Colombo,36,2,40000000.0,Colombo,10.0,Talawatugoda
3100,4,4,Colombo,7,2,33500000.0,Colombo,10.0,Talawatugoda
4200,4,4,Colombo,23,2,39500000.0,Colombo,10.0,Battaramulla
3800,4,4,Colombo,46,2,88000000.0,Colombo,12.0,Talawatugoda
1200,2,1,Kalutara,5,1,9200000.0,Kalutara,10.0,Panadura
800,2,1,Galle,10,1,9800000.0,Galle,7.0,Galle City
1550,3,2,Gampaha,10,2,17000000.0,Gampaha,11.0,Negombo
3000,4,4,Colombo,35,2,60000000.0,Colombo,15.0,Talawatugoda
6500,6,5,Colombo,50,3,44000000.0,Colombo,12.5,Talawatugoda
2400,4,2,Colombo,50,2,38000000.0,Colombo,10.0,Kottawa
1830,4,2,Colombo,20,2,17500000.0,Colombo,13.0,Kottawa
1275,3,2,Gampaha,16,2,12500000.0,Gampaha,7.1,Kadawatha
10000,4,4,Colombo,10,2,46500000.0,Colombo,28.0,Piliyandala
1271,3,2,Colombo,47,2,26500000.0,Colombo,7.0,Malabe
3000,4,4,Colombo,44,2,36000000.0,Colombo,10.0,Malabe
1200,3,2,Jaffna,11,2,13600000.0,Jaffna,40.0,Jaffna City
1350,4,2,Galle,44,2,6500000.0,Galle,120.0,Elpitiya
1275,3,2,Gampaha,4,2,12500000.0,Gampaha,7.0,Kadawatha
1500,3,2,Gampaha,16,2,14000000.0,Gampaha,13.0,Ja-Ela
1150,2,1,Hambantota,6,1,4750000.0,Hambantota,18.0,Tissamaharama
4000,4,3,Colombo,40,2,28000000.0,Colombo,15.0,Homagama
3550,2,2,Colombo,12,1,22500000.0,Colombo,12.5,Wellampitiya
1200,3,2,Gampaha,32,2,12000000.0,Gampaha,6.7,Kadawatha
2100,3,2,Kandy,37,2,15000000.0,Kandy,15.0,Gampola
2100,5,2,Gampaha,6,2,11000000.0,Gampaha,10.0,Negombo
2000,4,2,Colombo,36,2,29000000.0,Colombo,7.0,Athurugiriya
1400,2,2,Colombo,28,1,14800000.0,Colombo,7.0,Athurugiriya
1800,3,3,Colombo,10,2,19000000.0,Colombo,10.0,Athurugiriya
1200,3,2,Colombo,9,2,12500000.0,Colombo,8.0,Athurugiriya
3500,4,4,Colombo,50,2,105000000.0,Colombo,21.5,Nugegoda
3000,4,4,Colombo,2,2,28500000.0,Colombo,7.5,Piliyandala
1400,3,2,Colombo,5,2,15500000.0,Colombo,7.5,Athurugiriya
1100,3,1,Colombo,5,2,10000000.0,Colombo,6.0,Athurugiriya
2200,4,3,Colombo,21,2,26000000.0,Colombo,7.0,Piliyandala
3150,4,3,Gampaha,8,2,26500000.0,Gampaha,10.5,Negombo
2100,4,4,Colombo,1,2,20500000.0,Colombo,6.0,Athurugiriya
3300,5,4,Colombo,6,2,31500000.0,Colombo,10.0,Athurugiriya
3000,4,2,Gampaha,39,2,31000000.0,Gampaha,20.0,Ja-Ela
1150,3,2,Colombo,41,2,11000000.0,Colombo,8.0,Athurugiriya
2400,4,4,Colombo,37,2,20000000.0,Colombo,15.0,Athurugiriya
2600,4,3,Colombo,10,2,25500000.0,Colombo,6.2,Piliyandala
3500,4,4,Colombo,34,2,44000000.0,Colombo,7.7,Talawatugoda
3500,4,3,Colombo,15,2,45000000.0,Colombo,8.0,Talawatugoda
3800,6,2,Colombo,10,3,57500000.0,Colombo,10.0,Malabe
4700,6,4,Colombo,2,3,140000000.0,Colombo,7.0,Colombo 5
7500,8,5,Colombo,48,4,89500000.0,Colombo,18.0,Battaramulla
2822,3,3,Colombo,6,2,26500000.0,Colombo,10.0,Piliyandala
960,2,1,Hambantota,32,1,15000000.0,Hambantota,35.0,Hambantota City
1500,3,1,Gampaha,31,2,7100000.0,Gampaha,12.0,Ganemulla
2200,4,4,Colombo,19,2,26500000.0,Colombo,6.5,Malabe
2000,3,2,Gampaha,10,2,19500000.0,Gampaha,12.5,Negombo
2600,4,4,Colombo,26,2,26000000.0,Colombo,8.5,Piliyandala
4000,6,6,Colombo,8,3,65000000.0,Colombo,12.0,Nugegoda
3300,3,2,Colombo,8,2,40000000.0,Colombo,7.0,Talawatugoda
2000,4,4,Colombo,12,2,23500000.0,Colombo,6.0,Malabe
2600,4,4,Colombo,11,2,23000000.0,Colombo,7.0,Malabe
2800,4,3,Colombo,21,2,26500000.0,Colombo,6.5,Malabe
3200,4,4,Colombo,34,2,36000000.0,Colombo,10.0,Malabe
7000,7,5,Colombo,3,4,58000000.0,Colombo,10.0,Dehiwala
1400,3,1,Colombo,16,2,6100000.0,Colombo,10.0,Piliyandala
4000,5,4,Colombo,6,2,65000000.0,Colombo,12.5,Malabe
545,5,1,Nuwara Eliya,7,2,6500000.0,Nuwara Eliya,2.0,Hatton
3000,4,4,Colombo,33,2,33000000.0,Colombo,8.0,Kottawa
4000,4,3,Colombo,42,2,29500000.0,Colombo,8.0,Kottawa
1700,3,1,Gampaha,26,2,8000000.0,Gampaha,10.0,Delgoda
1800,2,1,Colombo,10,1,14500000.0,Colombo,8.0,Athurugiriya
4000,5,3,Colombo,39,2,65000000.0,Colombo,10.0,Battaramulla
4500,5,4,Colombo,5,2,115000000.0,Colombo,22.0,Battaramulla
6000,5,4,Colombo,1,2,100000000.0,Colombo,20.0,Battaramulla
2600,4,2,Galle,25,2,55000000.0,Galle,28.0,Galle City
3000,6,3,Colombo,13,3,90000000.0,Colombo,8.0,Colombo 6
1300,4,1,Colombo,13,2,24000000.0,Colombo,22.0,Homagama
2800,5,2,Colombo,4,2,24000000.0,Colombo,12.0,Malabe
2800,5,2,Colombo,37,2,24000000.0,Colombo,12.0,Kaduwela
3600,6,5,Kalutara,3,3,26000000.0,Kalutara,15.25,Panadura
1500,3,1,Gampaha,16,2,12500000.0,Gampaha,10.4,Kadawatha
800,2,2,Gampaha,30,1,6800000.0,Gampaha,6.2,Kadawatha
1165,3,2,Gampaha,5,2,16000000.0,Gampaha,6.75,Kadawatha
1200,3,1,Gampaha,47,2,12500000.0,Gampaha,10.0,Kadawatha
2350,5,3,Gampaha,34,2,39500000.0,Gampaha,19.7,Kadawatha
1600,3,1,Gampaha,30,2,14800000.0,Gampaha,11.3,Kadawatha
3450,4,2,Gampaha,14,2,23500000.0,Gampaha,12.5,Kadawatha
1200,3,2,Gampaha,28,2,12500000.0,Gampaha,15.0,Kadawatha
1300,5,2,Gampaha,18,2,195000000.0,Gampaha,12.35,Kadawatha
3100,6,7,Gampaha,8,3,19500000.0,Gampaha,29.5,Gampaha City
2200,4,4,Colombo,11,2,17500000.0,Colombo,6.5,Piliyandala
5000,4,3,Gampaha,49,2,35000000.0,Gampaha,29.0,Gampaha City
2250,3,1,Puttalam,1,2,9800000.0,Puttalam,320.0,Puttalam City
2440,4,2,Gampaha,42,2,14500000.0,Gampaha,16.0,Gampaha City
1200,6,5,Colombo,6,3,40000000.0,Colombo,12.5,Colombo 13
1500,4,1,Gampaha,8,2,13000000.0,Gampaha,35.5,Gampaha City
1400,3,1,Gampaha,7,2,13000000.0,Gampaha,13.0,Gampaha City
1000,3,3,Gampaha,38,2,9500000.0,Gampaha,10.0,Gampaha City
3150,4,3,Gampaha,4,2,26500000.0,Gampaha,10.5,Negombo
3750,5,3,Colombo,44,2,45000000.0,Colombo,12.2,Piliyandala
2500,5,3,Galle,22,2,26000000.0,Galle,17.0,Karapitiya
4250,3,3,Kandy,4,2,39500000.0,Kandy,18.0,Katugastota
2000,4,2,Colombo,13,2,28000000.0,Colombo,10.5,Battaramulla
4000,5,3,Colombo,3,2,65000000.0,Colombo,10.0,Battaramulla
3500,4,3,Gampaha,24,2,26500000.0,Gampaha,10.0,Negombo
2000,4,2,Colombo,6,2,13500000.0,Colombo,10.0,Kesbewa
1000,4,1,Kurunegala,7,2,5000000.0,Kurunegala,56.0,Hettipola
3050,5,4,Colombo,44,2,47000000.0,Colombo,11.7,Battaramulla
1000,1,1,Kandy,9,1,8500000.0,Kandy,10.0,Digana
1198,3,1,Gampaha,23,2,8000000.0,Gampaha,11.9,Ragama
2600,4,4,Colombo,48,2,34000000.0,Colombo,9.0,Maharagama
1260,3,1,Kegalle,7,2,9000000.0,Kegalle,6.0,Kitulgala
7200,6,4,Colombo,4,3,69000000.0,Colombo,20.0,Maharagama
1500,2,2,Colombo,10,1,16500000.0,Colombo,6.4,Kolonnawa
1600,3,2,Gampaha,31,2,17000000.0,Gampaha,11.0,Negombo
2200,4,4,Colombo,48,2,17500000.0,Colombo,7.0,Piliyandala
2500,5,3,Colombo,7,2,17500000.0,Colombo,10.0,Kottawa
1800,4,4,Colombo,8,2,17500000.0,Colombo,7.5,Kottawa
3600,6,5,Colombo,49,3,33500000.0,Colombo,16.0,Kottawa
2900,4,3,Colombo,46,2,33000000.0,Colombo,8.0,Kottawa
3800,6,4,Colombo,7,3,29500000.0,Colombo,13.0,Kottawa
3500,4,2,Gampaha,50,2,13500000.0,Gampaha,12.5,Gampaha City
1400,3,3,Colombo,23,2,25000000.0,Colombo,20.0,Kottawa
2500,4,4,Kandy,6,2,55000000.0,Kandy,20.0,Kandy City
2000,3,3,Colombo,48,2,20500000.0,Colombo,6.5,Athurugiriya
1500,3,2,Colombo,5,2,16500000.0,Colombo,7.5,Athurugiriya
1800,5,5,Kandy,19,2,47000000.0,Kandy,33.0,Kandy City
950,3,2,Colombo,47,2,18500000.0,Colombo,3.0,Athurugiriya
2067,5,2,Colombo,7,2,22000000.0,Colombo,6.0,Athurugiriya
6262,3,2,Gampaha,48,2,13000000.0,Gampaha,23.0,Gampaha City
1400,3,1,Gampaha,7,2,8000000.0,Gampaha,12.0,Ja-Ela
1000,2,1,Kandy,2,1,5400000.0,Kandy,12.2,Katugastota
4500,4,5,Gampaha,24,2,47000000.0,Gampaha,14.7,Negombo
1800,3,2,Gampaha,28,2,8000000.0,Gampaha,25.0,Gampaha City
3600,5,4,Colombo,6,2,35000000.0,Colombo,8.0,Malabe
3500,5,4,Colombo,1,2,40000000.0,Colombo,11.0,Talawatugoda
3000,4,4,Colombo,3,2,53000000.0,Colombo,16.0,Talawatugoda
2600,4,4,Colombo,14,2,29000000.0,Colombo,10.0,Malabe
2500,4,3,Colombo,11,2,26000000.0,Colombo,8.5,Piliyandala
3500,4,3,Colombo,23,2,225000000.0,Colombo,33.0,Mount Lavinia
4500,5,4,Colombo,5,2,50000000.0,Colombo,7.0,Kohuwala
2150,3,3,Gampaha,8,2,19500000.0,Gampaha,15.0,Negombo
2550,4,3,Colombo,49,2,25500000.0,Colombo,7.5,Piliyandala
2800,4,4,Colombo,38,2,28000000.0,Colombo,10.0,Malabe
2800,4,4,Colombo,10,2,27500000.0,Colombo,11.5,Malabe
2500,5,4,Colombo,40,2,28500000.0,Colombo,7.7,Piliyandala
1550,3,2,Gampaha,5,2,17000000.0,Gampaha,11.0,Negombo
2000,3,1,Hambantota,21,2,17500000.0,Hambantota,26.0,Tissamaharama
3000,4,3,Colombo,2,2,47000000.0,Colombo,23.5,Nugegoda
2200,4,3,Colombo,18,2,22500000.0,Colombo,6.3,Malabe
1250,3,2,Colombo,24,2,16500000.0,Colombo,7.5,Malabe
1900,3,2,Colombo,42,2,19000000.0,Colombo,11.4,Malabe
1500,3,3,Colombo,48,2,18500000.0,Colombo,7.5,Malabe
1200,3,3,Colombo,9,2,14500000.0,Colombo,6.0,Athurugiriya
1400,3,1,Colombo,9,2,13500000.0,Colombo,14.0,Piliyandala
1900,3,2,Colombo,30,2,19000000.0,Colombo,11.4,Athurugiriya
1000,3,1,Galle,18,2,4200000.0,Galle,20.0,Elpitiya
3250,5,3,Colombo,9,2,23500000.0,Colombo,7.0,Piliyandala
1600,3,2,Gampaha,25,2,20500000.0,Gampaha,10.0,Negombo
2000,4,3,Colombo,25,2,17500000.0,Colombo,6.5,Piliyandala
2500,4,3,Gampaha,11,2,16000000.0,Gampaha,5.0,Wattala
2000,6,1,Galle,9,3,37500000.0,Galle,55.0,Galle City
3500,4,3,Gampaha,22,2,29500000.0,Gampaha,20.0,Negombo
1500,3,1,Galle,8,2,16000000.0,Galle,60.0,Hikkaduwa
2400,4,4,Colombo,21,2,27000000.0,Colombo,7.0,Kottawa
1750,3,3,Colombo,36,2,17500000.0,Colombo,10.0,Piliyandala
1400,3,1,Gampaha,2,2,9900000.0,Gampaha,10.0,Negombo
3000,4,4,Colombo,39,2,27000000.0,Colombo,19.0,Piliyandala
3150,4,3,Gampaha,5,2,26500000.0,Gampaha,10.5,Negombo
1750,3,3,Colombo,31,2,18500000.0,Colombo,10.0,Piliyandala
1500,3,2,Colombo,16,2,14000000.0,Colombo,10.0,Piliyandala
1500,3,2,Colombo,27,2,14000000.0,Colombo,8.0,Piliyandala
1200,3,2,Colombo,45,2,12800000.0,Colombo,6.5,Piliyandala
2000,3,3,Gampaha,1,2,20500000.0,Gampaha,10.0,Negombo
1610,3,2,Gampaha,2,2,20500000.0,Gampaha,10.0,Negombo
1350,3,2,Kalutara,15,2,12500000.0,Kalutara,12.5,Panadura
2500,4,4,Colombo,37,2,25500000.0,Colombo,6.2,Piliyandala
2000,3,3,Gampaha,14,2,18500000.0,Gampaha,15.0,Negombo
1350,2,1,Gampaha,9,1,15000000.0,Gampaha,10.5,Negombo
2789,4,4,Colombo,43,2,24800000.0,Colombo,6.2,Piliyandala
2100,5,2,Gampaha,15,2,11000000.0,Gampaha,10.0,Negombo
1700,3,3,Colombo,31,2,17500000.0,Colombo,10.0,Piliyandala
2100,4,2,Gampaha,7,2,13000000.0,Gampaha,11.0,Negombo
3500,4,4,Colombo,4,2,36000000.0,Colombo,10.0,Piliyandala
1412,3,3,Colombo,17,2,14000000.0,Colombo,10.0,Kesbewa
2874,4,5,Colombo,17,2,25500000.0,Colombo,7.0,Piliyandala
2784,3,2,Colombo,46,2,14000000.0,Colombo,8.0,Piliyandala
2100,4,4,Gampaha,2,2,31500000.0,Gampaha,13.2,Negombo
2865,3,3,Colombo,41,2,21500000.0,Colombo,9.5,Piliyandala
2875,4,4,Colombo,42,2,26000000.0,Colombo,7.5,Piliyandala
2965,4,4,Colombo,6,2,25500000.0,Colombo,7.5,Piliyandala
2750,4,2,Gampaha,19,2,13000000.0,Gampaha,11.0,Negombo
2896,4,4,Colombo,19,2,25500000.0,Colombo,6.0,Piliyandala
3500,4,3,Gampaha,23,2,25000000.0,Gampaha,10.0,Negombo
3500,4,3,Gampaha,42,2,26500000.0,Gampaha,10.0,Negombo
2800,4,2,Gampaha,6,2,23000000.0,Gampaha,19.6,Kiribathgoda
2500,4,3,Galle,4,2,17000000.0,Galle,10.0,Galle City
3000,7,3,Gampaha,48,4,15500000.0,Gampaha,15.0,Minuwangoda
3000,3,1,Gampaha,22,2,17500000.0,Gampaha,53.0,Minuwangoda
1701,2,1,Gampaha,4,1,4700000.0,Gampaha,8.0,Kadawatha
2000,5,2,Colombo,7,2,26000000.0,Colombo,10.0,Piliyandala
2800,4,3,Colombo,27,2,34000000.0,Colombo,19.0,Athurugiriya
5000,4,3,Gampaha,23,2,75000000.0,Gampaha,35.0,Wattala
3000,3,3,Kalutara,22,2,23000000.0,Kalutara,10.0,Kalutara City
3800,5,4,Colombo,45,2,79990000.0,Colombo,10.0,Dehiwala
6200,6,5,Colombo,7,3,100000000.0,Colombo,20.0,Talawatugoda
2125,4,2,Galle,14,2,13000000.0,Galle,15.0,Hikkaduwa
2500,2,1,Colombo,13,1,17500000.0,Colombo,8.0,Boralesgamuwa
3800,4,4,Colombo,19,2,79000000.0,Colombo,16.0,Battaramulla
950,2,1,Colombo,36,1,37000000.0,Colombo,12.6,Rajagiriya
1200,4,2,Batticaloa,4,2,17000000.0,Batticaloa,21.0,Batticaloa City
3800,5,4,Colombo,20,2,37500000.0,Colombo,10.0,Pannipitiya
1800,4,3,Colombo,23,2,24500000.0,Colombo,6.3,Malabe
1200,3,2,Colombo,9,2,32500000.0,Colombo,10.0,Battaramulla
2800,6,3,Colombo,23,3,36500000.0,Colombo,10.0,Rajagiriya
3000,3,1,Gampaha,2,2,19000000.0,Gampaha,13.8,Wattala
4500,5,5,Kandy,6,2,47000000.0,Kandy,14.5,Kandy City
2450,4,4,Colombo,17,2,27000000.0,Colombo,7.0,Kottawa
1500,2,1,Gampaha,25,1,10500000.0,Gampaha,31.9,Ja-Ela
2000,4,3,Colombo,9,2,23500000.0,Colombo,6.0,Malabe
3800,5,2,Gampaha,4,2,32000000.0,Gampaha,11.9,Seeduwa
850,2,1,Galle,4,1,3000000.0,Galle,17.0,Batapola
3000,5,5,Colombo,42,2,80000000.0,Colombo,38.0,Battaramulla
817,1,1,Colombo,4,1,8500000.0,Colombo,3.0,Colombo 8
1480,3,2,Colombo,49,2,13200000.0,Colombo,10.3,Kesbewa
1480,3,2,Colombo,14,2,13200000.0,Colombo,10.3,Kottawa
2680,4,4,Colombo,50,2,27000000.0,Colombo,8.0,Pannipitiya
5308,2,1,Gampaha,6,1,9000000.0,Gampaha,19.9,Minuwangoda
2680,4,4,Colombo,22,2,27000000.0,Colombo,8.0,Kottawa
1398,3,2,Kandy,24,2,13500000.0,Kandy,9.0,Digana
1200,3,1,Gampaha,25,2,7500000.0,Gampaha,15.5,Wattala
3200,4,3,Colombo,5,2,38500000.0,Colombo,3.0,Nugegoda
950,3,1,Gampaha,14,2,4600000.0,Gampaha,6.7,Ragama
3800,3,1,Kalutara,49,2,6800000.0,Kalutara,14.0,Wadduwa
1200,2,1,Colombo,49,1,20000000.0,Colombo,8.0,Angoda
2600,2,1,Colombo,36,1,19000000.0,Colombo,10.0,Boralesgamuwa
5000,7,5,Kurunegala,23,4,43000000.0,Kurunegala,30.0,Ibbagamuwa
2500,4,4,Colombo,19,2,25500000.0,Colombo,7.0,Piliyandala
2400,5,3,Colombo,46,2,16500000.0,Colombo,12.0,Malabe
2178,3,2,Colombo,48,2,8000000.0,Colombo,8.0,Angoda
2680,4,4,Colombo,19,2,27000000.0,Colombo,8.0,Piliyandala
4200,4,4,Colombo,45,2,49500000.0,Colombo,10.0,Talawatugoda
2680,4,4,Colombo,7,2,27000000.0,Colombo,8.0,Pannipitiya
3500,4,4,Colombo,40,2,100000000.0,Colombo,10.0,Kotte
3200,4,4,Colombo,37,2,65000000.0,Colombo,18.0,Pannipitiya
1350,2,1,Kandy,4,1,3900000.0,Kandy,10.0,Gampola
2800,3,3,Colombo,10,2,47000000.0,Colombo,14.0,Nugegoda
950,2,1,Gampaha,10,1,11600000.0,Gampaha,6.0,Ja-Ela
3000,5,5,Colombo,35,2,60000000.0,Colombo,7.5,Nawala
2270,3,2,Gampaha,5,2,6850000.0,Gampaha,10.0,Kadawatha
900,3,1,Colombo,23,2,3500000.0,Colombo,10.0,Homagama
3150,4,3,Gampaha,7,2,26500000.0,Gampaha,10.5,Negombo
1050,3,1,Gampaha,8,2,9800000.0,Gampaha,10.2,Kadawatha
3500,4,3,Gampaha,6,2,26500000.0,Gampaha,10.0,Negombo
4900,4,4,Colombo,48,2,80000000.0,Colombo,16.0,Talawatugoda
2500,3,2,Colombo,1,2,35000000.0,Colombo,20.0,Talawatugoda
2050,3,2,Kandy,8,2,19000000.0,Kandy,38.0,Kandy City
1700,3,1,Mannar,3,2,19500000.0,Mannar,12.5,Mannar City
4200,4,4,Colombo,22,2,49500000.0,Colombo,10.0,Talawatugoda
3300,4,4,Colombo,7,2,44000000.0,Colombo,7.7,Talawatugoda
3800,5,4,Colombo,19,2,45000000.0,Colombo,11.0,Talawatugoda
1480,7,3,Gampaha,47,4,48500000.0,Gampaha,15.0,Wattala
3000,5,2,Gampaha,1,2,49800000.0,Gampaha,27.0,Gampaha City
12000,3,1,Kandy,6,2,9800000.0,Kandy,17.5,Kandy City
2400,4,2,Colombo,8,2,19800000.0,Colombo,6.5,Rajagiriya
1100,4,1,Kandy,2,2,4500000.0,Kandy,20.0,Gelioya
2600,3,2,Gampaha,6,2,35000000.0,Gampaha,12.0,Ja-Ela
2100,4,2,Gampaha,2,2,17500000.0,Gampaha,7.5,Ja-Ela
2300,4,2,Gampaha,47,2,20000000.0,Gampaha,9.0,Ja-Ela
3200,5,2,Gampaha,33,2,29800000.0,Gampaha,48.5,Ja-Ela
1410,4,2,Gampaha,47,2,17800000.0,Gampaha,10.0,Ja-Ela
1840,4,2,Colombo,19,2,20000000.0,Colombo,5.2,Rajagiriya
3800,5,2,Gampaha,4,2,27500000.0,Gampaha,16.5,Ja-Ela
1450,4,2,Colombo,1,2,19000000.0,Colombo,10.0,Boralesgamuwa
800,2,1,Puttalam,5,1,3500000.0,Puttalam,13.5,Chilaw
3000,4,2,Gampaha,39,2,27000000.0,Gampaha,10.0,Ja-Ela
4000,4,3,Gampaha,11,2,26000000.0,Gampaha,10.5,Ja-Ela
1400,2,1,Badulla,2,1,5700000.0,Badulla,10.0,Badulla City
1300,4,1,Galle,21,2,3800000.0,Galle,40.0,Elpitiya
2650,4,2,Gampaha,12,2,35000000.0,Gampaha,13.5,Ja-Ela
2200,4,2,Gampaha,35,2,18000000.0,Gampaha,9.17,Ja-Ela
3750,4,6,Gampaha,9,2,44500000.0,Gampaha,10.0,Ja-Ela
3450,4,2,Gampaha,2,2,23500000.0,Gampaha,12.5,Kadawatha
1100,3,2,Gampaha,11,2,11500000.0,Gampaha,10.8,Kadawatha
2100,4,2,Gampaha,4,2,29500000.0,Gampaha,15.0,Kadawatha
2100,4,2,Gampaha,36,2,29500000.0,Gampaha,15.0,Kadawatha
4000,5,4,Colombo,38,2,59000000.0,Colombo,11.1,Dehiwala
2800,3,3,Gampaha,8,2,28000000.0,Gampaha,10.75,Kadawatha
2300,4,2,Gampaha,11,2,34500000.0,Gampaha,12.0,Kadawatha
3500,3,3,Colombo,19,2,37000000.0,Colombo,6.2,Dehiwala
1800,4,2,Galle,41,2,35000000.0,Galle,10.0,Galle City
2200,4,2,Gampaha,36,2,35000000.0,Gampaha,15.5,Kadawatha
3500,4,4,Colombo,34,2,33000000.0,Colombo,8.0,Talawatugoda
1350,3,2,Gampaha,8,2,12500000.0,Gampaha,6.87,Kadawatha
2800,3,3,Gampaha,13,2,21000000.0,Gampaha,10.0,Kadawatha
1864,3,2,Gampaha,23,2,21000000.0,Gampaha,12.0,Kadawatha
3000,4,3,Gampaha,4,2,26500000.0,Gampaha,12.5,Kadawatha
1896,4,2,Colombo,47,2,29000000.0,Colombo,17.0,Wellampitiya
3842,4,3,Gampaha,8,2,40000000.0,Gampaha,10.0,Kadawatha
1210,3,1,Kandy,22,2,16500000.0,Kandy,20.0,Menikhinna
2750,4,3,Colombo,34,2,27000000.0,Colombo,7.0,Kottawa
1250,3,2,Gampaha,16,2,12000000.0,Gampaha,16.5,Gampaha City
2335,3,2,Gampaha,20,2,8000000.0,Gampaha,10.0,Kadawatha
1900,2,1,Badulla,23,1,13500000.0,Badulla,12.4,Badulla City
1300,3,1,Colombo,1,2,9500000.0,Colombo,9.5,Kaduwela
2000,3,2,Gampaha,15,2,19500000.0,Gampaha,12.5,Negombo
3700,4,3,Colombo,3,2,14000000.0,Colombo,12.0,Kaduwela
1500,6,4,Colombo,1,3,45000000.0,Colombo,7.9,Rajagiriya
1325,3,1,Gampaha,5,2,9900000.0,Gampaha,10.0,Negombo
1500,3,2,Colombo,8,2,55000000.0,Colombo,4.0,Colombo 5
3000,5,4,Colombo,11,2,40000000.0,Colombo,10.0,Piliyandala
2200,4,3,Colombo,32,2,26000000.0,Colombo,7.0,Piliyandala
5200,5,7,Gampaha,15,2,130000000.0,Gampaha,20.5,Wattala
2500,4,3,Colombo,10,2,26000000.0,Colombo,8.5,Piliyandala
3500,5,3,Colombo,9,2,165000000.0,Colombo,16.3,Colombo 5
3527,5,4,Gampaha,15,2,25000000.0,Gampaha,15.3,Kadawatha
2751,4,3,Gampaha,3,2,29500000.0,Gampaha,14.5,Kandana
1633,2,1,Colombo,6,1,9000000.0,Colombo,6.0,Moratuwa
1100,3,1,Gampaha,23,2,13000000.0,Gampaha,11.75,Kandana
2000,4,2,Gampaha,23,2,29500000.0,Gampaha,10.0,Kandana
2300,5,2,Gampaha,2,2,35000000.0,Gampaha,10.0,Kandana
3000,3,3,Gampaha,13,2,31000000.0,Gampaha,30.0,Kandana
6500,5,4,Colombo,9,2,44000000.0,Colombo,12.5,Talawatugoda
1500,4,2,Colombo,20,2,36000000.0,Colombo,20.0,Rajagiriya
3000,4,4,Colombo,4,2,28500000.0,Colombo,15.0,Piliyandala
2550,4,3,Colombo,35,2,25500000.0,Colombo,7.5,Piliyandala
7000,6,6,Gampaha,9,3,120000000.0,Gampaha,60.0,Nittambuwa
1500,3,2,Colombo,5,2,19500000.0,Colombo,21.5,Piliyandala
3500,4,4,Colombo,11,2,44000000.0,Colombo,7.7,Talawatugoda
4750,4,3,Gampaha,1,2,65000000.0,Gampaha,54.0,Kandana
2450,4,3,Colombo,16,2,50000000.0,Colombo,14.0,Dehiwala
1500,3,2,Colombo,5,2,62000000.0,Colombo,9.2,Nawala
1500,2,2,Colombo,49,1,14000000.0,Colombo,7.2,Boralesgamuwa
11000,4,4,Colombo,10,2,120000000.0,Colombo,19.0,Battaramulla
3500,7,4,Colombo,17,4,50000000.0,Colombo,13.5,Dehiwala
3000,7,4,Colombo,42,4,31000000.0,Colombo,10.41,Battaramulla
2338,4,2,Colombo,6,2,16000000.0,Colombo,6.6,Piliyandala
2200,5,2,Gampaha,14,2,22500000.0,Gampaha,9.5,Kandana
1500,3,2,Colombo,20,2,14500000.0,Colombo,14.0,Kesbewa
4800,6,6,Gampaha,3,3,28500000.0,Gampaha,15.0,Kandana
1250,2,2,Colombo,31,1,14500000.0,Colombo,5.6,Maharagama
2500,3,2,Gampaha,43,2,22000000.0,Gampaha,6.5,Kandana
4100,4,2,Gampaha,5,2,22500000.0,Gampaha,15.5,Kandana
2000,5,3,Colombo,4,2,13500000.0,Colombo,6.0,Maharagama
3891,4,2,Gampaha,14,2,10000000.0,Gampaha,10.0,Ja-Ela
1050,2,1,Matale,4,1,5000000.0,Matale,10.0,Galewela
1700,3,2,Gampaha,9,2,19000000.0,Gampaha,10.0,Kandana
4000,6,6,Colombo,16,3,55000000.0,Colombo,12.9,Boralesgamuwa
3000,4,3,Gampaha,19,2,29500000.0,Gampaha,8.0,Kandana
2639,3,3,Gampaha,49,2,31500000.0,Gampaha,10.0,Kandana
3150,4,3,Gampaha,3,2,26500000.0,Gampaha,10.5,Negombo
5455,6,4,Gampaha,5,3,29000000.0,Gampaha,20.0,Ragama
4700,4,3,Gampaha,5,2,30000000.0,Gampaha,20.0,Ragama
3000,4,2,Gampaha,9,2,20000000.0,Gampaha,13.5,Ragama
2200,3,2,Gampaha,24,2,17300000.0,Gampaha,6.0,Ragama
1400,3,1,Gampaha,4,2,9900000.0,Gampaha,10.0,Negombo
1500,4,2,Colombo,47,2,12000000.0,Colombo,6.5,Piliyandala
3500,4,3,Gampaha,20,2,26500000.0,Gampaha,10.0,Negombo
3200,4,3,Colombo,15,2,30500000.0,Colombo,7.5,Piliyandala
1500,3,2,Colombo,4,2,13500000.0,Colombo,6.8,Kesbewa
3100,4,4,Colombo,7,2,36000000.0,Colombo,8.5,Piliyandala
2900,4,4,Colombo,27,2,28500000.0,Colombo,8.0,Piliyandala
2600,4,3,Colombo,42,2,25500000.0,Colombo,6.2,Piliyandala
2500,5,4,Colombo,24,2,28500000.0,Colombo,7.7,Piliyandala
3500,4,4,Gampaha,18,2,25000000.0,Gampaha,6.25,Wattala
1800,3,3,Gampaha,5,2,11000000.0,Gampaha,13.0,Negombo
3750,5,4,Colombo,14,2,54000000.0,Colombo,15.2,Talawatugoda
2150,3,3,Gampaha,31,2,18500000.0,Gampaha,15.0,Negombo
4800,8,6,Colombo,41,4,140000000.0,Colombo,7.0,Colombo 5
2500,8,3,Colombo,47,4,32500000.0,Colombo,23.6,Moratuwa
2200,3,2,Colombo,22,2,28000000.0,Colombo,8.0,Malabe
3000,5,4,Colombo,27,2,65000000.0,Colombo,11.8,Dehiwala
2750,4,2,Gampaha,8,2,13000000.0,Gampaha,11.0,Negombo
2723,4,3,Colombo,10,2,35000000.0,Colombo,10.0,Athurugiriya
2520,4,3,Colombo,25,2,38000000.0,Colombo,10.0,Athurugiriya
2900,4,2,Galle,22,2,11500000.0,Galle,10.0,Galle City
6000,4,1,Kandy,15,2,9000000.0,Kandy,40.0,Nawalapitiya
2900,4,4,Colombo,3,2,44000000.0,Colombo,9.0,Battaramulla
1248,3,2,Galle,28,2,7200000.0,Galle,12.0,Galle City
3500,4,3,Colombo,43,2,33000000.0,Colombo,8.0,Kottawa
2643,4,4,Colombo,41,2,28500000.0,Colombo,8.5,Piliyandala
1200,3,1,Kalutara,4,2,6000000.0,Kalutara,9.0,Kalutara City
2750,3,4,Gampaha,4,2,32000000.0,Gampaha,7.3,Wattala
2000,3,2,Gampaha,22,2,28500000.0,Gampaha,6.0,Wattala
2000,3,2,Gampaha,33,2,28000000.0,Gampaha,10.0,Wattala
2800,3,2,Gampaha,2,2,21000000.0,Gampaha,7.14,Wattala
4400,5,5,Gampaha,20,2,69500000.0,Gampaha,24.0,Wattala
2400,3,2,Gampaha,39,2,41500000.0,Gampaha,19.0,Wattala
1642,4,3,Gampaha,13,2,19800000.0,Gampaha,5.5,Wattala
1600,3,1,Gampaha,1,2,30000000.0,Gampaha,20.0,Wattala
2260,4,4,Gampaha,10,2,45000000.0,Gampaha,12.0,Wattala
3500,4,4,Colombo,3,2,44000000.0,Colombo,7.7,Battaramulla
5000,5,3,Colombo,43,2,120000000.0,Colombo,30.0,Nugegoda
2750,3,4,Gampaha,19,2,32000000.0,Gampaha,7.3,Wattala
1600,5,1,Hambantota,14,2,4500000.0,Hambantota,40.0,Tissamaharama
2250,4,2,Colombo,16,2,19500000.0,Colombo,5.5,Moratuwa
1127,1,1,Galle,9,1,5800000.0,Galle,11.0,Ahangama
2150,3,3,Colombo,18,2,16500000.0,Colombo,10.1,Talawatugoda
1500,2,2,Colombo,47,1,18000000.0,Colombo,6.8,Athurugiriya
4800,5,6,Colombo,47,2,55000000.0,Colombo,15.0,Maharagama
2200,2,1,Colombo,2,1,19500000.0,Colombo,9.0,Kottawa
2700,6,4,Colombo,22,3,30000000.0,Colombo,16.4,Moratuwa
3000,5,2,Colombo,46,2,33000000.0,Colombo,13.3,Kottawa
1800,3,1,Kurunegala,2,2,14900000.0,Kurunegala,17.0,Narammala
3400,5,3,Colombo,12,2,32500000.0,Colombo,9.0,Maharagama
916,2,2,Colombo,43,1,6500000.0,Colombo,3.5,Wellampitiya
2100,3,2,Colombo,3,2,23000000.0,Colombo,6.0,Malabe
6000,5,5,Colombo,41,2,120000000.0,Colombo,16.0,Talawatugoda
3200,5,3,Colombo,13,2,54800000.0,Colombo,7.31,Boralesgamuwa
1100,2,1,Colombo,4,1,14600000.0,Colombo,4.8,Kolonnawa
3150,4,3,Gampaha,8,2,26500000.0,Gampaha,10.5,Negombo
1600,3,1,Colombo,23,2,23000000.0,Colombo,34.68,Kottawa
2228,5,3,Colombo,5,2,41000000.0,Colombo,9.65,Nugegoda
1300,4,2,Colombo,20,2,14300000.0,Colombo,18.0,Piliyandala
1600,3,3,Colombo,23,2,18500000.0,Colombo,8.0,Piliyandala
4500,4,5,Colombo,24,2,37500000.0,Colombo,14.5,Kottawa
3000,4,3,Colombo,7,2,29500000.0,Colombo,12.0,Kottawa
3600,6,4,Colombo,1,3,33500000.0,Colombo,16.2,Kottawa
2350,3,3,Colombo,42,2,23000000.0,Colombo,8.0,Piliyandala
3591,4,4,Colombo,10,2,30500000.0,Colombo,8.5,Piliyandala
5000,4,4,Colombo,9,2,120000000.0,Colombo,92.0,Maharagama
3300,6,4,Colombo,9,3,45000000.0,Colombo,10.0,Maharagama
4000,6,4,Colombo,37,3,26000000.0,Colombo,9.5,Maharagama
4000,6,5,Colombo,45,3,65000000.0,Colombo,12.0,Nugegoda
1900,3,2,Colombo,24,2,27500000.0,Colombo,13.0,Maharagama
2551,4,4,Colombo,27,2,28500000.0,Colombo,8.5,Piliyandala
2500,4,2,Colombo,3,2,36000000.0,Colombo,7.0,Maharagama
2750,4,3,Colombo,12,2,27000000.0,Colombo,12.0,Maharagama
2500,3,2,Colombo,10,2,35000000.0,Colombo,10.0,Maharagama
2557,4,3,Colombo,46,2,25500000.0,Colombo,7.5,Piliyandala
2600,4,3,Colombo,20,2,35000000.0,Colombo,8.2,Maharagama
2300,3,3,Colombo,1,2,45000000.0,Colombo,11.0,Maharagama
1800,3,2,Colombo,43,2,13800000.0,Colombo,10.2,Homagama
2000,3,2,Colombo,4,2,16000000.0,Colombo,6.0,Pannipitiya
2700,5,3,Colombo,18,2,28000000.0,Colombo,10.4,Pannipitiya
2550,4,3,Colombo,36,2,25500000.0,Colombo,7.5,Piliyandala
1200,3,1,Gampaha,22,2,7700000.0,Gampaha,10.0,Gampaha City
1800,3,3,Colombo,14,2,23000000.0,Colombo,8.0,Piliyandala
2400,4,3,Colombo,19,2,26000000.0,Colombo,7.0,Piliyandala
1400,3,1,Colombo,22,2,13500000.0,Colombo,14.0,Piliyandala
3250,5,3,Colombo,8,2,23500000.0,Colombo,7.0,Piliyandala
2500,4,3,Colombo,50,2,33000000.0,Colombo,12.6,Piliyandala
2000,4,3,Colombo,30,2,17500000.0,Colombo,6.5,Piliyandala
1466,3,2,Colombo,28,2,14000000.0,Colombo,8.5,Piliyandala
2550,4,3,Colombo,19,2,29500000.0,Colombo,10.0,Athurugiriya
1499,3,2,Colombo,9,2,14000000.0,Colombo,10.0,Piliyandala
2985,4,4,Colombo,33,2,21500000.0,Colombo,9.0,Kesbewa
2559,4,4,Colombo,45,2,24800000.0,Colombo,6.5,Piliyandala
3000,4,3,Colombo,6,2,32500000.0,Colombo,7.0,Nugegoda
1580,3,3,Colombo,19,2,16000000.0,Colombo,9.5,Piliyandala
2896,4,4,Colombo,10,2,28500000.0,Colombo,7.5,Kesbewa
2491,3,3,Colombo,25,2,21500000.0,Colombo,9.5,Piliyandala
2745,3,3,Colombo,49,2,21500000.0,Colombo,9.5,Kesbewa
1563,3,2,Colombo,13,2,14000000.0,Colombo,10.0,Kesbewa
3452,5,4,Colombo,12,2,33500000.0,Colombo,16.0,Piliyandala
3102,4,4,Colombo,4,2,33000000.0,Colombo,10.0,Piliyandala
2784,4,4,Colombo,6,2,28000000.0,Colombo,10.0,Piliyandala
1542,3,3,Colombo,47,2,14000000.0,Colombo,8.0,Piliyandala
2784,4,4,Colombo,32,2,26000000.0,Colombo,7.5,Piliyandala
2875,3,3,Colombo,23,2,21500000.0,Colombo,9.5,Piliyandala
2588,4,4,Colombo,50,2,25500000.0,Colombo,6.5,Piliyandala
3800,4,3,Colombo,46,2,40000000.0,Colombo,11.0,Talawatugoda
2875,4,4,Colombo,25,2,25500000.0,Colombo,6.0,Piliyandala
1574,3,2,Colombo,11,2,14000000.0,Colombo,8.0,Piliyandala
2593,4,4,Colombo,15,2,25500000.0,Colombo,6.5,Piliyandala
1596,3,2,Colombo,43,2,14000000.0,Colombo,10.0,Piliyandala
3597,5,4,Colombo,9,2,25500000.0,Colombo,7.5,Piliyandala
3200,4,3,Colombo,46,2,52000000.0,Colombo,16.0,Talawatugoda
2556,4,4,Colombo,40,2,25500000.0,Colombo,7.5,Piliyandala
2402,4,4,Colombo,49,2,26000000.0,Colombo,7.0,Piliyandala
2854,4,4,Colombo,16,2,25500000.0,Colombo,7.5,Piliyandala
2896,4,4,Colombo,45,2,25500000.0,Colombo,7.5,Piliyandala
2491,3,3,Colombo,22,2,21000000.0,Colombo,7.0,Piliyandala
3200,3,3,Colombo,46,2,52000000.0,Colombo,16.0,Malabe
2516,4,4,Colombo,14,2,25500000.0,Colombo,6.2,Piliyandala
1800,4,1,Gampaha,8,2,9500000.0,Gampaha,20.0,Minuwangoda
1800,5,3,Colombo,47,2,24000000.0,Colombo,3.3,Rajagiriya
3500,6,5,Colombo,22,3,50000000.0,Colombo,7.0,Dehiwala
1088,2,1,Colombo,16,1,7900000.0,Colombo,2.0,Kottawa
862,3,2,Colombo,8,2,11800000.0,Colombo,11.0,Maharagama
1200,2,1,Kalutara,38,1,14000000.0,Kalutara,6.1,Panadura
2750,4,2,Colombo,1,2,42000000.0,Colombo,8.0,Moratuwa
6500,5,4,Colombo,40,2,44000000.0,Colombo,12.5,Talawatugoda
1200,3,3,Colombo,24,2,29500000.0,Colombo,16.5,Malabe
3600,5,4,Colombo,17,2,35000000.0,Colombo,8.0,Malabe
1250,3,2,Colombo,2,2,26500000.0,Colombo,7.0,Malabe
2000,3,1,Colombo,25,2,15500000.0,Colombo,6.8,Malabe
6500,5,4,Colombo,6,2,44000000.0,Colombo,12.5,Talawatugoda
1400,3,2,Colombo,25,2,16000000.0,Colombo,10.5,Malabe
1300,3,2,Colombo,41,2,17000000.0,Colombo,7.5,Malabe
2500,3,3,Colombo,5,2,27000000.0,Colombo,15.0,Maharagama
2700,5,3,Colombo,6,2,45000000.0,Colombo,9.7,Rajagiriya
1700,3,2,Colombo,1,2,18500000.0,Colombo,10.0,Malabe
1200,2,2,Colombo,4,1,18000000.0,Colombo,7.0,Malabe
3800,4,3,Colombo,42,2,45000000.0,Colombo,11.0,Talawatugoda
2850,4,3,Colombo,43,2,27500000.0,Colombo,6.5,Malabe
3800,4,4,Colombo,42,2,79000000.0,Colombo,16.0,Battaramulla
3800,5,3,Colombo,3,2,69000000.0,Colombo,11.7,Kotte
3300,4,3,Colombo,8,2,42500000.0,Colombo,11.0,Talawatugoda
3500,6,4,Colombo,17,3,20000000.0,Colombo,20.0,Piliyandala
3000,4,4,Colombo,5,2,58500000.0,Colombo,15.0,Piliyandala
2550,4,3,Colombo,42,2,25500000.0,Colombo,7.5,Piliyandala
800,2,1,Colombo,46,1,5500000.0,Colombo,6.0,Nugegoda
3000,6,3,Gampaha,23,3,22000000.0,Gampaha,22.0,Kandana
1500,3,2,Gampaha,22,2,13000000.0,Gampaha,10.0,Negombo
2800,3,3,Colombo,42,2,26500000.0,Colombo,10.0,Piliyandala
1950,4,3,Colombo,18,2,18500000.0,Colombo,5.5,Boralesgamuwa
1200,3,3,Colombo,18,2,12500000.0,Colombo,6.0,Piliyandala
4000,5,4,Colombo,42,2,120000000.0,Colombo,15.0,Colombo 8
1800,4,2,Kegalle,44,2,11000000.0,Kegalle,10.0,Warakapola
3000,5,4,Galle,46,2,25500000.0,Galle,10.0,Galle City
2200,3,3,Colombo,6,2,22500000.0,Colombo,8.5,Moratuwa
600,2,1,Colombo,3,1,8500000.0,Colombo,4.0,Kotte
2000,4,2,Gampaha,22,2,9500000.0,Gampaha,12.0,Ja-Ela
4000,6,5,Colombo,1,3,29800000.0,Colombo,13.0,Talawatugoda
2400,4,3,Colombo,21,2,32000000.0,Colombo,10.5,Talawatugoda
3400,6,4,Colombo,4,3,36000000.0,Colombo,15.0,Piliyandala
2600,4,4,Colombo,49,2,25000000.0,Colombo,8.0,Piliyandala
5100,5,2,Colombo,8,2,26000000.0,Colombo,20.0,Pannipitiya
2500,4,3,Colombo,45,2,21000000.0,Colombo,8.0,Pannipitiya
1700,5,3,Colombo,44,2,28500000.0,Colombo,8.12,Boralesgamuwa
3300,7,4,Colombo,3,4,29000000.0,Colombo,11.06,Moratuwa
800,1,1,Colombo,13,1,5500000.0,Colombo,6.0,Piliyandala
2800,5,3,Colombo,44,2,27000000.0,Colombo,8.6,Moratuwa
2800,6,3,Colombo,26,3,24000000.0,Colombo,8.5,Moratuwa
3750,4,4,Colombo,46,2,41000000.0,Colombo,8.0,Moratuwa
1800,4,1,Colombo,2,2,35500000.0,Colombo,58.0,Piliyandala
2500,4,3,Colombo,3,2,23500000.0,Colombo,6.0,Malabe
3100,5,4,Colombo,46,2,32500000.0,Colombo,12.0,Malabe
700,2,2,Colombo,14,1,8000000.0,Colombo,4.0,Wellampitiya
800,3,1,Colombo,10,2,7200000.0,Colombo,6.5,Piliyandala
1400,3,2,Colombo,33,2,18500000.0,Colombo,7.9,Malabe
1800,5,3,Colombo,7,2,25000000.0,Colombo,6.8,Malabe
2300,3,3,Colombo,32,2,25000000.0,Colombo,7.76,Malabe
2800,5,3,Colombo,44,2,32500000.0,Colombo,17.0,Malabe
6500,6,5,Colombo,11,3,44000000.0,Colombo,12.5,Pannipitiya
1070,3,2,Colombo,22,2,14200000.0,Colombo,7.6,Malabe
4800,4,3,Colombo,46,2,45000000.0,Colombo,10.0,Malabe
2000,3,2,Colombo,29,2,27500000.0,Colombo,11.0,Malabe
1950,4,3,Colombo,25,2,22500000.0,Colombo,6.4,Malabe
2000,6,2,Gampaha,5,3,8500000.0,Gampaha,10.0,Seeduwa
2200,5,4,Colombo,42,2,27500000.0,Colombo,12.4,Malabe
3600,4,3,Colombo,11,2,36000000.0,Colombo,7.8,Malabe
4300,5,5,Colombo,46,2,55000000.0,Colombo,12.0,Malabe
2500,6,2,Colombo,3,3,28000000.0,Colombo,10.0,Malabe
2400,4,3,Colombo,33,2,26000000.0,Colombo,10.5,Malabe
2100,3,3,Colombo,1,2,25500000.0,Colombo,10.0,Malabe
3500,5,6,Colombo,10,2,50000000.0,Colombo,15.0,Maharagama
2700,4,4,Colombo,33,2,40000000.0,Colombo,7.0,Maharagama
2800,4,2,Colombo,10,2,39500000.0,Colombo,19.0,Kaduwela
1000,2,1,Colombo,20,1,12400000.0,Colombo,8.0,Piliyandala
5000,5,3,Colombo,25,2,31000000.0,Colombo,12.0,Kaduwela
3550,5,4,Colombo,9,2,52000000.0,Colombo,13.1,Kotte
800,3,1,Colombo,42,2,12000000.0,Colombo,6.6,Kesbewa
5400,5,2,Gampaha,4,2,29000000.0,Gampaha,10.34,Gampaha City
3773,5,4,Gampaha,31,2,26000000.0,Gampaha,11.0,Kiribathgoda
4100,5,2,Gampaha,8,2,20000000.0,Gampaha,10.0,Kadawatha
2600,4,2,Gampaha,50,2,30000000.0,Gampaha,10.0,Kadawatha
5800,4,4,Colombo,9,2,45000000.0,Colombo,20.0,Homagama
2000,4,2,Kandy,24,2,8000000.0,Kandy,20.0,Gampola
900,3,2,Colombo,4,2,12500000.0,Colombo,8.5,Kesbewa
4000,4,3,Colombo,11,2,30500000.0,Colombo,13.5,Homagama
3000,7,3,Colombo,4,4,32000000.0,Colombo,16.0,Homagama
1400,3,1,Colombo,15,2,12500000.0,Colombo,20.0,Homagama
3600,5,4,Colombo,25,2,28000000.0,Colombo,10.0,Homagama
3200,4,4,Colombo,22,2,35000000.0,Colombo,11.2,Boralesgamuwa
3854,5,4,Colombo,1,2,49000000.0,Colombo,15.0,Boralesgamuwa
2800,3,2,Colombo,39,2,33000000.0,Colombo,7.5,Boralesgamuwa
5500,5,5,Colombo,45,2,65000000.0,Colombo,10.5,Boralesgamuwa
2800,4,4,Colombo,34,2,42500000.0,Colombo,10.0,Boralesgamuwa
5000,4,4,Colombo,45,2,69000000.0,Colombo,15.21,Boralesgamuwa
3500,6,4,Colombo,4,3,48000000.0,Colombo,8.5,Boralesgamuwa
3150,4,3,Gampaha,7,2,26500000.0,Gampaha,10.5,Negombo
2700,4,3,Colombo,46,2,35000000.0,Colombo,6.0,Battaramulla
2100,3,2,Colombo,1,2,8700000.0,Colombo,8.0,Padukka
2500,5,5,Colombo,5,2,24500000.0,Colombo,6.0,Battaramulla
3150,4,3,Gampaha,3,2,26500000.0,Gampaha,10.5,Negombo
2200,4,2,Colombo,41,2,17000000.0,Colombo,7.5,Kottawa
2723,3,2,Colombo,46,2,55000000.0,Colombo,10.0,Nugegoda
3800,4,4,Colombo,48,2,62500000.0,Colombo,21.0,Nugegoda
1900,4,2,Colombo,10,2,19000000.0,Colombo,11.4,Malabe
4300,4,4,Colombo,13,2,25000000.0,Colombo,11.0,Malabe
3600,4,3,Colombo,46,2,36000000.0,Colombo,7.8,Malabe
800,3,1,Monaragala,10,2,5900000.0,Monaragala,80.0,Monaragala City
3000,5,3,Colombo,1,2,37500000.0,Colombo,16.0,Malabe
1200,2,1,Colombo,50,1,13000000.0,Colombo,6.0,Pannipitiya
1300,1,1,Anuradhapura,13,1,9500000.0,Anuradhapura,100.0,Anuradhapura City
2200,4,3,Colombo,25,2,26500000.0,Colombo,6.5,Malabe
2100,5,2,Gampaha,16,2,11000000.0,Gampaha,10.0,Negombo
4200,4,4,Colombo,13,2,49500000.0,Colombo,10.0,Talawatugoda
3300,4,4,Colombo,44,2,44000000.0,Colombo,7.7,Talawatugoda
4000,4,4,Colombo,13,2,60000000.0,Colombo,15.0,Talawatugoda
7300,6,5,Kalutara,23,3,80000000.0,Kalutara,20.0,Kalutara City
3150,4,3,Gampaha,36,2,26500000.0,Gampaha,10.5,Negombo
3500,5,4,Colombo,46,2,46000000.0,Colombo,10.5,Nugegoda
2600,4,4,Colombo,21,2,34000000.0,Colombo,9.0,Maharagama
5000,8,5,Colombo,15,4,42500000.0,Colombo,13.2,Nugegoda
2800,4,4,Colombo,17,2,27500000.0,Colombo,11.5,Malabe
4000,6,6,Colombo,5,3,65000000.0,Colombo,12.0,Nugegoda
5000,5,4,Colombo,50,2,68000000.0,Colombo,11.0,Nugegoda
3800,4,4,Colombo,30,2,47500000.0,Colombo,7.0,Nugegoda
7100,6,5,Colombo,47,3,155000000.0,Colombo,27.0,Nugegoda
2600,4,4,Colombo,7,2,29000000.0,Colombo,10.5,Malabe
4000,6,4,Colombo,4,3,55000000.0,Colombo,25.0,Moratuwa
2800,4,3,Colombo,36,2,26500000.0,Colombo,6.5,Malabe
2000,4,1,Galle,5,2,13500000.0,Galle,31.4,Galle City
3200,4,4,Colombo,47,2,36000000.0,Colombo,10.0,Malabe
1500,3,2,Colombo,10,2,16500000.0,Colombo,7.5,Athurugiriya
4000,5,4,Colombo,32,2,65000000.0,Colombo,12.5,Malabe
5600,5,5,Colombo,46,2,135000000.0,Colombo,62.0,Malabe
3100,5,3,Colombo,38,2,37500000.0,Colombo,9.0,Malabe
2675,4,3,Colombo,3,2,48000000.0,Colombo,10.12,Malabe
3200,4,4,Colombo,27,2,100000000.0,Colombo,10.0,Kotte
3500,4,4,Colombo,3,2,60000000.0,Colombo,13.0,Kotte
1200,3,2,Kalutara,16,2,18000000.0,Kalutara,7.0,Wadduwa
1250,3,1,Colombo,20,2,9800000.0,Colombo,10.0,Homagama
6400,6,5,Colombo,43,3,44000000.0,Colombo,12.4,Talawatugoda
5500,5,5,Colombo,4,2,85000000.0,Colombo,45.0,Maharagama
5500,5,6,Colombo,16,2,100000000.0,Colombo,20.0,Talawatugoda
4000,4,2,Ampara,42,2,14000000.0,Ampara,15.0,Ampara City
2500,3,2,Colombo,21,2,35000000.0,Colombo,20.0,Pannipitiya
2500,5,7,Colombo,38,2,64000000.0,Colombo,17.5,Pannipitiya
3000,4,4,Colombo,48,2,33000000.0,Colombo,8.0,Kottawa
4000,4,3,Colombo,32,2,29500000.0,Colombo,8.0,Kottawa
5500,4,4,Gampaha,11,2,55000000.0,Gampaha,13.0,Seeduwa
4000,5,3,Colombo,4,2,65000000.0,Colombo,10.0,Battaramulla
3500,4,4,Colombo,12,2,80000000.0,Colombo,16.0,Battaramulla
3800,4,4,Colombo,24,2,45000000.0,Colombo,7.0,Battaramulla
2540,4,4,Colombo,49,2,25500000.0,Colombo,6.2,Piliyandala
5600,5,6,Colombo,45,2,100000000.0,Colombo,21.1,Talawatugoda
5500,4,4,Colombo,33,2,85000000.0,Colombo,12.0,Battaramulla
3150,4,3,Gampaha,18,2,26500000.0,Gampaha,10.5,Negombo
3350,5,4,Colombo,48,2,96000000.0,Colombo,13.5,Battaramulla
4000,5,4,Colombo,28,2,75000000.0,Colombo,14.0,Battaramulla
1200,3,3,Colombo,25,2,14500000.0,Colombo,6.0,Athurugiriya
2500,3,1,Colombo,1,2,37000000.0,Colombo,15.0,Colombo 8
4000,5,3,Colombo,26,2,350000000.0,Colombo,80.0,Nugegoda
2000,3,3,Gampaha,23,2,18500000.0,Gampaha,15.0,Negombo
7351,3,1,Kalutara,19,2,5000000.0,Kalutara,27.0,Horana
2600,4,3,Colombo,42,2,25500000.0,Colombo,6.2,Piliyandala
2500,5,4,Colombo,21,2,28500000.0,Colombo,7.7,Piliyandala
3150,4,3,Gampaha,6,2,26500000.0,Gampaha,10.5,Negombo
2553,4,3,Colombo,39,2,25500000.0,Colombo,7.5,Piliyandala
1000,3,1,Colombo,14,2,32500000.0,Colombo,17.8,Rajagiriya
2550,4,3,Colombo,11,2,25500000.0,Colombo,7.5,Piliyandala
1250,3,2,Kalutara,20,2,21000000.0,Kalutara,32.0,Panadura
2000,4,4,Colombo,2,2,23500000.0,Colombo,6.0,Malabe
2500,7,4,Gampaha,36,4,23000000.0,Gampaha,20.0,Ragama
3250,5,3,Colombo,50,2,23500000.0,Colombo,7.0,Piliyandala
12000,3,1,Colombo,6,2,12000000.0,Colombo,6.5,Piliyandala
3000,4,2,Colombo,21,2,22000000.0,Colombo,15.4,Boralesgamuwa
3000,4,2,Colombo,1,2,22000000.0,Colombo,15.4,Piliyandala
2900,5,4,Colombo,48,2,36000000.0,Colombo,8.5,Piliyandala
2000,3,3,Ampara,6,2,3750000.0,Ampara,13.5,Kalmunai
4000,4,3,Colombo,20,2,56000000.0,Colombo,18.5,Piliyandala
5000,5,2,Gampaha,3,2,55920000.0,Gampaha,48.0,Kiribathgoda
2000,5,3,Colombo,22,2,63000000.0,Colombo,14.0,Battaramulla
1425,3,1,Gampaha,7,2,9900000.0,Gampaha,10.0,Negombo
1632,3,3,Colombo,39,2,18500000.0,Colombo,8.0,Piliyandala
1453,3,2,Colombo,49,2,14000000.0,Colombo,10.0,Piliyandala
2530,4,4,Colombo,6,2,25500000.0,Colombo,6.5,Piliyandala
3450,4,2,Gampaha,28,2,22000000.0,Gampaha,12.5,Kadawatha
6200,6,6,Colombo,11,3,120000000.0,Colombo,16.1,Talawatugoda
2000,4,3,Colombo,11,2,45000000.0,Colombo,10.0,Boralesgamuwa
4000,5,5,Colombo,10,2,52000000.0,Colombo,15.0,Maharagama
9000,5,5,Colombo,6,2,76000000.0,Colombo,19.5,Mount Lavinia
3500,4,4,Colombo,44,2,44000000.0,Colombo,7.7,Talawatugoda
2340,7,4,Colombo,4,4,30000000.0,Colombo,16.0,Kottawa
3800,5,3,Colombo,24,2,56000000.0,Colombo,6.06,Rajagiriya
2800,4,2,Colombo,37,2,38000000.0,Colombo,12.85,Athurugiriya
2800,5,7,Colombo,2,2,67500000.0,Colombo,17.5,Pannipitiya
500,2,1,Gampaha,1,1,7500000.0,Gampaha,10.0,Seeduwa
3000,4,4,Colombo,6,2,27000000.0,Colombo,20.0,Malabe
2800,4,3,Colombo,15,2,39500000.0,Colombo,10.0,Nugegoda
3500,6,4,Colombo,4,3,60000000.0,Colombo,10.0,Kohuwala
1400,3,2,Colombo,24,2,11000000.0,Colombo,10.0,Homagama
1500,3,1,Ratnapura,42,2,4350000.0,Ratnapura,10.0,Ratnapura City
3000,5,4,Colombo,49,2,45000000.0,Colombo,10.0,Kotte
2300,4,3,Gampaha,23,2,29000000.0,Gampaha,6.5,Kadawatha
1750,3,1,Colombo,7,2,48000000.0,Colombo,22.5,Kottawa
2500,4,1,Badulla,10,2,6500000.0,Badulla,12.0,Welimada
1200,2,1,Colombo,14,1,18000000.0,Colombo,6.0,Ratmalana
3150,4,3,Gampaha,8,2,26500000.0,Gampaha,10.5,Negombo
1450,2,1,Gampaha,8,1,15000000.0,Gampaha,10.5,Negombo
2200,4,3,Colombo,9,2,22500000.0,Colombo,6.3,Malabe
2500,5,3,Colombo,4,2,17500000.0,Colombo,10.0,Kottawa
2500,4,2,Gampaha,35,2,28500000.0,Gampaha,12.0,Wattala
1500,8,2,Gampaha,9,4,13500000.0,Gampaha,6.8,Kelaniya
2600,4,4,Colombo,14,2,29000000.0,Colombo,10.5,Athurugiriya
2200,4,3,Colombo,10,2,19000000.0,Colombo,10.0,Kesbewa
2800,4,4,Colombo,8,2,28000000.0,Colombo,10.0,Athurugiriya
2000,4,2,Colombo,26,2,20000000.0,Colombo,4.5,Boralesgamuwa
8000,8,4,Colombo,8,4,94800000.0,Colombo,31.6,Moratuwa
3000,4,4,Colombo,19,2,53000000.0,Colombo,16.0,Talawatugoda
1200,3,2,Colombo,10,2,23000000.0,Colombo,10.0,Boralesgamuwa
3000,6,4,Colombo,3,3,47500000.0,Colombo,10.0,Nugegoda
3050,5,4,Colombo,20,2,47000000.0,Colombo,11.7,Battaramulla
3000,5,4,Colombo,4,2,75000000.0,Colombo,9.15,Battaramulla
3000,4,4,Colombo,23,2,60000000.0,Colombo,15.0,Talawatugoda
2500,5,3,Colombo,1,2,17500000.0,Colombo,10.0,Kottawa
4300,4,4,Colombo,21,2,25000000.0,Colombo,11.0,Kaduwela
2900,4,3,Colombo,44,2,33000000.0,Colombo,8.0,Kottawa
3600,6,5,Colombo,4,3,33500000.0,Colombo,16.0,Kottawa
1461,3,1,Galle,38,2,15000000.0,Galle,12.0,Karapitiya
1800,5,3,Colombo,19,2,26500000.0,Colombo,9.15,Maharagama
2600,4,4,Colombo,25,2,23000000.0,Colombo,7.0,Malabe
3800,6,4,Colombo,4,3,29500000.0,Colombo,13.0,Kottawa
1800,4,4,Colombo,46,2,17500000.0,Colombo,7.5,Kottawa
3000,4,4,Colombo,12,2,36000000.0,Colombo,10.0,Malabe
4440,3,3,Colombo,41,2,320000000.0,Colombo,19.0,Colombo 7
3600,6,5,Colombo,18,3,33500000.0,Colombo,16.0,Kottawa
4000,6,4,Colombo,17,3,52500000.0,Colombo,8.0,Colombo 5
1550,3,2,Gampaha,3,2,17000000.0,Gampaha,11.0,Negombo
3150,4,3,Gampaha,2,2,26500000.0,Gampaha,10.5,Negombo
817,4,3,Colombo,7,2,6000000.0,Colombo,3.0,Colombo 15
2200,6,2,Colombo,44,3,41000000.0,Colombo,9.6,Maharagama
2524,5,4,Colombo,4,2,49500000.0,Colombo,10.0,Maharagama
2000,4,2,Colombo,2,2,16000000.0,Colombo,17.0,Godagama
2500,4,4,Colombo,11,2,23500000.0,Colombo,6.2,Malabe
2005,4,4,Colombo,9,2,21000000.0,Colombo,6.0,Athurugiriya
2067,5,4,Colombo,10,2,22000000.0,Colombo,6.0,Athurugiriya
4000,5,3,Colombo,45,2,190000000.0,Colombo,30.0,Colombo 6
2500,4,4,Colombo,7,2,25500000.0,Colombo,6.2,Piliyandala
1500,3,3,Colombo,16,2,17500000.0,Colombo,10.0,Piliyandala
2000,3,2,Gampaha,35,2,18000000.0,Gampaha,7.0,Kiribathgoda
2800,5,7,Colombo,37,2,64000000.0,Colombo,17.5,Talawatugoda
3500,5,5,Colombo,50,2,40000000.0,Colombo,11.0,Talawatugoda
1500,3,2,Colombo,1,2,14000000.0,Colombo,10.0,Piliyandala
1500,3,3,Colombo,16,2,14000000.0,Colombo,8.0,Piliyandala
1100,3,2,Colombo,11,2,14200000.0,Colombo,7.86,Malabe
1250,3,3,Colombo,22,2,16500000.0,Colombo,7.5,Malabe
1524,3,3,Colombo,5,2,14000000.0,Colombo,10.0,Piliyandala
3412,5,4,Colombo,25,2,34000000.0,Colombo,16.0,Kottawa
1542,3,3,Colombo,27,2,14000000.0,Colombo,8.0,Piliyandala
1500,3,3,Colombo,10,2,18500000.0,Colombo,7.5,Malabe
1900,3,3,Colombo,14,2,19000000.0,Colombo,11.4,Malabe
1542,3,2,Colombo,15,2,14000000.0,Colombo,8.0,Piliyandala
1542,3,2,Colombo,19,2,14000000.0,Colombo,10.0,Piliyandala
2541,3,3,Colombo,10,2,21500000.0,Colombo,9.5,Piliyandala
2000,5,2,Galle,3,2,7200000.0,Galle,20.0,Batapola
2591,4,3,Colombo,6,2,25500000.0,Colombo,7.5,Piliyandala
1500,3,2,Colombo,41,2,63000000.0,Colombo,7.0,Colombo 6
2300,3,3,Colombo,44,2,35000000.0,Colombo,6.0,Battaramulla
2000,3,2,Gampaha,14,2,19500000.0,Gampaha,12.5,Negombo
2100,5,2,Gampaha,31,2,11000000.0,Gampaha,10.0,Negombo
1390,3,1,Gampaha,39,2,9900000.0,Gampaha,10.0,Negombo
3150,4,3,Gampaha,50,2,26500000.0,Gampaha,10.5,Negombo
1610,3,2,Gampaha,7,2,20500000.0,Gampaha,10.0,Negombo
2400,3,1,Gampaha,17,2,15000000.0,Gampaha,22.0,Veyangoda
2965,4,4,Colombo,16,2,25500000.0,Colombo,7.5,Piliyandala
3142,4,4,Colombo,4,2,33500000.0,Colombo,10.0,Piliyandala
2986,4,4,Colombo,3,2,26000000.0,Colombo,7.5,Piliyandala
2874,4,4,Colombo,4,2,24800000.0,Colombo,6.0,Piliyandala
1000,2,1,Colombo,30,1,8800000.0,Colombo,2.25,Dehiwala
2896,4,4,Colombo,29,2,25500000.0,Colombo,6.0,Piliyandala
2900,6,4,Colombo,25,3,55000000.0,Colombo,8.1,Dehiwala
4000,3,2,Colombo,40,2,55000000.0,Colombo,13.5,Mount Lavinia
1500,4,2,Galle,8,2,11000000.0,Galle,34.0,Ambalangoda
4500,5,5,Kandy,8,2,85000000.0,Kandy,12.5,Kandy City
1560,3,2,Colombo,11,2,7500000.0,Colombo,3.2,Rajagiriya
1600,4,4,Colombo,10,2,14500000.0,Colombo,8.14,Maharagama
1300,6,2,Colombo,47,3,25000000.0,Colombo,7.5,Dehiwala
1800,3,2,Colombo,38,2,14500000.0,Colombo,9.7,Maharagama
3500,5,5,Colombo,6,2,85000000.0,Colombo,16.0,Battaramulla
2200,4,3,Colombo,2,2,26500000.0,Colombo,6.5,Malabe
3500,5,5,Colombo,18,2,40000000.0,Colombo,11.0,Talawatugoda
1500,2,2,Colombo,20,1,39500000.0,Colombo,12.0,Moratuwa
3000,4,4,Colombo,17,2,33000000.0,Colombo,8.0,Piliyandala
1800,3,2,Kalutara,40,2,22000000.0,Kalutara,11.85,Panadura
1600,3,2,Gampaha,14,2,20500000.0,Gampaha,10.0,Negombo
2880,4,3,Colombo,5,2,28500000.0,Colombo,8.5,Athurugiriya
3000,4,3,Gampaha,46,2,25000000.0,Gampaha,10.0,Negombo
2800,4,4,Colombo,32,2,28000000.0,Colombo,10.0,Malabe
3500,4,3,Gampaha,7,2,26500000.0,Gampaha,10.0,Negombo
2500,5,2,Colombo,29,2,19500000.0,Colombo,14.0,Piliyandala
2800,4,3,Colombo,17,2,27500000.0,Colombo,11.5,Malabe
2750,4,2,Gampaha,15,2,13000000.0,Gampaha,11.0,Negombo
2600,4,4,Colombo,30,2,29000000.0,Colombo,10.5,Malabe
3500,4,3,Gampaha,25,2,26500000.0,Gampaha,10.0,Negombo
3760,5,4,Colombo,9,2,58000000.0,Colombo,10.2,Nugegoda
1950,3,3,Colombo,10,2,19000000.0,Colombo,7.5,Kottawa
2200,4,3,Colombo,45,2,22500000.0,Colombo,6.3,Malabe
2460,4,3,Colombo,38,2,22500000.0,Colombo,8.0,Kottawa
3500,4,3,Gampaha,1,2,26500000.0,Gampaha,10.0,Negombo
3000,5,3,Colombo,25,2,75000000.0,Colombo,22.5,Malabe
1204,4,1,Matale,39,2,4500000.0,Matale,12.5,Matale City
2480,4,4,Colombo,7,2,26500000.0,Colombo,7.5,Pannipitiya
1400,3,2,Colombo,13,2,13500000.0,Colombo,10.0,Kottawa
1500,3,3,Colombo,3,2,17500000.0,Colombo,10.0,Piliyandala
2300,3,2,Kegalle,50,2,6500000.0,Kegalle,11.0,Mawanella
3500,5,4,Colombo,12,2,34500000.0,Colombo,7.5,Malabe
3870,4,4,Colombo,16,2,42500000.0,Colombo,10.1,Talawatugoda
2000,4,3,Colombo,37,2,23500000.0,Colombo,6.0,Malabe
900,3,1,Colombo,20,2,25000000.0,Colombo,25.0,Piliyandala
5000,5,5,Colombo,40,2,120000000.0,Colombo,95.0,Malabe
1200,2,1,Gampaha,12,1,3600000.0,Gampaha,6.5,Ganemulla
3000,4,4,Colombo,14,2,21000000.0,Colombo,8.0,Maharagama
1200,2,2,Colombo,4,1,11000000.0,Colombo,3.0,Angoda
3800,5,4,Colombo,18,2,47500000.0,Colombo,7.0,Kohuwala
2400,4,3,Gampaha,23,2,6900000.0,Gampaha,8.0,Wattala
3300,4,4,Colombo,1,2,55000000.0,Colombo,8.55,Dehiwala
5000,4,4,Colombo,29,2,140000000.0,Colombo,15.0,Nugegoda
1200,4,2,Gampaha,10,2,18000000.0,Gampaha,14.0,Ja-Ela
9000,6,7,Colombo,6,3,290000000.0,Colombo,30.0,Battaramulla
900,2,1,Kalutara,25,1,5200000.0,Kalutara,15.5,Horana
4800,6,5,Colombo,36,3,152000000.0,Colombo,18.0,Nawala
3000,5,3,Gampaha,4,2,27500000.0,Gampaha,5.2,Kelaniya
6000,5,4,Matara,30,2,42000000.0,Matara,12.5,Matara City
5000,4,3,Colombo,43,2,195000000.0,Colombo,20.0,Colombo 5
2122,5,3,Colombo,42,2,39500000.0,Colombo,7.75,Dehiwala
4000,4,4,Gampaha,50,2,27500000.0,Gampaha,20.0,Kadawatha
4500,4,3,Kandy,9,2,29000000.0,Kandy,11.0,Kandy City
1300,2,1,Gampaha,6,1,15000000.0,Gampaha,10.0,Negombo
3500,5,3,Colombo,31,2,159000000.0,Colombo,16.3,Colombo 5
3500,4,3,Colombo,41,2,100000000.0,Colombo,20.5,Nugegoda
2100,4,2,Colombo,17,2,7800000.0,Colombo,6.0,Angoda
1500,2,1,Colombo,25,1,6800000.0,Colombo,6.0,Kottawa
2100,4,2,Colombo,47,2,32000000.0,Colombo,10.0,Moratuwa
3150,4,3,Gampaha,7,2,26500000.0,Gampaha,10.5,Negombo
3200,4,4,Gampaha,20,2,65000000.0,Gampaha,54.0,Ragama
2000,4,2,Colombo,26,2,18500000.0,Colombo,14.0,Pannipitiya
1600,3,1,Kurunegala,2,2,16000000.0,Kurunegala,20.0,Kurunegala City
2000,3,2,Kandy,7,2,21000000.0,Kandy,9.0,Kandy City
1280,3,2,Kandy,6,2,7000000.0,Kandy,15.0,Peradeniya
800,3,2,Colombo,9,2,14500000.0,Colombo,5.3,Mount Lavinia
2352,4,3,Colombo,23,2,90000000.0,Colombo,14.2,Colombo 5
2200,5,3,Galle,26,2,20000000.0,Galle,20.35,Ambalangoda
2850,4,3,Colombo,46,2,49500000.0,Colombo,10.12,Malabe
3600,4,3,Colombo,25,2,36000000.0,Colombo,7.8,Malabe
4300,4,4,Colombo,18,2,25000000.0,Colombo,11.0,Malabe
2200,4,3,Colombo,46,2,23000000.0,Colombo,7.0,Athurugiriya
2600,4,3,Colombo,4,2,19000000.0,Colombo,18.2,Athurugiriya
4800,4,3,Colombo,12,2,25000000.0,Colombo,11.0,Kaduwela
1100,5,2,Colombo,35,2,26000000.0,Colombo,4.0,Mount Lavinia
2450,4,2,Gampaha,2,2,26500000.0,Gampaha,10.0,Kelaniya
1500,2,2,Colombo,30,1,39000000.0,Colombo,12.0,Moratuwa
2850,3,3,Gampaha,25,2,26500000.0,Gampaha,43.0,Negombo
3150,4,3,Gampaha,5,2,26500000.0,Gampaha,10.5,Negombo
4100,5,4,Colombo,37,2,28500000.0,Colombo,10.0,Kesbewa
2800,6,3,Colombo,30,3,30000000.0,Colombo,11.5,Malabe
3000,5,4,Colombo,35,2,75000000.0,Colombo,9.15,Battaramulla
3150,4,3,Gampaha,38,2,26500000.0,Gampaha,10.5,Negombo
3400,6,5,Colombo,45,3,29000000.0,Colombo,8.0,Moratuwa
3900,4,4,Colombo,14,2,49500000.0,Colombo,10.0,Battaramulla
4000,5,3,Colombo,43,2,65000000.0,Colombo,10.0,Battaramulla
2000,4,2,Colombo,40,2,28000000.0,Colombo,10.5,Battaramulla
8500,5,4,Gampaha,36,2,80000000.0,Gampaha,40.0,Ja-Ela
3900,4,4,Colombo,1,2,49500000.0,Colombo,10.0,Pannipitiya
1100,3,2,Colombo,2,2,14200000.0,Colombo,7.86,Malabe
2500,5,3,Colombo,7,2,22500000.0,Colombo,10.0,Malabe
5600,7,6,Kandy,3,4,60000000.0,Kandy,40.0,Peradeniya
1500,4,2,Colombo,19,2,14500000.0,Colombo,26.0,Kaduwela
1500,4,2,Colombo,41,2,14500000.0,Colombo,26.0,Hanwella
1200,3,1,Colombo,9,2,16500000.0,Colombo,15.5,Kottawa
1800,2,1,Gampaha,15,1,8500000.0,Gampaha,12.0,Negombo
650,3,1,Galle,49,2,3500000.0,Galle,30.0,Elpitiya
850,5,2,Colombo,48,2,30000000.0,Colombo,10.0,Mount Lavinia
2259,5,3,Colombo,49,2,16500000.0,Colombo,13.0,Piliyandala
1850,3,2,Colombo,5,2,47500000.0,Colombo,6.5,Nawala
800,3,2,Colombo,35,2,25000000.0,Colombo,10.5,Ratmalana
2400,4,4,Colombo,32,2,26000000.0,Colombo,10.5,Malabe
700,3,1,Colombo,3,2,10500000.0,Colombo,5.5,Mount Lavinia
1500,3,2,Colombo,45,2,26000000.0,Colombo,6.0,Dehiwala
2200,4,3,Colombo,1,2,26500000.0,Colombo,6.5,Malabe
1300,3,1,Gampaha,50,2,8000000.0,Gampaha,16.0,Negombo
2100,3,1,Kalutara,2,2,7500000.0,Kalutara,8.0,Panadura
4600,5,5,Colombo,4,2,165000000.0,Colombo,8.5,Colombo 5
1000,2,1,Hambantota,47,1,6000000.0,Hambantota,10.0,Ambalantota
3900,4,4,Colombo,2,2,49500000.0,Colombo,10.0,Talawatugoda
2000,3,2,Colombo,26,2,37000000.0,Colombo,17.5,Nugegoda
1500,5,2,Badulla,12,2,7000000.0,Badulla,20.0,Bandarawela
1085,3,2,Kandy,9,2,17500000.0,Kandy,8.08,Kandy City
1800,3,2,Colombo,9,2,18500000.0,Colombo,9.0,Kaduwela
2100,4,4,Gampaha,2,2,31500000.0,Gampaha,13.2,Negombo
1200,2,1,Gampaha,15,1,3600000.0,Gampaha,6.5,Ganemulla
3850,4,2,Colombo,10,2,33000000.0,Colombo,10.0,Piliyandala
1300,2,1,Gampaha,37,1,15000000.0,Gampaha,10.5,Negombo
1390,3,1,Gampaha,20,2,9900000.0,Gampaha,10.0,Negombo
3150,4,3,Gampaha,5,2,26500000.0,Gampaha,10.5,Negombo
3500,5,4,Colombo,5,2,55000000.0,Colombo,7.96,Mount Lavinia
3000,5,3,Colombo,36,2,40000000.0,Colombo,14.0,Kohuwala
2600,4,3,Colombo,6,2,25500000.0,Colombo,6.2,Piliyandala
3000,4,4,Colombo,7,2,36000000.0,Colombo,10.0,Malabe
1400,3,1,Colombo,5,2,13500000.0,Colombo,14.0,Piliyandala
1400,3,1,Colombo,12,2,13500000.0,Colombo,14.0,Piliyandala
2400,4,3,Colombo,4,2,26000000.0,Colombo,7.0,Piliyandala
2500,5,3,Colombo,4,2,40000000.0,Colombo,8.5,Dehiwala
3000,4,2,Gampaha,18,2,21000000.0,Gampaha,8.0,Wattala
1700,4,2,Colombo,43,2,20000000.0,Colombo,7.0,Angoda
3800,7,4,Colombo,16,4,27000000.0,Colombo,10.0,Malabe
1800,3,3,Colombo,41,2,23000000.0,Colombo,8.0,Piliyandala
2200,4,3,Colombo,44,2,22500000.0,Colombo,6.3,Malabe
2200,4,2,Colombo,41,2,24000000.0,Colombo,6.5,Nugegoda
4200,4,4,Colombo,46,2,49500000.0,Colombo,10.0,Talawatugoda
2300,5,3,Colombo,43,2,25000000.0,Colombo,10.0,Piliyandala
3200,4,4,Colombo,43,2,36000000.0,Colombo,10.0,Malabe
1250,3,2,Colombo,26,2,16500000.0,Colombo,7.5,Malabe
2500,4,3,Colombo,1,2,26500000.0,Colombo,6.5,Malabe
4500,5,4,Colombo,31,2,115000000.0,Colombo,22.0,Battaramulla
1200,4,1,Gampaha,31,2,20000000.0,Gampaha,7.8,Wattala
1400,2,1,Colombo,44,1,14500000.0,Colombo,7.0,Maharagama
4000,4,3,Colombo,16,2,55000000.0,Colombo,21.0,Battaramulla
4220,3,1,Matara,36,2,10800000.0,Matara,15.5,Matara City
2800,5,7,Colombo,7,2,64000000.0,Colombo,17.5,Talawatugoda
2800,4,4,Colombo,3,2,28000000.0,Colombo,10.0,Malabe
2600,4,4,Colombo,1,2,29000000.0,Colombo,10.0,Malabe
5173,3,1,Gampaha,25,2,13500000.0,Gampaha,19.4,Kadawatha
1907,3,1,Gampaha,42,2,6000000.0,Gampaha,7.0,Kadawatha
2500,5,3,Colombo,8,2,17500000.0,Colombo,10.0,Kottawa
4000,5,3,Colombo,39,2,66000000.0,Colombo,29.0,Malabe
3600,6,5,Colombo,5,3,33500000.0,Colombo,16.0,Kottawa
3500,5,4,Colombo,37,2,109150000.0,Colombo,59.0,Talawatugoda
4000,5,3,Colombo,9,2,66000000.0,Colombo,29.0,Battaramulla
2680,4,4,Colombo,49,2,27000000.0,Colombo,8.0,Kottawa
8712,4,3,Gampaha,1,2,26500000.0,Gampaha,3200.0,Kadawatha
2800,4,4,Colombo,24,2,28000000.0,Colombo,10.0,Athurugiriya
2750,5,3,Colombo,23,2,52500000.0,Colombo,12.2,Battaramulla
2000,3,3,Colombo,29,2,20500000.0,Colombo,6.5,Athurugiriya
1500,3,2,Colombo,47,2,16500000.0,Colombo,7.5,Athurugiriya
3800,4,4,Colombo,11,2,55000000.0,Colombo,12.2,Battaramulla
4000,5,5,Colombo,40,2,36000000.0,Colombo,6.0,Maharagama
3500,4,3,Gampaha,2,2,26500000.0,Gampaha,10.0,Negombo
2500,3,1,Gampaha,4,2,25000000.0,Gampaha,20.0,Negombo
3150,4,3,Gampaha,37,2,26500000.0,Gampaha,10.5,Negombo
1200,3,2,Colombo,7,2,9500000.0,Colombo,5.0,Boralesgamuwa
1500,3,3,Colombo,23,2,33000000.0,Colombo,6.0,Nugegoda
1200,3,3,Colombo,43,2,14500000.0,Colombo,6.0,Athurugiriya
2067,5,4,Colombo,8,2,22000000.0,Colombo,6.0,Athurugiriya
2750,4,2,Gampaha,4,2,13000000.0,Gampaha,11.0,Negombo
2500,5,7,Colombo,47,2,64000000.0,Colombo,17.5,Talawatugoda
4630,5,4,Colombo,44,2,65000000.0,Colombo,7.47,Kolonnawa
3000,4,3,Colombo,2,2,110000000.0,Colombo,50.0,Talawatugoda
1750,3,1,Gampaha,9,2,37800000.0,Gampaha,13.5,Negombo
3300,4,4,Colombo,4,2,44000000.0,Colombo,7.7,Talawatugoda
4000,4,4,Colombo,23,2,60000000.0,Colombo,15.0,Talawatugoda
3900,4,4,Colombo,46,2,49500000.0,Colombo,10.0,Talawatugoda
3000,4,4,Colombo,17,2,53000000.0,Colombo,16.0,Talawatugoda
2800,5,7,Colombo,5,2,64000000.0,Colombo,17.5,Talawatugoda
3500,5,5,Colombo,8,2,40000000.0,Colombo,11.0,Talawatugoda
2500,3,2,Gampaha,47,2,19000000.0,Gampaha,26.5,Negombo
2200,4,4,Colombo,32,2,23500000.0,Colombo,7.0,Malabe
1271,3,2,Colombo,12,2,26500000.0,Colombo,7.0,Malabe
1700,3,2,Colombo,12,2,16500000.0,Colombo,6.5,Angoda
1120,3,2,Colombo,47,2,17500000.0,Colombo,7.0,Athurugiriya
7100,7,6,Colombo,17,4,155000000.0,Colombo,27.0,Nugegoda
2005,4,4,Colombo,11,2,27500000.0,Colombo,11.5,Malabe
2200,4,3,Colombo,38,2,26500000.0,Colombo,6.5,Malabe
2500,5,4,Colombo,8,2,28500000.0,Colombo,7.7,Piliyandala
3000,4,3,Gampaha,11,2,25000000.0,Gampaha,10.0,Negombo
4500,5,4,Colombo,40,2,115000000.0,Colombo,22.0,Talawatugoda
1300,3,2,Colombo,25,2,18200000.0,Colombo,7.5,Malabe
1900,3,2,Colombo,43,2,19000000.0,Colombo,11.4,Malabe
1500,3,3,Colombo,45,2,18500000.0,Colombo,7.5,Malabe
3100,4,4,Colombo,8,2,36000000.0,Colombo,8.5,Piliyandala
1300,3,1,Colombo,10,2,9000000.0,Colombo,8.0,Angoda
1600,3,2,Gampaha,42,2,17000000.0,Gampaha,11.0,Negombo
1400,3,1,Gampaha,8,2,9900000.0,Gampaha,10.0,Negombo
2000,3,3,Gampaha,21,2,20500000.0,Gampaha,10.0,Negombo
3500,4,3,Gampaha,33,2,30000000.0,Gampaha,20.0,Negombo
2300,4,3,Colombo,11,2,33500000.0,Colombo,36.5,Talawatugoda
1300,2,1,Colombo,40,1,27500000.0,Colombo,10.0,Battaramulla
2100,4,4,Gampaha,33,2,31500000.0,Gampaha,13.2,Negombo
2200,4,3,Colombo,18,2,26000000.0,Colombo,7.0,Piliyandala
1500,4,1,Kandy,2,2,6500000.0,Kandy,12.0,Gampola
2500,4,4,Colombo,20,2,25500000.0,Colombo,6.2,Piliyandala
2500,4,4,Colombo,43,2,24800000.0,Colombo,6.2,Piliyandala
3000,5,4,Colombo,20,2,27000000.0,Colombo,6.5,Piliyandala
3000,4,4,Colombo,19,2,25500000.0,Colombo,7.0,Piliyandala
3000,3,3,Colombo,1,2,26000000.0,Colombo,10.5,Piliyandala
1250,3,2,Colombo,26,2,12800000.0,Colombo,6.5,Piliyandala
2500,4,4,Colombo,4,2,25500000.0,Colombo,6.2,Piliyandala
1542,3,3,Colombo,22,2,18500000.0,Colombo,8.0,Piliyandala
1500,3,3,Colombo,43,2,16000000.0,Colombo,9.5,Piliyandala
1800,3,3,Gampaha,9,2,11000000.0,Gampaha,13.0,Negombo
2560,3,3,Colombo,40,2,26500000.0,Colombo,10.0,Piliyandala
1500,3,3,Colombo,41,2,17500000.0,Colombo,8.0,Piliyandala
1500,3,2,Colombo,12,2,14000000.0,Colombo,8.0,Piliyandala
4000,5,4,Colombo,18,2,261000000.0,Colombo,18.0,Colombo 7
5300,4,6,Colombo,48,2,140000000.0,Colombo,24.5,Dehiwala
1550,3,2,Colombo,11,2,14000000.0,Colombo,10.0,Piliyandala
1550,3,3,Colombo,3,2,17500000.0,Colombo,12.0,Piliyandala
2865,4,4,Colombo,21,2,24000000.0,Colombo,8.0,Piliyandala
2996,5,4,Colombo,20,2,27000000.0,Colombo,10.0,Piliyandala
2875,3,3,Colombo,21,2,16000000.0,Colombo,10.0,Piliyandala
2875,4,4,Colombo,50,2,25500000.0,Colombo,6.0,Piliyandala
1652,3,3,Colombo,13,2,14000000.0,Colombo,8.0,Piliyandala
2865,3,3,Colombo,44,2,14000000.0,Colombo,8.0,Piliyandala
2965,4,4,Colombo,15,2,26000000.0,Colombo,7.0,Piliyandala
2986,4,4,Colombo,44,2,25500000.0,Colombo,6.0,Piliyandala
2986,4,4,Colombo,15,2,24800000.0,Colombo,6.0,Piliyandala
2986,4,4,Colombo,50,2,26000000.0,Colombo,7.5,Piliyandala
2986,4,4,Colombo,5,2,28000000.0,Colombo,10.0,Piliyandala
1542,3,2,Colombo,47,2,14000000.0,Colombo,10.0,Piliyandala
2875,4,5,Colombo,38,2,25500000.0,Colombo,7.0,Piliyandala
1099,3,2,Gampaha,15,2,10999999.0,Gampaha,5.0,Wattala
4100,4,5,Kandy,4,2,44500000.0,Kandy,10.0,Kandy City
3800,5,2,Colombo,49,2,80000000.0,Colombo,20.0,Ratmalana
2000,3,2,Kalutara,24,2,16000000.0,Kalutara,10.0,Panadura
1700,4,2,Colombo,47,2,20000000.0,Colombo,10.0,Ratmalana
2300,3,3,Colombo,12,2,16500000.0,Colombo,10.1,Talawatugoda
1800,4,1,Colombo,11,2,35500000.0,Colombo,58.0,Piliyandala
4500,4,4,Colombo,33,2,135000000.0,Colombo,14.5,Nugegoda
800,3,1,Colombo,5,2,7200000.0,Colombo,6.5,Piliyandala
3200,4,2,Gampaha,35,2,27500000.0,Gampaha,10.0,Ja-Ela
4500,5,4,Colombo,20,2,115000000.0,Colombo,22.0,Battaramulla
2500,4,2,Colombo,16,2,20000000.0,Colombo,12.0,Piliyandala
2900,5,4,Colombo,1,2,58000000.0,Colombo,8.5,Nawala
2000,3,3,Colombo,4,2,23500000.0,Colombo,7.0,Kottawa
1450,3,2,Colombo,9,2,15000000.0,Colombo,7.0,Kesbewa
1450,3,2,Colombo,8,2,15000000.0,Colombo,7.0,Kottawa
2900,4,3,Colombo,12,2,33000000.0,Colombo,8.0,Kottawa
800,2,1,Gampaha,21,1,4800000.0,Gampaha,23.0,Gampaha City
4000,8,7,Colombo,42,4,50000000.0,Colombo,8.8,Boralesgamuwa
800,2,2,Colombo,28,1,22500000.0,Colombo,4.0,Mount Lavinia
400,2,1,Colombo,30,1,15000000.0,Colombo,2.66,Colombo 5
1650,3,2,Colombo,41,2,14500000.0,Colombo,10.0,Piliyandala
450,3,2,Colombo,44,2,14000000.0,Colombo,2.0,Dehiwala
3200,6,4,Colombo,32,3,29800000.0,Colombo,6.3,Homagama
1000,2,1,Kurunegala,21,1,6500000.0,Kurunegala,20.0,Wariyapola
1550,3,2,Gampaha,18,2,17000000.0,Gampaha,11.0,Negombo
2431,3,3,Colombo,22,2,21000000.0,Colombo,7.0,Piliyandala
2350,5,4,Colombo,40,2,47500000.0,Colombo,11.7,Kotte
1200,3,1,Gampaha,1,2,6750000.0,Gampaha,15.0,Nittambuwa
2000,3,3,Gampaha,2,2,12000000.0,Gampaha,12.5,Negombo
3150,4,3,Gampaha,34,2,26500000.0,Gampaha,10.5,Negombo
975,2,1,Gampaha,21,1,4200000.0,Gampaha,2.1,Kelaniya
1064,3,2,Badulla,2,2,8800000.0,Badulla,19.0,Ella
1100,3,2,Colombo,5,2,70000000.0,Colombo,7.0,Dehiwala
1400,3,1,Gampaha,15,2,9000000.0,Gampaha,8.0,Katunayake
2750,5,4,Colombo,7,2,44000000.0,Colombo,20.0,Maharagama
1350,2,2,Colombo,43,1,15000000.0,Colombo,5.0,Dehiwala
1500,3,2,Gampaha,16,2,14500000.0,Gampaha,13.0,Kelaniya
5000,7,5,Colombo,7,4,63500000.0,Colombo,6.5,Colombo 6
6500,5,4,Gampaha,5,2,45000000.0,Gampaha,30.0,Negombo
1700,3,1,Gampaha,4,2,47600000.0,Gampaha,13.5,Negombo
1500,3,1,Gampaha,2,2,7500000.0,Gampaha,5.0,Negombo
1425,3,1,Gampaha,7,2,9900000.0,Gampaha,10.0,Negombo
2000,3,2,Gampaha,8,2,19500000.0,Gampaha,12.5,Negombo
3150,4,3,Gampaha,42,2,26500000.0,Gampaha,10.5,Negombo
2700,3,2,Colombo,49,2,60000000.0,Colombo,20.0,Pannipitiya
850,2,1,Galle,14,1,5500000.0,Galle,8.0,Galle City
1500,3,2,Colombo,44,2,58590000.0,Colombo,18.6,Ratmalana
2228,3,2,Kalutara,20,2,16000000.0,Kalutara,8.0,Panadura
3100,5,3,Colombo,19,2,27000000.0,Colombo,24.0,Athurugiriya
3500,5,4,Colombo,10,2,49500000.0,Colombo,15.0,Dehiwala
3750,4,2,Gampaha,30,2,30000000.0,Gampaha,14.5,Kandana
1906,3,1,Kalutara,38,2,3000000.0,Kalutara,7.0,Wadduwa
3100,5,3,Colombo,46,2,27000000.0,Colombo,24.0,Malabe
1500,3,2,Gampaha,35,2,9800000.0,Gampaha,20.0,Gampaha City
1600,5,2,Kalutara,34,2,30000000.0,Kalutara,40.0,Kalutara City
3150,4,3,Gampaha,9,2,26500000.0,Gampaha,10.5,Negombo
1550,3,2,Gampaha,10,2,17000000.0,Gampaha,11.0,Negombo
2593,4,3,Colombo,46,2,25500000.0,Colombo,7.5,Piliyandala
1800,6,2,Kurunegala,2,3,10000000.0,Kurunegala,28.0,Kurunegala City
2700,3,2,Colombo,15,2,42500000.0,Colombo,15.0,Pannipitiya
4000,6,3,Colombo,46,3,24000000.0,Colombo,13.0,Pannipitiya
2691,5,4,Colombo,41,2,25500000.0,Colombo,7.5,Piliyandala
3500,5,3,Colombo,21,2,27000000.0,Colombo,16.0,Athurugiriya
2023,2,2,Colombo,12,1,25000000.0,Colombo,7.43,Dehiwala
2632,4,3,Colombo,24,2,25500000.0,Colombo,7.5,Piliyandala
2435,4,4,Colombo,44,2,24800000.0,Colombo,6.5,Piliyandala
2552,4,4,Colombo,36,2,28500000.0,Colombo,8.5,Piliyandala
800,3,1,Gampaha,3,2,16500000.0,Gampaha,15.5,Kiribathgoda
4000,5,4,Colombo,32,2,53000000.0,Colombo,10.0,Malabe
2469,4,4,Colombo,2,2,25500000.0,Colombo,6.5,Piliyandala
1593,3,3,Colombo,17,2,18500000.0,Colombo,8.5,Piliyandala
1599,3,3,Colombo,36,2,18500000.0,Colombo,8.5,Piliyandala
5000,7,5,Colombo,50,4,68000000.0,Colombo,11.0,Kohuwala
1301,3,2,Ratnapura,3,2,9000000.0,Ratnapura,21.0,Kuruwita
2000,3,1,Gampaha,30,2,15000000.0,Gampaha,18.0,Ja-Ela
2000,5,2,Gampaha,8,2,11000000.0,Gampaha,10.0,Negombo
2000,3,2,Colombo,7,2,19000000.0,Colombo,12.5,Kaduwela
3150,4,3,Gampaha,29,2,26500000.0,Gampaha,10.5,Negombo
3600,6,5,Kandy,17,3,55000000.0,Kandy,32.0,Kandy City
3500,5,2,Anuradhapura,1,2,45000000.0,Anuradhapura,20.0,Anuradhapura City
2650,4,3,Colombo,6,2,28000000.0,Colombo,10.0,Homagama
1700,4,2,Colombo,16,2,6000000.0,Colombo,40.0,Padukka
2600,4,4,Colombo,27,2,23000000.0,Colombo,7.0,Malabe
1400,2,1,Gampaha,3,1,8800000.0,Gampaha,10.0,Ganemulla
2000,2,2,Kalutara,42,1,13500000.0,Kalutara,10.0,Beruwala
2850,3,3,Gampaha,13,2,26500000.0,Gampaha,43.0,Negombo
3012,4,4,Colombo,46,2,27500000.0,Colombo,8.0,Piliyandala
550,2,1,Colombo,16,1,4000000.0,Colombo,5.0,Colombo 10
3150,3,2,Gampaha,25,2,16500000.0,Gampaha,12.5,Negombo
2360,3,1,Colombo,7,2,20000000.0,Colombo,10.79,Piliyandala
1196,4,1,Hambantota,43,2,4800000.0,Hambantota,24.0,Tangalla
3000,5,3,Colombo,44,2,37000000.0,Colombo,15.0,Malabe
1400,3,2,Colombo,2,2,21000000.0,Colombo,13.99,Malabe
2000,3,2,Gampaha,8,2,19500000.0,Gampaha,12.5,Negombo
3150,4,3,Gampaha,1,2,26500000.0,Gampaha,10.5,Negombo
3150,4,3,Gampaha,17,2,26500000.0,Gampaha,10.5,Negombo
1500,3,1,Kandy,8,2,13500000.0,Kandy,10.5,Kandy City
2000,4,2,Gampaha,3,2,14500000.0,Gampaha,15.0,Ganemulla
10890,1,1,Badulla,5,1,6000000.0,Badulla,10.0,Mahiyanganaya
2500,2,2,Colombo,24,1,10400000.0,Colombo,4.0,Battaramulla
1800,5,3,Colombo,16,2,60000000.0,Colombo,20.0,Maharagama
2200,4,2,Colombo,5,2,12000000.0,Colombo,17.5,Godagama
1900,5,1,Colombo,3,2,62500000.0,Colombo,24.0,Maharagama
2800,4,4,Colombo,13,2,28000000.0,Colombo,10.0,Malabe
1400,3,2,Kalutara,10,2,7300000.0,Kalutara,12.5,Panadura
1500,3,1,Colombo,35,2,18000000.0,Colombo,6.0,Nugegoda
1150,3,1,Galle,15,2,3950000.0,Galle,14.2,Elpitiya
6000,6,6,Gampaha,2,3,60000000.0,Gampaha,30.0,Negombo
2100,5,2,Gampaha,48,2,11000000.0,Gampaha,10.0,Negombo
1300,2,1,Gampaha,2,1,15000000.0,Gampaha,10.5,Negombo
1830,4,2,Colombo,26,2,17500000.0,Colombo,13.0,Kottawa
1250,3,2,Colombo,10,2,16500000.0,Colombo,7.5,Malabe
5570,5,5,Colombo,4,2,145000000.0,Colombo,62.0,Malabe
1550,3,2,Gampaha,29,2,17000000.0,Gampaha,11.0,Negombo
3400,4,2,Gampaha,7,2,32500000.0,Gampaha,32.0,Ganemulla
4000,4,4,Colombo,27,2,100000000.0,Colombo,10.0,Kotte
3600,5,4,Colombo,47,2,52000000.0,Colombo,13.0,Nugegoda
2506,4,5,Colombo,35,2,28500000.0,Colombo,8.5,Piliyandala
5044,5,4,Colombo,36,2,120000000.0,Colombo,14.1,Colombo 6
1500,3,3,Colombo,36,2,16000000.0,Colombo,8.0,Piliyandala
1500,4,3,Colombo,24,2,17500000.0,Colombo,12.0,Piliyandala
1500,4,3,Colombo,7,2,18500000.0,Colombo,12.0,Piliyandala
3500,4,3,Colombo,3,2,26500000.0,Colombo,9.5,Piliyandala
1250,3,2,Colombo,5,2,12800000.0,Colombo,6.5,Piliyandala
1500,3,2,Colombo,18,2,14000000.0,Colombo,10.0,Piliyandala
1500,3,2,Colombo,12,2,14000000.0,Colombo,8.0,Piliyandala
2500,4,4,Colombo,19,2,25500000.0,Colombo,6.2,Piliyandala
1450,3,2,Colombo,8,2,14000000.0,Colombo,8.5,Piliyandala
3000,3,3,Colombo,31,2,23500000.0,Colombo,7.0,Piliyandala
3000,4,3,Colombo,10,2,27000000.0,Colombo,19.0,Piliyandala
2500,5,4,Colombo,27,2,55000000.0,Colombo,7.96,Mount Lavinia
3000,4,5,Colombo,30,2,25500000.0,Colombo,7.0,Piliyandala
1460,3,3,Colombo,22,2,14000000.0,Colombo,10.0,Piliyandala
2500,4,4,Colombo,15,2,25500000.0,Colombo,6.2,Piliyandala
2500,4,4,Colombo,3,2,25500000.0,Colombo,7.5,Piliyandala
3500,4,4,Colombo,20,2,44000000.0,Colombo,8.26,Mount Lavinia
1250,3,3,Colombo,48,2,14900000.0,Colombo,9.4,Kaduwela
900,3,3,Colombo,6,2,24000000.0,Colombo,10.0,Malabe
1500,3,1,Galle,5,2,12000000.0,Galle,22.0,Galle City
2500,5,3,Colombo,47,2,17500000.0,Colombo,10.0,Athurugiriya
1500,1,1,Gampaha,33,1,3800000.0,Gampaha,16.5,Gampaha City
2005,4,4,Colombo,2,2,21000000.0,Colombo,6.0,Athurugiriya
2600,4,3,Colombo,41,2,45500000.0,Colombo,9.6,Nawala
6500,6,5,Colombo,35,3,44000000.0,Colombo,12.5,Talawatugoda
2000,4,2,Colombo,1,2,15000000.0,Colombo,17.0,Athurugiriya
4000,8,4,Gampaha,44,4,38500000.0,Gampaha,25.0,Nittambuwa
544,3,2,Colombo,16,2,8800000.0,Colombo,2.0,Mount Lavinia
2067,5,4,Colombo,34,2,22000000.0,Colombo,6.0,Athurugiriya
1800,4,2,Colombo,2,2,31500000.0,Colombo,15.0,Kaduwela
3000,4,4,Colombo,8,2,36000000.0,Colombo,10.0,Malabe
500,4,1,Kegalle,8,2,10000000.0,Kegalle,95.0,Ruwanwella
1600,3,2,Gampaha,50,2,20500000.0,Gampaha,10.0,Negombo
2200,4,2,Colombo,3,2,11900000.0,Colombo,6.0,Athurugiriya
3500,3,3,Colombo,7,2,140000000.0,Colombo,15.6,Colombo 5
3200,4,3,Colombo,18,2,30500000.0,Colombo,7.5,Piliyandala
2500,5,4,Colombo,15,2,28500000.0,Colombo,7.7,Piliyandala
1900,3,2,Colombo,28,2,19000000.0,Colombo,11.4,Athurugiriya
2200,4,3,Colombo,15,2,26000000.0,Colombo,7.0,Piliyandala
4000,4,4,Colombo,42,2,33500000.0,Colombo,10.0,Piliyandala
3100,4,4,Colombo,47,2,36000000.0,Colombo,8.5,Piliyandala
3000,5,4,Colombo,14,2,40000000.0,Colombo,10.0,Piliyandala
1420,3,1,Gampaha,5,2,9900000.0,Gampaha,10.0,Negombo
1536,4,2,Puttalam,20,2,14900000.0,Puttalam,15.0,Dankotuwa
3150,4,3,Gampaha,6,2,26500000.0,Gampaha,10.5,Negombo
1070,3,2,Colombo,22,2,14200000.0,Colombo,7.6,Malabe
3500,4,3,Gampaha,33,2,26500000.0,Gampaha,10.0,Negombo
2100,4,4,Gampaha,40,2,31500000.0,Gampaha,13.2,Negombo
2400,4,3,Colombo,23,2,26000000.0,Colombo,10.5,Malabe
3500,4,3,Gampaha,18,2,30000000.0,Gampaha,20.0,Negombo
3600,4,3,Colombo,23,2,36000000.0,Colombo,7.6,Malabe
3000,4,3,Gampaha,5,2,25000000.0,Gampaha,10.0,Negombo
3500,5,5,Colombo,46,2,40000000.0,Colombo,11.0,Talawatugoda
4200,4,4,Colombo,34,2,49500000.0,Colombo,10.0,Talawatugoda
3000,4,4,Colombo,13,2,60000000.0,Colombo,15.0,Talawatugoda
2000,3,3,Gampaha,7,2,20500000.0,Gampaha,10.0,Negombo
1400,3,1,Gampaha,13,2,9900000.0,Gampaha,10.0,Negombo
4000,5,3,Colombo,18,2,65000000.0,Colombo,10.0,Battaramulla
2150,3,3,Gampaha,23,2,19500000.0,Gampaha,15.0,Negombo
2874,4,4,Colombo,10,2,25500000.0,Colombo,7.5,Piliyandala
2478,4,4,Colombo,11,2,25500000.0,Colombo,6.0,Piliyandala
3415,4,4,Colombo,16,2,33500000.0,Colombo,10.0,Piliyandala
1150,2,1,Gampaha,9,1,6500000.0,Gampaha,9.14,Ragama
2985,4,4,Colombo,11,2,25500000.0,Colombo,7.5,Piliyandala
2895,4,4,Colombo,13,2,28500000.0,Colombo,7.5,Piliyandala
3200,4,4,Colombo,8,2,36000000.0,Colombo,10.0,Malabe
2785,4,4,Colombo,18,2,24800000.0,Colombo,6.0,Piliyandala
1000,2,2,Colombo,24,1,39000000.0,Colombo,12.5,Moratuwa
1575,3,3,Colombo,9,2,14000000.0,Colombo,8.0,Piliyandala
1400,3,2,Kalutara,5,2,8700000.0,Kalutara,10.0,Bandaragama
1500,3,3,Colombo,4,2,18500000.0,Colombo,7.5,Malabe
4000,5,4,Colombo,31,2,65000000.0,Colombo,12.5,Malabe
2005,4,4,Colombo,12,2,21000000.0,Colombo,6.0,Malabe
1000,2,2,Colombo,50,1,39000000.0,Colombo,12.5,Moratuwa
3000,4,3,Colombo,49,2,52500000.0,Colombo,20.0,Talawatugoda
2800,4,3,Colombo,8,2,26500000.0,Colombo,6.5,Malabe
1000,2,2,Colombo,46,1,39000000.0,Colombo,12.5,Moratuwa
8000,3,2,Colombo,8,2,38000000.0,Colombo,9.5,Moratuwa
1200,2,2,Colombo,28,1,7700000.0,Colombo,9.9,Piliyandala
2560,4,3,Colombo,32,2,24800000.0,Colombo,6.0,Piliyandala
4500,5,4,Colombo,1,2,115000000.0,Colombo,22.0,Talawatugoda
4200,4,4,Colombo,24,2,49500000.0,Colombo,10.0,Talawatugoda
1800,3,2,Colombo,14,2,4800000.0,Colombo,10.0,Piliyandala
1550,3,2,Gampaha,22,2,17000000.0,Gampaha,11.0,Negombo
2500,2,1,Colombo,41,1,21000000.0,Colombo,8.0,Ratmalana
1500,3,1,Galle,10,2,5200000.0,Galle,9.5,Ambalangoda
2000,4,1,Galle,4,2,4700000.0,Galle,10.0,Ambalangoda
3500,4,3,Gampaha,37,2,26500000.0,Gampaha,10.0,Negombo
1600,3,2,Gampaha,10,2,17000000.0,Gampaha,11.0,Negombo
1400,3,1,Gampaha,2,2,9900000.0,Gampaha,10.0,Negombo
2000,1,1,Kandy,16,1,26000000.0,Kandy,7.03,Kandy City
2000,3,2,Gampaha,50,2,19500000.0,Gampaha,12.5,Negombo
3150,4,3,Gampaha,40,2,26500000.0,Gampaha,10.5,Negombo
1610,3,2,Gampaha,21,2,20500000.0,Gampaha,10.0,Negombo
1800,4,3,Colombo,40,2,11000000.0,Colombo,10.0,Talawatugoda
1800,5,3,Colombo,34,2,33000000.0,Colombo,6.23,Dehiwala
3521,4,4,Colombo,17,2,29500000.0,Colombo,8.0,Piliyandala
2482,4,3,Colombo,12,2,24800000.0,Colombo,6.5,Piliyandala
2498,4,3,Colombo,44,2,26000000.0,Colombo,7.5,Piliyandala
1600,2,3,Colombo,22,1,42000000.0,Colombo,4.0,Colombo 6
1500,4,2,Colombo,4,2,11500000.0,Colombo,6.0,Athurugiriya
2300,4,2,Colombo,16,2,14000000.0,Colombo,12.5,Piliyandala
3750,5,4,Colombo,6,2,23500000.0,Colombo,10.0,Piliyandala
1651,3,3,Colombo,1,2,14500000.0,Colombo,10.0,Piliyandala
2200,6,4,Colombo,10,3,35000000.0,Colombo,6.5,Dehiwala
1463,3,3,Colombo,20,2,14000000.0,Colombo,10.0,Piliyandala
850,2,1,Gampaha,8,1,3500000.0,Gampaha,7.0,Ja-Ela
3250,4,3,Colombo,26,2,56000000.0,Colombo,8.0,Battaramulla
800,3,1,Matale,13,2,5500000.0,Matale,20.0,Ukuwela
1794,4,4,Colombo,47,2,42000000.0,Colombo,8.26,Mount Lavinia
3949,4,2,Gampaha,6,2,22499999.0,Gampaha,8.0,Kandana
1000,3,1,Hambantota,42,2,12000000.0,Hambantota,41.0,Beliatta
3500,5,6,Colombo,34,2,52500000.0,Colombo,15.0,Maharagama
3500,5,3,Colombo,5,2,47500000.0,Colombo,20.0,Battaramulla
4000,5,4,Colombo,18,2,115000000.0,Colombo,22.0,Talawatugoda
5000,6,5,Colombo,32,3,65000000.0,Colombo,10.0,Boralesgamuwa
1976,6,3,Gampaha,5,3,21000000.0,Gampaha,15.0,Gampaha City
1360,3,4,Colombo,15,2,8900000.0,Colombo,3.6,Moratuwa
1200,2,1,Gampaha,10,1,30000000.0,Gampaha,15.0,Kelaniya
3500,4,4,Colombo,41,2,48000000.0,Colombo,11.61,Maharagama
3500,4,3,Colombo,5,2,92000000.0,Colombo,20.0,Nawala
2000,5,4,Gampaha,8,2,32000000.0,Gampaha,20.0,Kadawatha
748,2,2,Colombo,18,1,12800000.0,Colombo,2.7,Dehiwala
2560,4,4,Colombo,39,2,28500000.0,Colombo,8.5,Piliyandala
2456,4,4,Colombo,17,2,25500000.0,Colombo,6.5,Piliyandala
1425,3,1,Gampaha,45,2,9900000.0,Gampaha,10.0,Negombo
2850,3,3,Gampaha,1,2,26500000.0,Gampaha,43.0,Negombo
2138,4,2,Gampaha,42,2,13500000.0,Gampaha,11.7,Ganemulla
1260,2,2,Colombo,40,1,9500000.0,Colombo,2.0,Colombo 10
2854,4,4,Colombo,1,2,25500000.0,Colombo,6.0,Piliyandala
7350,2,1,Galle,7,1,9500000.0,Galle,27.0,Ahangama
2531,4,4,Colombo,13,2,24800000.0,Colombo,6.5,Piliyandala
2651,4,4,Colombo,9,2,25500000.0,Colombo,7.5,Piliyandala
1705,4,1,Kegalle,7,2,5000000.0,Kegalle,80.0,Kegalle City
1532,3,2,Colombo,1,2,14000000.0,Colombo,10.0,Piliyandala
4000,4,3,Colombo,27,2,50000000.0,Colombo,10.5,Battaramulla
1450,3,1,Gampaha,36,2,9900000.0,Gampaha,10.0,Negombo
5400,7,3,Kalutara,34,4,59000000.0,Kalutara,39.0,Matugama
2000,3,2,Gampaha,2,2,19500000.0,Gampaha,12.5,Negombo
3150,4,3,Gampaha,11,2,26500000.0,Gampaha,10.5,Negombo
2100,4,2,Gampaha,9,2,13000000.0,Gampaha,11.0,Negombo
2511,4,4,Colombo,7,2,25500000.0,Colombo,6.2,Piliyandala
2500,3,1,Kalutara,12,2,17000000.0,Kalutara,54.0,Horana
1500,3,1,Galle,35,2,15000000.0,Galle,18.0,Galle City
2775,4,2,Colombo,8,2,4500000.0,Colombo,10.0,Padukka
2400,6,4,Colombo,36,3,65000000.0,Colombo,10.5,Dehiwala
1052,3,1,Gampaha,4,2,13500000.0,Gampaha,15.0,Kiribathgoda
1200,3,2,Gampaha,8,2,12000000.0,Gampaha,6.7,Kadawatha
3200,4,3,Colombo,12,2,30500000.0,Colombo,7.5,Piliyandala
2300,4,2,Colombo,34,2,33000000.0,Colombo,12.6,Piliyandala
3210,4,4,Colombo,8,2,25500000.0,Colombo,7.5,Piliyandala
5000,8,5,Colombo,45,4,43000000.0,Colombo,11.0,Kohuwala
1550,3,2,Gampaha,5,2,17000000.0,Gampaha,11.0,Negombo
2600,4,4,Colombo,19,2,29000000.0,Colombo,10.5,Athurugiriya
2600,4,4,Colombo,39,2,29000000.0,Colombo,10.5,Malabe
650,2,1,Gampaha,31,1,8500000.0,Gampaha,15.0,Wattala
2000,3,1,Kalutara,25,2,6500000.0,Kalutara,10.0,Matugama
2200,4,1,Kandy,10,2,20000000.0,Kandy,36.92,Kundasale
4500,5,5,Kandy,6,2,75000000.0,Kandy,16.4,Kandy City
1700,3,2,Kalutara,18,2,16500000.0,Kalutara,10.2,Panadura
1250,3,1,Galle,1,2,4600000.0,Galle,15.0,Hikkaduwa
1900,1,1,Colombo,29,1,17000000.0,Colombo,15.0,Athurugiriya
1200,3,1,Colombo,48,2,19000000.0,Colombo,8.0,Malabe
1800,5,3,Colombo,13,2,25500000.0,Colombo,9.15,Maharagama
1100,3,2,Colombo,49,2,14200000.0,Colombo,7.86,Malabe
2200,4,3,Colombo,19,2,22500000.0,Colombo,6.3,Malabe
1200,3,2,Gampaha,38,2,12000000.0,Gampaha,6.7,Kadawatha
2800,5,7,Colombo,18,2,64000000.0,Colombo,17.5,Talawatugoda
4200,4,4,Colombo,2,2,49500000.0,Colombo,10.0,Talawatugoda
3500,4,3,Gampaha,11,2,26500000.0,Gampaha,10.0,Negombo
4240,6,3,Gampaha,11,3,54500000.0,Gampaha,35.0,Mirigama
2400,3,1,Colombo,2,2,7500000.0,Colombo,24.0,Padukka
1525,3,1,Matara,43,2,9700000.0,Matara,9.9,Matara City
4000,5,3,Colombo,44,2,65000000.0,Colombo,10.0,Battaramulla
1800,3,1,Colombo,17,2,18500000.0,Colombo,10.0,Pannipitiya
3150,4,3,Gampaha,43,2,26500000.0,Gampaha,10.5,Negombo
5000,8,6,Colombo,29,4,50000000.0,Colombo,7.0,Nugegoda
2000,4,2,Colombo,2,2,28000000.0,Colombo,10.5,Battaramulla
3050,5,4,Colombo,2,2,47000000.0,Colombo,11.7,Battaramulla
2250,4,4,Colombo,11,2,25500000.0,Colombo,6.2,Boralesgamuwa
2250,4,4,Colombo,23,2,25500000.0,Colombo,6.2,Piliyandala
1250,3,2,Colombo,45,2,16500000.0,Colombo,7.5,Malabe
2000,4,4,Colombo,6,2,23500000.0,Colombo,7.0,Malabe
2000,4,2,Colombo,30,2,24500000.0,Colombo,21.0,Kottawa
2550,4,4,Colombo,17,2,25500000.0,Colombo,6.2,Piliyandala
3850,5,4,Gampaha,8,2,38500000.0,Gampaha,47.0,Mirigama
7100,6,5,Colombo,42,3,170000000.0,Colombo,27.0,Nugegoda
3800,5,5,Colombo,44,2,65000000.0,Colombo,12.0,Nugegoda
1510,3,2,Colombo,25,2,12000000.0,Colombo,21.0,Piliyandala
1600,3,2,Colombo,8,2,12500000.0,Colombo,8.8,Piliyandala
1600,4,2,Colombo,46,2,14500000.0,Colombo,6.0,Piliyandala
2005,4,4,Colombo,10,2,21000000.0,Colombo,6.0,Athurugiriya
2000,3,3,Colombo,23,2,20500000.0,Colombo,6.5,Athurugiriya
2200,4,4,Colombo,9,2,25500000.0,Colombo,6.2,Piliyandala
2500,5,4,Colombo,40,2,28500000.0,Colombo,7.7,Piliyandala
2200,4,3,Colombo,30,2,26000000.0,Colombo,7.0,Piliyandala
800,2,1,Colombo,12,1,12000000.0,Colombo,2.0,Dehiwala
3000,4,4,Colombo,14,2,36000000.0,Colombo,10.0,Malabe
2800,4,4,Colombo,31,2,28000000.0,Colombo,10.0,Athurugiriya
1652,3,3,Colombo,12,2,14000000.0,Colombo,8.0,Piliyandala
1800,4,4,Colombo,4,2,17500000.0,Colombo,7.5,Kottawa
1800,4,1,Kalutara,1,2,12000000.0,Kalutara,10.0,Panadura
2300,4,3,Colombo,12,2,26000000.0,Colombo,8.5,Piliyandala
2500,5,3,Colombo,38,2,17500000.0,Colombo,10.0,Kottawa
3600,6,5,Colombo,5,3,33500000.0,Colombo,16.0,Kottawa
2900,4,3,Colombo,40,2,33000000.0,Colombo,8.0,Kottawa
2985,4,4,Colombo,31,2,25500000.0,Colombo,7.5,Piliyandala
4500,5,4,Colombo,10,2,96500000.0,Colombo,23.0,Dehiwala
1050,3,2,Colombo,3,2,15000000.0,Colombo,7.5,Kottawa
5445,2,1,Galle,4,1,7000000.0,Galle,20.0,Galle City
2005,4,4,Colombo,24,2,21000000.0,Colombo,6.0,Malabe
2700,5,3,Colombo,23,2,25500000.0,Colombo,10.0,Piliyandala
1500,3,2,Colombo,34,2,9700000.0,Colombo,11.0,Piliyandala
1200,2,1,Colombo,14,1,11500000.0,Colombo,8.0,Piliyandala
1400,3,2,Colombo,6,2,14000000.0,Colombo,8.0,Piliyandala
1500,3,2,Colombo,2,2,13500000.0,Colombo,10.0,Piliyandala
2754,4,4,Colombo,2,2,25500000.0,Colombo,6.0,Piliyandala
2865,4,4,Colombo,4,2,24800000.0,Colombo,6.0,Piliyandala
2000,3,1,Colombo,13,2,15500000.0,Colombo,6.8,Malabe
4200,4,4,Colombo,7,2,49500000.0,Colombo,10.0,Talawatugoda
3500,5,5,Colombo,20,2,40000000.0,Colombo,11.0,Talawatugoda
4000,4,4,Colombo,5,2,34000000.0,Colombo,10.0,Piliyandala
3250,5,3,Colombo,8,2,23500000.0,Colombo,7.5,Piliyandala
2100,5,2,Gampaha,2,2,11000000.0,Gampaha,10.0,Negombo
3519,4,4,Colombo,47,2,30500000.0,Colombo,8.5,Piliyandala
1700,4,4,Colombo,41,2,24500000.0,Colombo,6.3,Malabe
1450,3,1,Gampaha,9,2,9900000.0,Gampaha,10.0,Negombo
2850,3,3,Gampaha,22,2,26500000.0,Gampaha,43.0,Negombo
2400,4,2,Colombo,21,2,14000000.0,Colombo,12.6,Piliyandala
1500,3,3,Colombo,32,2,18500000.0,Colombo,7.5,Malabe
1900,3,2,Colombo,5,2,19000000.0,Colombo,11.4,Malabe
1900,3,2,Colombo,16,2,15000000.0,Colombo,10.0,Maharagama
2463,4,3,Colombo,46,2,26000000.0,Colombo,7.5,Piliyandala
2200,4,3,Colombo,3,2,25500000.0,Colombo,6.5,Malabe
2600,4,4,Colombo,3,2,29000000.0,Colombo,10.0,Malabe
3600,4,3,Colombo,49,2,36000000.0,Colombo,7.8,Malabe
2400,4,4,Colombo,7,2,26000000.0,Colombo,10.5,Malabe
2500,4,2,Gampaha,47,2,35000000.0,Gampaha,17.8,Wattala
2000,3,2,Gampaha,12,2,19500000.0,Gampaha,12.5,Negombo
2561,4,4,Colombo,32,2,24800000.0,Colombo,6.5,Piliyandala
2853,4,4,Colombo,16,2,35000000.0,Colombo,8.5,Piliyandala
2631,4,4,Colombo,3,2,28500000.0,Colombo,8.5,Piliyandala
3150,4,3,Gampaha,29,2,26500000.0,Gampaha,10.5,Negombo
3412,4,4,Colombo,41,2,34000000.0,Colombo,9.0,Piliyandala
2463,3,3,Colombo,32,2,21500000.0,Colombo,9.5,Piliyandala
2500,4,4,Colombo,46,2,25500000.0,Colombo,7.5,Piliyandala
2800,3,3,Colombo,5,2,26500000.0,Colombo,10.0,Piliyandala
2986,4,4,Colombo,20,2,25500000.0,Colombo,7.5,Piliyandala
3415,4,4,Colombo,24,2,27000000.0,Colombo,19.0,Piliyandala
3458,5,4,Colombo,5,2,33500000.0,Colombo,16.0,Piliyandala
2686,3,3,Colombo,8,2,21500000.0,Colombo,9.5,Piliyandala
2500,4,3,Colombo,25,2,24800000.0,Colombo,6.0,Piliyandala
1562,3,2,Colombo,46,2,14000000.0,Colombo,8.0,Piliyandala
2500,3,3,Colombo,16,2,24500000.0,Colombo,10.0,Malabe
2985,4,4,Colombo,46,2,28000000.0,Colombo,10.0,Piliyandala
2000,4,3,Colombo,5,2,23500000.0,Colombo,6.0,Malabe
3500,4,3,Colombo,30,2,36000000.0,Colombo,7.8,Malabe
2300,3,3,Colombo,18,2,25500000.0,Colombo,10.0,Malabe
2500,4,3,Colombo,46,2,23500000.0,Colombo,6.0,Malabe
3600,4,3,Colombo,19,2,36000000.0,Colombo,7.8,Malabe
4000,4,4,Colombo,25,2,49500000.0,Colombo,10.0,Talawatugoda
3500,4,3,Colombo,25,2,36000000.0,Colombo,7.8,Malabe
2500,4,3,Colombo,10,2,17500000.0,Colombo,6.5,Piliyandala
2986,4,5,Colombo,19,2,25500000.0,Colombo,7.0,Piliyandala
1480,3,3,Colombo,36,2,16800000.0,Colombo,8.0,Athurugiriya
3250,5,3,Colombo,12,2,23500000.0,Colombo,7.0,Piliyandala
2000,4,3,Colombo,7,2,23500000.0,Colombo,6.0,Malabe
1400,3,1,Colombo,13,2,13500000.0,Colombo,14.0,Piliyandala
2400,4,3,Colombo,39,2,26000000.0,Colombo,7.0,Piliyandala
1800,4,3,Colombo,35,2,24500000.0,Colombo,6.3,Malabe
2280,4,4,Colombo,1,2,27500000.0,Colombo,8.0,Talawatugoda
2800,4,3,Colombo,24,2,27500000.0,Colombo,6.5,Talawatugoda
3500,5,4,Colombo,21,2,34500000.0,Colombo,7.5,Malabe
4000,5,4,Colombo,33,2,65000000.0,Colombo,10.0,Malabe
4000,4,3,Colombo,9,2,29500000.0,Colombo,8.0,Malabe
3000,4,4,Colombo,8,2,33000000.0,Colombo,8.0,Kottawa
3100,5,3,Colombo,5,2,37500000.0,Colombo,9.0,Malabe
2650,4,3,Colombo,9,2,48000000.0,Colombo,10.12,Malabe
2200,5,2,Kalutara,4,2,16500000.0,Kalutara,10.0,Wadduwa
4000,5,4,Colombo,43,2,65000000.0,Colombo,12.5,Malabe
2600,4,3,Colombo,8,2,26500000.0,Colombo,6.5,Malabe
1400,3,1,Gampaha,13,2,9900000.0,Gampaha,10.0,Negombo
4000,4,4,Colombo,48,2,60000000.0,Colombo,15.0,Talawatugoda
3800,5,4,Colombo,25,2,45000000.0,Colombo,11.0,Talawatugoda
4200,4,4,Colombo,10,2,49500000.0,Colombo,10.0,Talawatugoda
1600,3,2,Gampaha,12,2,20500000.0,Gampaha,10.0,Negombo
4000,5,3,Colombo,45,2,65000000.0,Colombo,10.0,Battaramulla
4500,5,4,Colombo,7,2,115000000.0,Colombo,22.0,Battaramulla
1800,3,2,Colombo,26,2,16000000.0,Colombo,8.0,Athurugiriya
1900,3,3,Colombo,3,2,18500000.0,Colombo,9.0,Athurugiriya
1800,3,2,Colombo,14,2,16000000.0,Colombo,8.0,Athurugiriya
3800,4,4,Colombo,9,2,45000000.0,Colombo,7.0,Battaramulla
3350,5,4,Colombo,11,2,96000000.0,Colombo,13.5,Battaramulla
4000,5,4,Colombo,14,2,75000000.0,Colombo,14.0,Battaramulla
3000,4,4,Colombo,29,2,28500000.0,Colombo,8.5,Piliyandala
1500,3,2,Colombo,3,2,42500000.0,Colombo,9.8,Dehiwala
1950,3,2,Anuradhapura,8,2,12800000.0,Anuradhapura,15.0,Anuradhapura City
1532,3,2,Colombo,22,2,185000000.0,Colombo,8.0,Piliyandala
4000,3,2,Colombo,48,2,34000000.0,Colombo,10.0,Dehiwala
1500,4,2,Kalutara,4,2,28000000.0,Kalutara,20.0,Bandaragama
2489,4,4,Colombo,18,2,28500000.0,Colombo,8.5,Piliyandala
3000,7,5,Colombo,22,4,57000000.0,Colombo,6.8,Mount Lavinia
4000,4,4,Colombo,19,2,38000000.0,Colombo,15.0,Moratuwa
3500,4,4,Colombo,43,2,33000000.0,Colombo,8.0,Kottawa
2200,4,3,Colombo,4,2,76000000.0,Colombo,7.8,Dehiwala
3500,4,3,Gampaha,9,2,30000000.0,Gampaha,20.0,Negombo
1522,3,3,Colombo,15,2,18500000.0,Colombo,8.0,Piliyandala
3421,4,4,Colombo,16,2,25500000.0,Colombo,7.5,Piliyandala
1564,3,2,Colombo,10,2,12000000.0,Colombo,21.0,Kesbewa
3900,3,3,Colombo,43,2,160000000.0,Colombo,6.75,Colombo 3
3500,4,3,Gampaha,22,2,26500000.0,Gampaha,10.0,Negombo
2200,3,3,Colombo,10,2,14500000.0,Colombo,6.8,Kaduwela
5500,8,6,Colombo,23,4,50000000.0,Colombo,7.0,Nugegoda
3000,4,4,Colombo,5,2,33000000.0,Colombo,8.0,Battaramulla
2800,3,3,Colombo,20,2,36000000.0,Colombo,6.0,Battaramulla
1500,3,2,Colombo,44,2,13000000.0,Colombo,9.0,Kottawa
1500,3,2,Colombo,38,2,13000000.0,Colombo,9.0,Homagama
5000,5,5,Colombo,44,2,100000000.0,Colombo,20.0,Battaramulla
5000,2,1,Matara,2,1,8000000.0,Matara,10.0,Deniyaya
2100,4,4,Gampaha,8,2,31500000.0,Gampaha,13.2,Negombo
3150,4,3,Gampaha,22,2,26500000.0,Gampaha,10.5,Negombo
2000,3,2,Gampaha,8,2,19500000.0,Gampaha,12.5,Negombo
1450,3,1,Gampaha,4,2,9900000.0,Gampaha,10.0,Negombo
2000,3,3,Colombo,3,2,14500000.0,Colombo,6.8,Kaduwela
1200,2,1,Gampaha,34,1,8500000.0,Gampaha,10.0,Seeduwa
2000,3,3,Gampaha,10,2,20500000.0,Gampaha,10.0,Negombo
1400,3,1,Gampaha,2,2,9900000.0,Gampaha,10.0,Negombo
2100,5,2,Gampaha,7,2,11000000.0,Gampaha,10.0,Negombo
3150,4,3,Gampaha,21,2,26500000.0,Gampaha,10.5,Negombo
3500,5,3,Colombo,4,2,66000000.0,Colombo,29.0,Malabe
1600,2,3,Colombo,50,1,40750000.0,Colombo,4.0,Kohuwala
2050,4,2,Colombo,35,2,7500000.0,Colombo,15.0,Moratuwa
3000,4,3,Gampaha,25,2,25000000.0,Gampaha,10.0,Negombo
3000,5,3,Colombo,45,2,67500000.0,Colombo,22.6,Nugegoda
3500,5,3,Colombo,4,2,66000000.0,Colombo,29.0,Battaramulla
1600,3,3,Gampaha,3,2,17000000.0,Gampaha,11.0,Negombo
2000,3,2,Colombo,8,2,29000000.0,Colombo,12.5,Malabe
3250,5,3,Gampaha,20,2,26500000.0,Gampaha,14.15,Kadawatha
2500,5,3,Colombo,3,2,25000000.0,Colombo,8.2,Kottawa
2150,3,3,Gampaha,17,2,18500000.0,Gampaha,15.0,Negombo
3200,5,4,Colombo,31,2,57500000.0,Colombo,6.0,Dehiwala
2300,4,3,Colombo,14,2,23500000.0,Colombo,6.5,Malabe
3244,4,4,Colombo,36,2,25500000.0,Colombo,7.5,Piliyandala
3000,4,4,Colombo,3,2,33000000.0,Colombo,8.0,Kottawa
5200,5,5,Colombo,10,2,42000000.0,Colombo,16.0,Kottawa
1610,3,2,Gampaha,19,2,20500000.0,Gampaha,10.0,Negombo
1450,3,1,Gampaha,14,2,9900000.0,Gampaha,10.0,Negombo
2000,3,2,Gampaha,24,2,19500000.0,Gampaha,12.5,Negombo
3500,5,4,Colombo,8,2,34500000.0,Colombo,7.5,Malabe
4000,5,4,Colombo,43,2,65000000.0,Colombo,10.0,Malabe
4000,4,4,Colombo,21,2,49500000.0,Colombo,10.0,Talawatugoda
2600,4,3,Colombo,26,2,30000000.0,Colombo,8.0,Boralesgamuwa
1550,3,2,Gampaha,12,2,17000000.0,Gampaha,11.0,Negombo
3150,4,3,Gampaha,36,2,26500000.0,Gampaha,10.5,Negombo
5020,8,5,Colombo,8,4,42500000.0,Colombo,13.2,Boralesgamuwa
2200,4,3,Colombo,45,2,23500000.0,Colombo,6.5,Malabe
2600,5,3,Colombo,7,2,25000000.0,Colombo,10.0,Malabe
2800,4,4,Colombo,25,2,26000000.0,Colombo,8.5,Piliyandala
1500,5,1,Kegalle,6,2,5000000.0,Kegalle,6.0,Kegalle City
1238,3,1,Colombo,42,2,9000000.0,Colombo,11.8,Godagama
2564,4,4,Colombo,49,2,25500000.0,Colombo,7.5,Piliyandala
1500,1,1,Gampaha,38,1,7200000.0,Gampaha,6.5,Delgoda
653,2,1,Colombo,43,1,6000000.0,Colombo,2.4,Wellampitiya
1000,3,2,Colombo,48,2,14000000.0,Colombo,12.0,Homagama
5100,8,5,Colombo,13,4,42500000.0,Colombo,13.2,Nugegoda
7500,8,6,Colombo,20,4,180000000.0,Colombo,43.0,Malabe
1800,3,1,Gampaha,37,2,7000000.0,Gampaha,7.68,Ragama
1500,3,2,Matara,8,2,20000000.0,Matara,7.5,Weligama
3900,4,4,Colombo,3,2,29500000.0,Colombo,9.6,Malabe
1400,3,1,Matara,17,2,9000000.0,Matara,8.1,Matara City
1100,2,1,Ratnapura,3,1,8000000.0,Ratnapura,80.0,Embilipitiya
3800,5,5,Colombo,43,2,65000000.0,Colombo,12.0,Nugegoda
1400,3,1,Gampaha,8,2,9900000.0,Gampaha,10.0,Negombo
2500,5,1,Batticaloa,45,2,15000000.0,Batticaloa,13.89,Batticaloa City
3800,5,4,Colombo,18,2,45000000.0,Colombo,11.0,Talawatugoda
1500,2,1,Kalutara,1,1,7500000.0,Kalutara,25.0,Kalutara City
2500,3,4,Colombo,1,2,57500000.0,Colombo,17.7,Talawatugoda
2500,4,4,Colombo,24,2,42000000.0,Colombo,10.0,Dehiwala
900,2,1,Gampaha,7,1,4600000.0,Gampaha,6.0,Delgoda
1800,2,2,Gampaha,1,1,14000000.0,Gampaha,10.0,Wattala
1450,3,2,Colombo,48,2,15500000.0,Colombo,15.0,Kottawa
3700,6,6,Colombo,4,3,110000000.0,Colombo,5.4,Colombo 5
1800,4,2,Gampaha,30,2,13800000.0,Gampaha,14.0,Katunayake
2500,3,2,Gampaha,11,2,22000000.0,Gampaha,14.0,Wattala
3150,4,3,Gampaha,24,2,26500000.0,Gampaha,10.5,Negombo
2000,3,2,Gampaha,33,2,19500000.0,Gampaha,12.5,Negombo
3300,5,3,Colombo,11,2,19000000.0,Colombo,4.0,Kolonnawa
2400,2,2,Kalutara,3,1,7500000.0,Kalutara,19.0,Beruwala
1650,3,2,Gampaha,5,2,16500000.0,Gampaha,12.5,Negombo
3150,4,3,Gampaha,22,2,26500000.0,Gampaha,10.5,Negombo
1660,3,3,Colombo,3,2,16800000.0,Colombo,11.5,Piliyandala
2600,4,4,Colombo,11,2,23000000.0,Colombo,7.0,Malabe
3150,4,3,Gampaha,2,2,26500000.0,Gampaha,10.5,Negombo
1188,3,1,Gampaha,26,2,12500000.0,Gampaha,10.0,Kadawatha
1450,3,1,Gampaha,23,2,9900000.0,Gampaha,10.0,Negombo
1550,3,2,Gampaha,31,2,17000000.0,Gampaha,11.0,Negombo
1650,3,2,Gampaha,12,2,20500000.0,Gampaha,10.0,Negombo
950,2,1,Kalutara,10,1,6000000.0,Kalutara,7.0,Panadura
4200,4,4,Colombo,47,2,49500000.0,Colombo,10.0,Talawatugoda
3500,5,5,Colombo,8,2,40000000.0,Colombo,11.0,Talawatugoda
4012,5,3,Colombo,25,2,120000000.0,Colombo,45.0,Battaramulla
1200,2,1,Colombo,17,1,8500000.0,Colombo,14.0,Piliyandala
4300,4,4,Colombo,5,2,26500000.0,Colombo,10.0,Malabe
2100,5,2,Gampaha,1,2,11000000.0,Gampaha,10.0,Negombo
2850,3,3,Gampaha,3,2,26500000.0,Gampaha,43.0,Negombo
1600,3,1,Kurunegala,12,2,6500000.0,Kurunegala,75.0,Kurunegala City
2600,4,4,Colombo,1,2,29000000.0,Colombo,10.0,Athurugiriya
2852,4,4,Colombo,6,2,24800000.0,Colombo,6.0,Piliyandala
2800,4,4,Colombo,41,2,28000000.0,Colombo,10.0,Athurugiriya
1650,3,2,Gampaha,6,2,24000000.0,Gampaha,8.0,Kiribathgoda
1830,4,2,Colombo,36,2,17500000.0,Colombo,13.0,Kottawa
1650,1,1,Gampaha,4,1,6500000.0,Gampaha,16.5,Katunayake
4500,5,3,Colombo,9,2,75000000.0,Colombo,9.15,Battaramulla
1400,3,2,Colombo,1,2,18500000.0,Colombo,7.9,Malabe
2400,4,2,Colombo,15,2,38000000.0,Colombo,10.0,Kottawa
2600,4,4,Colombo,31,2,34000000.0,Colombo,9.0,Maharagama
1500,2,2,Kandy,33,1,8500000.0,Kandy,10.0,Gelioya
1400,3,1,Gampaha,36,2,9900000.0,Gampaha,10.0,Negombo
544,2,1,Colombo,16,1,4200000.0,Colombo,2.0,Wellampitiya
2500,5,4,Colombo,38,2,28500000.0,Colombo,7.5,Piliyandala
3200,5,3,Colombo,25,2,23500000.0,Colombo,7.0,Piliyandala
3300,4,4,Colombo,5,2,44000000.0,Colombo,7.7,Talawatugoda
3000,4,3,Colombo,47,2,110000000.0,Colombo,50.0,Talawatugoda
4200,4,4,Colombo,40,2,49500000.0,Colombo,10.0,Talawatugoda
3100,4,4,Colombo,6,2,36000000.0,Colombo,8.5,Piliyandala
1500,3,1,Colombo,16,2,13500000.0,Colombo,14.0,Piliyandala
3150,4,3,Gampaha,11,2,26500000.0,Gampaha,10.5,Negombo
2200,4,3,Colombo,9,2,26000000.0,Colombo,7.0,Piliyandala
3500,8,5,Kandy,50,4,29500000.0,Kandy,12.0,Peradeniya
1800,3,3,Colombo,4,2,19600000.0,Colombo,10.0,Athurugiriya
5600,7,7,Colombo,10,4,37000000.0,Colombo,7.5,Kohuwala
1450,3,1,Gampaha,3,2,9900000.0,Gampaha,10.0,Negombo
2500,3,2,Colombo,4,2,29900000.0,Colombo,11.8,Ratmalana
1219,3,1,Monaragala,13,2,7450000.0,Monaragala,23.0,Bibile
3200,4,3,Colombo,21,2,30500000.0,Colombo,7.5,Piliyandala
2810,4,3,Colombo,10,2,70000000.0,Colombo,11.0,Battaramulla
2275,4,3,Gampaha,3,2,29000000.0,Gampaha,12.0,Ja-Ela
1500,5,1,Galle,25,2,5700000.0,Galle,22.0,Batapola
2000,4,2,Colombo,33,2,28000000.0,Colombo,10.5,Battaramulla
1000,3,1,Galle,1,2,9000000.0,Galle,20.0,Galle City
3330,3,2,Colombo,2,2,40000000.0,Colombo,7.0,Maharagama
2000,3,2,Gampaha,24,2,19500000.0,Gampaha,12.5,Negombo
1200,3,1,Colombo,7,2,12200000.0,Colombo,10.2,Kaduwela
2100,4,2,Gampaha,28,2,13000000.0,Gampaha,11.0,Negombo
3000,3,3,Colombo,6,2,58900000.0,Colombo,12.15,Moratuwa
3000,4,3,Colombo,7,2,26000000.0,Colombo,10.0,Maharagama
2000,3,2,Kandy,21,2,28500000.0,Kandy,16.0,Kandy City
800,2,1,Colombo,12,1,4700000.0,Colombo,3.5,Wellampitiya
2500,6,2,Colombo,8,3,180000000.0,Colombo,25.0,Maharagama
3500,5,3,Colombo,50,2,32000000.0,Colombo,7.0,Ratmalana
3000,6,4,Colombo,8,3,47500000.0,Colombo,10.0,Nugegoda
2800,4,4,Colombo,33,2,27500000.0,Colombo,11.5,Malabe
2200,4,3,Colombo,5,2,26500000.0,Colombo,6.5,Malabe
2000,4,4,Colombo,17,2,23500000.0,Colombo,7.0,Malabe
8000,5,3,Colombo,9,2,370000000.0,Colombo,26.5,Maharagama
2215,4,2,Anuradhapura,11,2,9500000.0,Anuradhapura,25.0,Anuradhapura City
3150,4,3,Gampaha,5,2,26500000.0,Gampaha,10.5,Negombo
3150,4,3,Gampaha,22,2,26500000.0,Gampaha,10.5,Negombo
1650,3,2,Gampaha,12,2,16500000.0,Gampaha,12.5,Negombo
1500,4,2,Kalutara,4,2,20000000.0,Kalutara,8.0,Wadduwa
2800,4,2,Gampaha,24,2,25000000.0,Gampaha,25.25,Gampaha City
1600,2,2,Colombo,22,1,30000000.0,Colombo,10.75,Moratuwa
1200,4,1,Gampaha,41,2,4200000.0,Gampaha,10.0,Kiribathgoda
1100,3,2,Colombo,49,2,14200000.0,Colombo,7.6,Malabe
2500,4,3,Colombo,41,2,23500000.0,Colombo,6.0,Malabe
2500,4,3,Colombo,43,2,23500000.0,Colombo,6.0,Malabe
1500,3,2,Colombo,40,2,14000000.0,Colombo,8.0,Piliyandala
1768,4,1,Kegalle,17,2,12300000.0,Kegalle,15.5,Kegalle City
1500,3,2,Colombo,22,2,13800000.0,Colombo,10.0,Piliyandala
2600,4,4,Colombo,4,2,29000000.0,Colombo,10.0,Malabe
2800,4,4,Colombo,22,2,28000000.0,Colombo,10.0,Malabe
1250,4,1,Gampaha,4,2,34000000.0,Gampaha,20.0,Kelaniya
2500,3,1,Gampaha,5,2,16500000.0,Gampaha,9.2,Wattala
1000,3,2,Colombo,10,2,14500000.0,Colombo,12.0,Kesbewa
1400,3,3,Gampaha,37,2,18500000.0,Gampaha,211.0,Gampaha City
5000,8,4,Colombo,9,4,40000000.0,Colombo,20.0,Homagama
3600,6,4,Colombo,19,3,33500000.0,Colombo,16.4,Kottawa
1600,2,2,Colombo,18,1,14500000.0,Colombo,7.0,Angoda
3250,5,3,Colombo,34,2,23500000.0,Colombo,7.0,Piliyandala
1600,4,3,Colombo,19,2,17500000.0,Colombo,6.5,Piliyandala
1200,3,2,Colombo,50,2,18500000.0,Colombo,10.0,Piliyandala
3000,4,4,Colombo,35,2,28500000.0,Colombo,8.5,Piliyandala
1200,2,1,Galle,22,1,5000000.0,Galle,7.6,Galle City
1220,3,1,Kandy,6,2,6500000.0,Kandy,17.0,Kundasale
1400,3,1,Colombo,46,2,13500000.0,Colombo,14.0,Piliyandala
800,3,1,Kalutara,15,2,6500000.0,Kalutara,10.0,Wadduwa
1800,3,3,Colombo,47,2,23000000.0,Colombo,8.0,Piliyandala
2800,4,3,Colombo,24,2,70000000.0,Colombo,17.5,Pannipitiya
2500,5,3,Colombo,4,2,17500000.0,Colombo,10.0,Kottawa
1800,4,4,Colombo,4,2,17500000.0,Colombo,7.5,Kottawa
1390,4,4,Colombo,34,2,11500000.0,Colombo,18.5,Kesbewa
3500,4,3,Gampaha,32,2,30000000.0,Gampaha,20.0,Negombo
3000,6,5,Colombo,12,3,33500000.0,Colombo,16.0,Kottawa
3800,6,4,Colombo,45,3,29500000.0,Colombo,13.0,Kottawa
1800,3,1,Colombo,5,2,9000000.0,Colombo,15.1,Kesbewa
3000,4,4,Colombo,49,2,28500000.0,Colombo,8.5,Piliyandala
4500,4,3,Colombo,16,2,36000000.0,Colombo,14.5,Kottawa
1850,3,2,Colombo,9,2,47500000.0,Colombo,6.5,Nawala
4000,5,4,Colombo,22,2,65000000.0,Colombo,12.5,Malabe
3200,4,4,Colombo,9,2,36000000.0,Colombo,10.0,Malabe
2067,5,4,Colombo,27,2,23000000.0,Colombo,6.0,Athurugiriya
950,3,2,Colombo,8,2,18500000.0,Colombo,3.0,Athurugiriya
2800,4,3,Colombo,43,2,26500000.0,Colombo,6.5,Malabe
1500,3,2,Colombo,44,2,16500000.0,Colombo,7.5,Athurugiriya
2000,3,3,Colombo,1,2,20500000.0,Colombo,6.5,Athurugiriya
2586,3,2,Gampaha,10,2,6700000.0,Gampaha,9.5,Kadawatha
2600,4,2,Colombo,40,2,14000000.0,Colombo,12.5,Piliyandala
3800,5,4,Colombo,29,2,45000000.0,Colombo,11.0,Talawatugoda
2985,4,4,Colombo,25,2,26000000.0,Colombo,8.0,Piliyandala
1800,3,1,Colombo,47,2,14800000.0,Colombo,6.8,Malabe
3500,4,3,Gampaha,5,2,26500000.0,Gampaha,10.0,Negombo
2874,4,4,Colombo,2,2,28500000.0,Colombo,8.0,Piliyandala
3452,5,4,Colombo,3,2,33500000.0,Colombo,16.0,Piliyandala
2000,3,3,Gampaha,47,2,20500000.0,Gampaha,10.0,Negombo
1700,4,2,Kalutara,1,2,9500000.0,Kalutara,8.0,Panadura
2874,4,4,Colombo,44,2,24500000.0,Colombo,6.0,Piliyandala
1800,3,2,Gampaha,46,2,20500000.0,Gampaha,10.0,Negombo
3000,4,4,Colombo,5,2,60000000.0,Colombo,15.0,Talawatugoda
4200,4,4,Colombo,42,2,49500000.0,Colombo,10.0,Talawatugoda
2874,4,4,Colombo,2,2,24800000.0,Colombo,6.0,Piliyandala
2000,3,2,Colombo,7,2,31500000.0,Colombo,6.0,Rajagiriya
3145,4,4,Colombo,47,2,27000000.0,Colombo,19.0,Piliyandala
1700,4,3,Colombo,40,2,24500000.0,Colombo,6.3,Malabe
2200,4,3,Colombo,44,2,22500000.0,Colombo,6.3,Malabe
1550,3,2,Gampaha,34,2,17000000.0,Gampaha,11.0,Negombo
1500,4,2,Colombo,22,2,25000000.0,Colombo,11.1,Colombo 15
1250,3,2,Colombo,39,2,16500000.0,Colombo,7.5,Malabe
1100,3,2,Colombo,24,2,14200000.0,Colombo,7.86,Malabe
1500,3,2,Colombo,40,2,13500000.0,Colombo,6.8,Kesbewa
3150,4,3,Gampaha,2,2,26500000.0,Gampaha,10.5,Negombo
3600,5,4,Colombo,10,2,33000000.0,Colombo,8.0,Malabe
1900,3,2,Colombo,38,2,19000000.0,Colombo,11.4,Malabe
1500,3,3,Colombo,19,2,18500000.0,Colombo,7.5,Malabe
1600,3,2,Gampaha,42,2,17000000.0,Gampaha,11.0,Negombo
1452,3,2,Colombo,29,2,14000000.0,Colombo,8.0,Piliyandala
1542,3,3,Colombo,10,2,14000000.0,Colombo,10.0,Piliyandala
4200,4,4,Colombo,6,2,49500000.0,Colombo,10.0,Talawatugoda
2574,3,3,Colombo,49,2,21500000.0,Colombo,9.5,Piliyandala
2986,4,4,Colombo,8,2,25500000.0,Colombo,7.5,Piliyandala
3415,4,4,Colombo,15,2,33500000.0,Colombo,10.0,Piliyandala
2896,4,4,Colombo,39,2,26000000.0,Colombo,7.0,Piliyandala
3102,4,5,Colombo,5,2,25500000.0,Colombo,7.0,Piliyandala
2150,3,3,Gampaha,3,2,18500000.0,Gampaha,15.0,Negombo
4000,5,4,Colombo,46,2,65000000.0,Colombo,10.0,Malabe
2100,4,4,Gampaha,5,2,31500000.0,Gampaha,13.2,Negombo
1200,3,1,Kalutara,20,2,12500000.0,Kalutara,17.8,Horana
2400,4,2,Gampaha,17,2,23800000.0,Gampaha,15.0,Kadawatha
3500,5,4,Colombo,12,2,34500000.0,Colombo,7.5,Malabe
4000,4,4,Colombo,2,2,49500000.0,Colombo,10.0,Talawatugoda
1600,3,2,Colombo,2,2,16000000.0,Colombo,8.25,Boralesgamuwa
1000,4,2,Colombo,46,2,13500000.0,Colombo,3.0,Ratmalana
2000,5,2,Colombo,1,2,29000000.0,Colombo,9.45,Mount Lavinia
1520,3,1,Colombo,17,2,9000000.0,Colombo,11.75,Piliyandala
1561,3,3,Colombo,46,2,14500000.0,Colombo,10.0,Piliyandala
3000,4,3,Colombo,15,2,23500000.0,Colombo,10.0,Piliyandala
2559,2,1,Colombo,1,1,15510000.0,Colombo,9.4,Battaramulla
3500,4,3,Gampaha,21,2,30000000.0,Gampaha,20.0,Negombo
2210,4,3,Gampaha,24,2,18000000.0,Gampaha,8.0,Ja-Ela
3000,3,3,Kandy,30,2,23000000.0,Kandy,25.5,Kandy City
6000,4,3,Colombo,41,2,44000000.0,Colombo,17.5,Colombo 6
1500,2,2,Colombo,2,1,17000000.0,Colombo,15.0,Colombo 6
2005,3,2,Gampaha,5,2,19500000.0,Gampaha,12.5,Negombo
2500,3,3,Colombo,48,2,35000000.0,Colombo,10.0,Talawatugoda
1450,3,1,Gampaha,46,2,9900000.0,Gampaha,10.0,Negombo
2000,4,2,Colombo,3,2,19000000.0,Colombo,21.5,Homagama
2000,3,2,Kurunegala,25,2,8500000.0,Kurunegala,23.5,Kurunegala City
1615,3,2,Gampaha,4,2,20500000.0,Gampaha,10.0,Negombo
2200,4,3,Colombo,16,2,81000000.0,Colombo,18.0,Dehiwala
2000,3,2,Gampaha,40,2,19500000.0,Gampaha,12.5,Negombo
2500,3,1,Colombo,8,2,7800000.0,Colombo,7.3,Moratuwa
2500,5,2,Polonnaruwa,50,2,16000000.0,Polonnaruwa,10.0,Polonnaruwa City
4600,6,6,Colombo,6,3,170000000.0,Colombo,8.5,Colombo 5
1700,3,2,Colombo,22,2,20000000.0,Colombo,10.0,Athurugiriya
1500,3,1,Gampaha,15,2,7200000.0,Gampaha,30.0,Gampaha City
850,3,1,Gampaha,9,2,4200000.0,Gampaha,8.0,Gampaha City
1280,2,2,Colombo,35,1,41000000.0,Colombo,12.5,Moratuwa
1500,3,1,Gampaha,14,2,7800000.0,Gampaha,15.0,Gampaha City
2000,4,4,Gampaha,2,2,11500000.0,Gampaha,10.0,Negombo
3500,3,2,Kurunegala,3,2,14500000.0,Kurunegala,15.0,Kurunegala City
2900,3,3,Colombo,29,2,32500000.0,Colombo,7.3,Nugegoda
850,1,1,Gampaha,10,1,3200000.0,Gampaha,16.0,Gampaha City
5000,5,4,Colombo,3,2,50000000.0,Colombo,11.5,Maharagama
5000,5,6,Colombo,45,2,65000000.0,Colombo,15.0,Nugegoda
2000,3,2,Gampaha,17,2,27000000.0,Gampaha,48.0,Gampaha City
2248,4,2,Gampaha,4,2,30000000.0,Gampaha,67.4,Gampaha City
2000,3,2,Kurunegala,3,2,16000000.0,Kurunegala,15.0,Kurunegala City
1200,3,2,Colombo,48,2,22000000.0,Colombo,6.2,Talawatugoda
1900,5,2,Colombo,38,2,26000000.0,Colombo,6.75,Talawatugoda
1200,3,2,Colombo,47,2,12800000.0,Colombo,6.5,Piliyandala
1500,3,2,Colombo,43,2,14000000.0,Colombo,10.0,Piliyandala
1800,3,1,Kurunegala,4,2,8000000.0,Kurunegala,90.0,Hettipola
1500,3,2,Colombo,1,2,14000000.0,Colombo,10.0,Piliyandala
1100,3,2,Colombo,20,2,14500000.0,Colombo,6.0,Athurugiriya
1500,3,2,Colombo,31,2,14000000.0,Colombo,8.0,Piliyandala
1500,3,2,Colombo,47,2,13800000.0,Colombo,10.0,Piliyandala
2750,4,3,Colombo,41,2,29500000.0,Colombo,11.7,Kottawa
1200,2,1,Kandy,10,1,4500000.0,Kandy,14.0,Ampitiya
3150,4,3,Gampaha,8,2,26500000.0,Gampaha,10.5,Negombo
3400,4,3,Colombo,20,2,47500000.0,Colombo,12.0,Angoda
1600,4,1,Kalutara,19,2,9500000.0,Kalutara,17.62,Panadura
1650,3,2,Gampaha,10,2,16500000.0,Gampaha,12.5,Negombo
1800,4,1,Galle,43,2,5000000.0,Galle,19.0,Galle City
1655,3,3,Colombo,47,2,16800000.0,Colombo,11.5,Piliyandala
2500,4,2,Anuradhapura,2,2,13000000.0,Anuradhapura,110.0,Nochchiyagama
5445,5,2,Hambantota,41,2,50000000.0,Hambantota,20.0,Tangalla
1500,2,2,Colombo,4,1,12500000.0,Colombo,12.4,Kottawa
1290,4,1,Colombo,2,2,8500000.0,Colombo,10.0,Homagama
2000,4,1,Galle,7,2,19500000.0,Galle,6.0,Karapitiya
1280,2,2,Colombo,35,1,41000000.0,Colombo,12.5,Moratuwa
4000,4,4,Colombo,12,2,150000000.0,Colombo,6.62,Colombo 4
1300,2,2,Colombo,1,1,41000000.0,Colombo,12.5,Moratuwa
1200,2,1,Colombo,46,1,18500000.0,Colombo,12.0,Pannipitiya
1500,2,1,Puttalam,3,1,7000000.0,Puttalam,15.0,Chilaw
1500,4,3,Galle,38,2,69000000.0,Galle,56.0,Karapitiya
2000,7,3,Colombo,23,4,16500000.0,Colombo,3.0,Dehiwala
2300,4,2,Kalutara,7,2,30000000.0,Kalutara,17.0,Panadura
2586,3,3,Colombo,44,2,6500000.0,Colombo,9.5,Ratmalana
1500,3,1,Colombo,20,2,9800000.0,Colombo,10.0,Athurugiriya
2586,3,3,Colombo,17,2,6500000.0,Colombo,9.5,Ratmalana
3850,7,4,Colombo,18,4,25000000.0,Colombo,10.0,Malabe
2000,4,4,Colombo,4,2,23500000.0,Colombo,7.0,Malabe
1200,2,1,Colombo,1,1,21150000.0,Colombo,7.43,Battaramulla
1450,3,1,Gampaha,10,2,9900000.0,Gampaha,10.0,Negombo
2600,4,2,Kurunegala,10,2,6800000.0,Kurunegala,20.0,Kurunegala City
2800,5,3,Colombo,16,2,45000000.0,Colombo,9.87,Maharagama
2800,4,3,Colombo,44,2,26500000.0,Colombo,9.0,Battaramulla
1000,3,1,Colombo,16,2,8000000.0,Colombo,6.0,Malabe
2583,4,3,Colombo,17,2,32500000.0,Colombo,10.0,Athurugiriya
1200,2,1,Gampaha,1,1,3500000.0,Gampaha,9.0,Ganemulla
5000,6,4,Colombo,10,3,230000000.0,Colombo,65.0,Battaramulla
2800,4,3,Colombo,42,2,26500000.0,Colombo,9.0,Battaramulla
4000,4,4,Colombo,23,2,49500000.0,Colombo,10.0,Talawatugoda
3100,4,3,Gampaha,17,2,26500000.0,Gampaha,10.5,Negombo
600,2,1,Colombo,3,1,16000000.0,Colombo,2.2,Colombo 12
3150,4,3,Gampaha,19,2,26500000.0,Gampaha,10.5,Negombo
1000,4,4,Colombo,8,2,70000000.0,Colombo,152.0,Padukka
2850,3,3,Gampaha,3,2,26500000.0,Gampaha,43.0,Negombo
1800,5,3,Colombo,5,2,25500000.0,Colombo,9.15,Maharagama
1500,2,1,Kurunegala,16,1,8500000.0,Kurunegala,13.5,Pannala
1450,3,1,Gampaha,9,2,9900000.0,Gampaha,10.0,Negombo
2000,3,2,Gampaha,10,2,19500000.0,Gampaha,12.5,Negombo
1000,4,1,Gampaha,45,2,8500000.0,Gampaha,9.81,Gampaha City
3150,4,3,Gampaha,31,2,26500000.0,Gampaha,10.5,Negombo
2200,4,3,Colombo,6,2,26500000.0,Colombo,6.5,Malabe
2100,5,2,Gampaha,49,2,11000000.0,Gampaha,10.0,Negombo
1100,3,2,Colombo,6,2,14200000.0,Colombo,7.86,Malabe
2800,4,4,Colombo,43,2,27500000.0,Colombo,11.5,Malabe
1850,5,5,Colombo,41,2,48000000.0,Colombo,18.5,Dehiwala
2110,4,2,Gampaha,5,2,13000000.0,Gampaha,11.0,Negombo
1300,3,2,Gampaha,1,2,10000000.0,Gampaha,10.0,Kadawatha
1550,3,2,Gampaha,1,2,17000000.0,Gampaha,11.0,Negombo
1100,2,2,Colombo,25,1,8500000.0,Colombo,7.5,Kesbewa
1457,3,1,Matara,44,2,13000000.0,Matara,18.5,Kamburugamuwa
2300,4,2,Colombo,7,2,12500000.0,Colombo,10.0,Homagama
2500,2,1,Colombo,44,1,26000000.0,Colombo,5.0,Dehiwala
5445,7,2,Kandy,19,4,15000000.0,Kandy,20.0,Pilimatalawa
4000,4,3,Colombo,37,2,110000000.0,Colombo,7.8,Colombo 5
3000,5,4,Colombo,41,2,40000000.0,Colombo,10.0,Piliyandala
2800,5,7,Colombo,14,2,64000000.0,Colombo,17.5,Talawatugoda
4200,4,4,Colombo,6,2,49500000.0,Colombo,10.0,Talawatugoda
2000,4,2,Colombo,26,2,15000000.0,Colombo,17.0,Athurugiriya
875,4,2,Colombo,15,2,15000000.0,Colombo,2.5,Colombo 14
1200,2,1,Galle,50,1,4000000.0,Galle,15.0,Ambalangoda
1400,3,1,Kalutara,34,2,7000000.0,Kalutara,12.0,Horana
2500,6,4,Colombo,3,3,55000000.0,Colombo,8.1,Dehiwala
2800,5,4,Colombo,8,2,39500000.0,Colombo,6.0,Dehiwala
4500,4,4,Colombo,22,2,65000000.0,Colombo,10.0,Talawatugoda
2000,4,3,Colombo,4,2,45000000.0,Colombo,8.0,Kotte
1700,4,3,Colombo,41,2,24500000.0,Colombo,6.3,Malabe
2600,4,4,Colombo,9,2,23000000.0,Colombo,7.0,Malabe
3156,4,3,Gampaha,2,2,26500000.0,Gampaha,10.5,Negombo
1500,3,2,Badulla,41,2,19000000.0,Badulla,6.0,Badulla City
1275,3,2,Gampaha,4,2,12500000.0,Gampaha,7.2,Kadawatha
4000,4,4,Colombo,41,2,100000000.0,Colombo,10.0,Kotte
3500,5,4,Colombo,3,2,34500000.0,Colombo,7.5,Malabe
1450,3,1,Gampaha,1,2,9900000.0,Gampaha,10.0,Negombo
2400,4,4,Colombo,5,2,26000000.0,Colombo,10.5,Malabe
4300,4,4,Colombo,16,2,25000000.0,Colombo,11.0,Malabe
2000,3,2,Gampaha,11,2,19500000.0,Gampaha,12.5,Negombo
2800,4,2,Colombo,7,2,19800000.0,Colombo,16.0,Kesbewa
3000,5,4,Colombo,18,2,75000000.0,Colombo,9.15,Battaramulla
2000,5,3,Colombo,42,2,247500000.0,Colombo,55.0,Battaramulla
2000,4,4,Colombo,7,2,18500000.0,Colombo,8.3,Piliyandala
750,3,1,Colombo,8,2,14500000.0,Colombo,10.26,Moratuwa
2500,5,4,Colombo,9,2,52500000.0,Colombo,12.0,Battaramulla
4000,5,3,Colombo,13,2,65000000.0,Colombo,10.0,Battaramulla
1500,4,1,Gampaha,2,2,9000000.0,Gampaha,14.75,Seeduwa
5445,5,3,Kandy,25,2,14000000.0,Kandy,20.0,Nawalapitiya
4000,4,4,Colombo,3,2,110000000.0,Colombo,50.17,Talawatugoda
2800,4,4,Colombo,49,2,28000000.0,Colombo,10.0,Malabe
2600,4,4,Colombo,42,2,29000000.0,Colombo,10.5,Malabe
3500,4,4,Kandy,9,2,37500000.0,Kandy,20.0,Kundasale
2500,5,3,Colombo,10,2,17500000.0,Colombo,10.0,Kottawa
1800,4,2,Colombo,36,2,17500000.0,Colombo,7.5,Kottawa
1380,2,1,Kurunegala,14,1,18500000.0,Kurunegala,16.0,Kurunegala City
2400,4,2,Colombo,6,2,38000000.0,Colombo,10.0,Kottawa
2900,4,3,Colombo,38,2,33000000.0,Colombo,8.0,Kottawa
2540,3,1,Kegalle,4,2,18000000.0,Kegalle,50.0,Mawanella
2000,3,3,Colombo,8,2,20500000.0,Colombo,6.5,Athurugiriya
950,3,2,Colombo,33,2,18500000.0,Colombo,9.0,Athurugiriya
1200,3,1,Colombo,11,2,8400000.0,Colombo,10.0,Homagama
4200,4,4,Colombo,2,2,180000000.0,Colombo,23.4,Colombo 8
2067,5,4,Colombo,43,2,23000000.0,Colombo,6.0,Athurugiriya
2600,4,3,Colombo,20,2,19000000.0,Colombo,18.2,Athurugiriya
3000,4,3,Gampaha,9,2,25000000.0,Gampaha,10.0,Negombo
2200,3,3,Galle,1,2,6000000.0,Galle,10.0,Ambalangoda
4200,4,4,Colombo,8,2,49500000.0,Colombo,10.0,Talawatugoda
3500,5,4,Colombo,5,2,40000000.0,Colombo,11.0,Talawatugoda
3200,4,4,Colombo,19,2,36000000.0,Colombo,8.5,Piliyandala
3500,4,3,Colombo,6,2,93000000.0,Colombo,18.6,Colombo 5
2500,5,4,Colombo,40,2,28500000.0,Colombo,7.5,Piliyandala
1640,3,1,Colombo,4,2,16500000.0,Colombo,12.5,Piliyandala
2100,4,4,Gampaha,12,2,31500000.0,Gampaha,13.2,Negombo
1250,3,2,Colombo,24,2,16500000.0,Colombo,7.5,Malabe
2200,4,3,Colombo,23,2,22500000.0,Colombo,6.3,Malabe
2300,4,2,Colombo,15,2,38000000.0,Colombo,10.0,Kottawa
1000,7,5,Kandy,4,4,16500000.0,Kandy,14.0,Kandy City
2852,4,4,Colombo,10,2,24500000.0,Colombo,6.0,Piliyandala
1900,3,2,Colombo,41,2,19000000.0,Colombo,11.4,Malabe
1500,3,3,Colombo,9,2,18500000.0,Colombo,7.5,Malabe
2150,3,3,Gampaha,34,2,18500000.0,Gampaha,15.0,Negombo
2000,3,2,Gampaha,9,2,19500000.0,Gampaha,12.5,Negombo
2986,4,4,Colombo,50,2,27000000.0,Colombo,10.0,Piliyandala
1200,3,1,Monaragala,13,2,5500000.0,Monaragala,23.0,Monaragala City
3475,5,4,Colombo,21,2,33500000.0,Colombo,16.0,Piliyandala
1450,3,1,Gampaha,2,2,9900000.0,Gampaha,10.0,Negombo
1458,3,3,Colombo,33,2,14000000.0,Colombo,8.0,Piliyandala
1478,3,2,Colombo,7,2,14000000.0,Colombo,10.0,Piliyandala
2963,4,4,Colombo,20,2,25500000.0,Colombo,7.0,Piliyandala
2875,4,4,Colombo,38,2,24800000.0,Colombo,6.0,Piliyandala
3452,4,4,Colombo,38,2,33500000.0,Colombo,10.0,Piliyandala
3012,4,4,Colombo,38,2,28000000.0,Colombo,10.0,Piliyandala
2984,4,4,Colombo,46,2,25500000.0,Colombo,7.5,Piliyandala
3661,4,3,Colombo,9,2,27000000.0,Colombo,19.0,Piliyandala
2854,3,3,Colombo,48,2,21500000.0,Colombo,9.5,Piliyandala
2700,4,4,Colombo,37,2,26000000.0,Colombo,7.0,Piliyandala
1698,3,3,Colombo,13,2,14500000.0,Colombo,10.0,Piliyandala
2800,6,3,Colombo,12,3,36500000.0,Colombo,10.0,Rajagiriya
3000,5,3,Colombo,4,2,18500000.0,Colombo,7.33,Piliyandala
4000,4,4,Colombo,24,2,49500000.0,Colombo,10.0,Talawatugoda
3800,4,3,Colombo,5,2,45000000.0,Colombo,11.0,Talawatugoda
4200,4,4,Colombo,25,2,49500000.0,Colombo,10.0,Talawatugoda
2750,4,4,Colombo,4,2,32000000.0,Colombo,7.3,Colombo 15
3500,4,3,Colombo,2,2,45000000.0,Colombo,11.0,Talawatugoda
4000,4,3,Colombo,27,2,47000000.0,Colombo,12.0,Talawatugoda
3300,4,3,Colombo,5,2,42500000.0,Colombo,11.0,Talawatugoda
1825,3,3,Gampaha,2,2,28000000.0,Gampaha,10.3,Kadawatha
3800,4,3,Colombo,4,2,40000000.0,Colombo,11.0,Talawatugoda
3000,4,3,Colombo,33,2,60000000.0,Colombo,15.0,Talawatugoda
4000,4,4,Colombo,6,2,49500000.0,Colombo,10.0,Talawatugoda
2000,4,2,Gampaha,7,2,13000000.0,Gampaha,10.0,Kadawatha
2700,4,2,Colombo,29,2,26000000.0,Colombo,10.0,Homagama
2500,5,3,Gampaha,34,2,30000000.0,Gampaha,12.5,Seeduwa
2500,3,2,Gampaha,18,2,16000000.0,Gampaha,6.7,Ganemulla
3875,4,4,Colombo,9,2,44000000.0,Colombo,9.5,Talawatugoda
2100,3,2,Gampaha,27,2,20000000.0,Gampaha,15.0,Kiribathgoda
5500,6,6,Colombo,36,3,172500000.0,Colombo,8.8,Colombo 5
3000,4,4,Colombo,27,2,60000000.0,Colombo,15.0,Talawatugoda
3150,4,3,Gampaha,10,2,26500000.0,Gampaha,10.5,Negombo
3500,4,4,Colombo,50,2,27000000.0,Colombo,10.8,Kottawa
1480,3,2,Colombo,4,2,16800000.0,Colombo,8.0,Athurugiriya
4000,5,2,Colombo,35,2,32000000.0,Colombo,20.0,Colombo 15
3000,4,3,Colombo,15,2,33000000.0,Colombo,8.0,Kottawa
4000,4,4,Colombo,25,2,49500000.0,Colombo,10.0,Talawatugoda
870,1,1,Kalutara,6,1,4300000.0,Kalutara,7.5,Panadura
4000,5,2,Gampaha,22,2,32000000.0,Gampaha,20.0,Wattala
3800,4,3,Colombo,42,2,40000000.0,Colombo,11.0,Talawatugoda
4850,6,4,Colombo,11,3,110000000.0,Colombo,16.0,Dehiwala
4500,6,6,Colombo,17,3,100000000.0,Colombo,15.0,Dehiwala
1650,5,3,Colombo,22,2,53000000.0,Colombo,7.31,Boralesgamuwa
3000,4,4,Colombo,44,2,30000000.0,Colombo,15.0,Ratmalana
1200,2,1,Kalutara,11,1,7500000.0,Kalutara,20.0,Bandaragama
2750,4,4,Gampaha,9,2,32000000.0,Gampaha,7.3,Wattala
4000,5,4,Colombo,11,2,100000000.0,Colombo,20.0,Battaramulla
3811,4,3,Gampaha,37,2,12000000.0,Gampaha,16.0,Minuwangoda
3300,4,2,Colombo,5,2,13500000.0,Colombo,11.0,Padukka
2400,3,2,Matale,14,2,7800000.0,Matale,7.0,Palapathwela
2500,3,1,Gampaha,1,2,14500000.0,Gampaha,14.0,Katunayake
850,2,1,Galle,5,1,3000000.0,Galle,6.0,Galle City
3000,6,3,Colombo,15,3,42500000.0,Colombo,10.0,Battaramulla
4000,4,4,Colombo,15,2,49500000.0,Colombo,10.0,Talawatugoda
4000,4,3,Colombo,28,2,40000000.0,Colombo,11.5,Talawatugoda
2500,4,3,Kandy,5,2,22000000.0,Kandy,9.81,Katugastota
4000,4,2,Kandy,29,2,24500000.0,Kandy,24.7,Kundasale
1200,3,2,Colombo,12,2,12800000.0,Colombo,6.5,Piliyandala
4300,5,5,Gampaha,38,2,32000000.0,Gampaha,10.0,Ja-Ela
3800,4,5,Kalutara,10,2,48000000.0,Kalutara,11.5,Panadura
3000,4,4,Colombo,9,2,25500000.0,Colombo,7.5,Piliyandala
3000,5,4,Colombo,18,2,28500000.0,Colombo,8.5,Piliyandala
2500,4,3,Colombo,48,2,27500000.0,Colombo,12.0,Malabe
2650,5,4,Colombo,16,2,28500000.0,Colombo,7.5,Piliyandala
1500,2,2,Colombo,8,1,22000000.0,Colombo,6.5,Dehiwala
2700,4,3,Colombo,39,2,25000000.0,Colombo,7.5,Kottawa
2000,4,3,Colombo,38,2,18500000.0,Colombo,8.0,Piliyandala
2588,4,4,Colombo,10,2,25500000.0,Colombo,7.5,Piliyandala
2512,4,4,Colombo,9,2,25500000.0,Colombo,6.2,Piliyandala
2840,4,4,Colombo,33,2,28500000.0,Colombo,7.5,Piliyandala
2820,4,4,Colombo,30,2,26000000.0,Colombo,8.5,Piliyandala
1611,3,3,Colombo,40,2,18500000.0,Colombo,8.0,Piliyandala
1620,3,3,Colombo,30,2,19000000.0,Colombo,10.5,Piliyandala
850,4,1,Badulla,17,2,5600000.0,Badulla,31.0,Badulla City
900,2,1,Colombo,17,1,17000000.0,Colombo,3.5,Colombo 5
2200,4,4,Colombo,23,2,17500000.0,Colombo,7.0,Piliyandala
2800,4,2,Colombo,7,2,36000000.0,Colombo,14.25,Malabe
2450,4,3,Gampaha,21,2,27500000.0,Gampaha,6.0,Wattala
1500,4,2,Galle,43,2,14000000.0,Galle,21.0,Galle City
1300,4,2,Colombo,8,2,52000000.0,Colombo,13.2,Dehiwala
1200,2,1,Kalutara,45,1,6900000.0,Kalutara,14.0,Kalutara City
1800,4,3,Colombo,44,2,24500000.0,Colombo,6.3,Malabe
1650,3,3,Colombo,11,2,14500000.0,Colombo,10.0,Piliyandala
3300,3,2,Colombo,4,2,37500000.0,Colombo,6.0,Mount Lavinia
1650,3,2,Gampaha,9,2,20500000.0,Gampaha,10.0,Negombo
4000,8,2,Kalutara,8,4,25500000.0,Kalutara,25.0,Kalutara City
1560,5,2,Gampaha,15,2,14000000.0,Gampaha,11.8,Ragama
1470,3,2,Colombo,43,2,32000000.0,Colombo,20.0,Homagama
2250,5,3,Colombo,12,2,16800000.0,Colombo,9.5,Piliyandala
1400,3,2,Colombo,33,2,14000000.0,Colombo,9.0,Boralesgamuwa
1550,3,2,Gampaha,3,2,17000000.0,Gampaha,11.0,Negombo
2216,4,2,Kandy,24,2,15000000.0,Kandy,29.0,Kandy City
1800,5,2,Gampaha,11,2,40000000.0,Gampaha,33.0,Kandana
2550,5,3,Gampaha,43,2,30500000.0,Gampaha,15.0,Kandana
2253,3,3,Colombo,3,2,19500000.0,Colombo,7.0,Piliyandala
1550,2,2,Gampaha,45,1,20000000.0,Gampaha,10.0,Kandana
3000,5,4,Colombo,19,2,40000000.0,Colombo,10.0,Piliyandala
1300,3,1,Gampaha,9,2,5000000.0,Gampaha,5.0,Kadawatha
2200,4,3,Colombo,40,2,26000000.0,Colombo,7.0,Piliyandala
3200,4,4,Colombo,42,2,36000000.0,Colombo,8.5,Piliyandala
4000,4,4,Colombo,40,2,34000000.0,Colombo,10.0,Piliyandala
2400,6,3,Galle,12,3,28000000.0,Galle,9.4,Galle City
2130,4,1,Colombo,9,2,11500000.0,Colombo,20.0,Homagama
1200,3,1,Kalutara,4,2,14500000.0,Kalutara,23.5,Panadura
1800,5,2,Kandy,24,2,30000000.0,Kandy,30.0,Peradeniya
3000,4,4,Colombo,42,2,60000000.0,Colombo,15.0,Talawatugoda
2300,3,2,Kalutara,46,2,28000000.0,Kalutara,18.0,Bandaragama
4500,4,5,Gampaha,6,2,47000000.0,Gampaha,14.7,Negombo
3150,4,3,Gampaha,13,2,26500000.0,Gampaha,10.5,Negombo
4800,4,4,Colombo,4,2,100000000.0,Colombo,17.0,Talawatugoda
4850,6,3,Colombo,24,3,60000000.0,Colombo,16.0,Dehiwala
4000,4,4,Colombo,21,2,49500000.0,Colombo,10.0,Talawatugoda
1518,3,1,Gampaha,13,2,6500000.0,Gampaha,7.2,Kadawatha
3000,3,3,Colombo,44,2,42500000.0,Colombo,15.0,Pannipitiya
3000,6,3,Colombo,3,3,45000000.0,Colombo,19.0,Maharagama
4320,4,3,Colombo,50,2,28000000.0,Colombo,11.0,Malabe
4000,4,4,Colombo,17,2,88000000.0,Colombo,12.5,Talawatugoda
1350,1,1,Colombo,35,1,5500000.0,Colombo,5.0,Kaduwela
5000,5,5,Colombo,37,2,100000000.0,Colombo,20.0,Talawatugoda
3200,3,3,Colombo,9,2,52000000.0,Colombo,16.0,Malabe
3200,3,3,Colombo,10,2,52000000.0,Colombo,16.0,Athurugiriya
3200,3,3,Colombo,45,2,52000000.0,Colombo,16.0,Talawatugoda
1000,2,1,Colombo,36,1,16000000.0,Colombo,40.0,Piliyandala
4500,4,4,Colombo,31,2,85000000.0,Colombo,6.6,Colombo 9
4500,5,4,Colombo,10,2,115000000.0,Colombo,22.0,Battaramulla
4500,5,4,Colombo,12,2,115000000.0,Colombo,22.0,Talawatugoda
1000,2,2,Gampaha,3,1,3000000.0,Gampaha,3.0,Delgoda
2100,5,2,Gampaha,39,2,11000000.0,Gampaha,10.0,Negombo
3000,4,4,Colombo,29,2,33000000.0,Colombo,8.0,Kottawa
1650,3,2,Gampaha,17,2,16500000.0,Gampaha,12.5,Negombo
1400,3,1,Colombo,43,2,13500000.0,Colombo,14.0,Piliyandala
1200,3,2,Colombo,5,2,18500000.0,Colombo,10.0,Piliyandala
2400,6,4,Colombo,12,3,25000000.0,Colombo,5.0,Colombo 5
3250,5,3,Colombo,16,2,23500000.0,Colombo,7.0,Piliyandala
1290,3,1,Matara,32,2,6600000.0,Matara,14.0,Matara City
1200,3,3,Colombo,3,2,14000000.0,Colombo,12.0,Piliyandala
2000,4,3,Colombo,47,2,17500000.0,Colombo,6.5,Piliyandala
3700,6,3,Colombo,9,3,18750000.0,Colombo,8.3,Kottawa
2800,4,3,Colombo,6,2,26500000.0,Colombo,6.5,Malabe
3200,4,4,Colombo,7,2,36000000.0,Colombo,10.0,Malabe
4000,5,4,Colombo,2,2,65000000.0,Colombo,12.5,Malabe
3500,4,3,Colombo,4,2,34000000.0,Colombo,12.5,Maharagama
2500,3,2,Colombo,50,2,35000000.0,Colombo,20.0,Talawatugoda
2500,5,7,Colombo,17,2,66000000.0,Colombo,17.5,Talawatugoda
4200,4,4,Colombo,47,2,49500000.0,Colombo,10.0,Talawatugoda
3000,4,3,Colombo,22,2,110000000.0,Colombo,20.0,Talawatugoda
3300,4,4,Colombo,3,2,44000000.0,Colombo,7.7,Talawatugoda
3800,5,4,Colombo,46,2,45000000.0,Colombo,11.0,Talawatugoda
4000,4,4,Colombo,18,2,60000000.0,Colombo,15.0,Talawatugoda
2700,5,2,Gampaha,39,2,13500000.0,Gampaha,15.0,Nittambuwa
2700,5,5,Colombo,2,2,42000000.0,Colombo,14.85,Colombo 3
3000,4,4,Colombo,42,2,53000000.0,Colombo,16.0,Talawatugoda
4200,4,4,Colombo,41,2,49500000.0,Colombo,10.0,Talawatugoda
3500,5,4,Colombo,47,2,40000000.0,Colombo,11.0,Talawatugoda
2800,4,3,Colombo,43,2,27500000.0,Colombo,13.0,Nugegoda
1000,3,1,Colombo,7,2,4250000.0,Colombo,7.0,Godagama
1200,3,2,Hambantota,4,2,16000000.0,Hambantota,20.0,Ambalantota
2500,3,2,Gampaha,3,2,36500000.0,Gampaha,22.7,Negombo
1250,3,2,Colombo,10,2,16500000.0,Colombo,7.5,Malabe
1700,4,3,Colombo,46,2,24500000.0,Colombo,6.3,Malabe
2800,4,4,Colombo,18,2,27500000.0,Colombo,11.5,Malabe
2800,4,4,Colombo,11,2,28000000.0,Colombo,10.0,Malabe
3300,5,3,Colombo,1,2,27500000.0,Colombo,10.0,Talawatugoda
4000,4,3,Colombo,5,2,40000000.0,Colombo,11.5,Talawatugoda
2200,4,3,Colombo,12,2,22500000.0,Colombo,6.3,Malabe
2200,4,3,Colombo,8,2,26500000.0,Colombo,6.5,Malabe
1800,3,3,Gampaha,36,2,11000000.0,Gampaha,13.0,Negombo
2500,5,4,Colombo,41,2,28500000.0,Colombo,7.5,Piliyandala
2600,4,4,Colombo,40,2,23000000.0,Colombo,7.0,Malabe
2650,5,3,Gampaha,4,2,24500000.0,Gampaha,14.2,Negombo
1900,3,2,Colombo,48,2,19000000.0,Colombo,11.4,Malabe
1500,3,3,Colombo,10,2,18500000.0,Colombo,7.5,Malabe
1700,3,1,Gampaha,31,2,11000000.0,Gampaha,9.8,Negombo
4100,4,4,Colombo,32,2,70000000.0,Colombo,12.6,Battaramulla
1600,3,2,Gampaha,10,2,17000000.0,Gampaha,11.0,Negombo
4100,4,4,Colombo,18,2,55000000.0,Colombo,10.0,Talawatugoda
2531,4,4,Colombo,40,2,28500000.0,Colombo,8.5,Piliyandala
2100,4,4,Gampaha,9,2,31500000.0,Gampaha,13.2,Negombo
2461,4,4,Colombo,5,2,24800000.0,Colombo,6.3,Piliyandala
2750,4,2,Gampaha,48,2,13000000.0,Gampaha,11.0,Negombo
1532,3,2,Colombo,23,2,14000000.0,Colombo,8.5,Piliyandala
2000,3,3,Gampaha,35,2,20500000.0,Gampaha,10.0,Negombo
3461,5,4,Colombo,5,2,25500000.0,Colombo,7.5,Piliyandala
2874,4,4,Colombo,23,2,27000000.0,Colombo,19.0,Piliyandala
1435,3,2,Colombo,25,2,14000000.0,Colombo,10.0,Piliyandala
2640,4,4,Colombo,12,2,26000000.0,Colombo,7.0,Piliyandala
1543,3,2,Colombo,2,2,14000000.0,Colombo,8.0,Piliyandala
2986,4,4,Colombo,3,2,28000000.0,Colombo,10.0,Piliyandala
3014,4,5,Colombo,24,2,25500000.0,Colombo,7.0,Piliyandala
1542,3,3,Colombo,45,2,14000000.0,Colombo,10.0,Piliyandala
2431,3,2,Colombo,48,2,21500000.0,Colombo,9.5,Piliyandala
2987,4,4,Colombo,18,2,24800000.0,Colombo,6.0,Piliyandala
2986,4,4,Colombo,10,2,25500000.0,Colombo,7.5,Piliyandala
2985,3,3,Colombo,7,2,21500000.0,Colombo,9.5,Piliyandala
3100,4,4,Kalutara,4,2,40000000.0,Kalutara,21.0,Horana
3000,4,3,Colombo,20,2,60000000.0,Colombo,15.0,Talawatugoda
2200,4,3,Colombo,22,2,25500000.0,Colombo,6.3,Malabe
3412,4,4,Colombo,7,2,34500000.0,Colombo,10.0,Piliyandala
5000,5,4,Colombo,44,2,170000000.0,Colombo,27.5,Piliyandala
3300,4,3,Colombo,39,2,42500000.0,Colombo,11.0,Talawatugoda
1500,3,1,Galle,49,2,12000000.0,Galle,35.0,Karapitiya
6700,5,5,Colombo,40,2,110000000.0,Colombo,40.0,Homagama
2500,4,4,Colombo,31,2,19000000.0,Colombo,7.0,Piliyandala
2500,4,5,Colombo,20,2,29000000.0,Colombo,7.0,Piliyandala
2300,4,3,Colombo,24,2,170000000.0,Colombo,11.0,Talawatugoda
3200,4,3,Colombo,20,2,43500000.0,Colombo,10.5,Talawatugoda
2000,4,3,Puttalam,11,2,14800000.0,Puttalam,16.5,Chilaw
3150,4,3,Gampaha,28,2,26500000.0,Gampaha,10.5,Negombo
2100,4,2,Gampaha,23,2,13000000.0,Gampaha,11.0,Negombo
3150,4,3,Gampaha,32,2,26500000.0,Gampaha,10.5,Negombo
2200,6,2,Colombo,8,3,19000000.0,Colombo,10.0,Malabe
3500,4,3,Colombo,48,2,54000000.0,Colombo,15.0,Talawatugoda
1560,3,4,Colombo,34,2,34000000.0,Colombo,6.0,Dehiwala
1300,3,3,Colombo,1,2,14000000.0,Colombo,6.0,Athurugiriya
1750,3,1,Colombo,39,2,15000000.0,Colombo,6.5,Malabe
1522,3,3,Colombo,12,2,18500000.0,Colombo,8.0,Piliyandala
1500,4,3,Colombo,45,2,19000000.0,Colombo,10.5,Piliyandala
2205,6,2,Gampaha,30,3,8700000.0,Gampaha,12.0,Delgoda
2850,4,3,Colombo,4,2,33000000.0,Colombo,8.0,Kottawa
2250,4,3,Kandy,1,2,50000000.0,Kandy,9.6,Katugastota
1200,3,1,Kalutara,6,2,8800000.0,Kalutara,20.0,Kalutara City
800,2,2,Colombo,25,1,16500000.0,Colombo,6.5,Malabe
5500,6,5,Colombo,7,3,67500000.0,Colombo,9.0,Nugegoda
3000,6,6,Colombo,48,3,62750000.0,Colombo,10.0,Colombo 14
3000,5,2,Gampaha,44,2,24500000.0,Gampaha,10.0,Gampaha City
1528,3,2,Colombo,9,2,14000000.0,Colombo,10.0,Piliyandala
2200,3,2,Gampaha,6,2,18500000.0,Gampaha,20.5,Kadawatha
3461,4,4,Colombo,4,2,25500000.0,Colombo,7.5,Piliyandala
2863,4,4,Colombo,2,2,28500000.0,Colombo,8.5,Piliyandala
2468,4,4,Colombo,40,2,24800000.0,Colombo,6.5,Piliyandala
1600,4,1,Gampaha,23,2,16500000.0,Gampaha,16.0,Kadawatha
2569,4,4,Colombo,4,2,25500000.0,Colombo,7.5,Piliyandala
3150,4,3,Gampaha,25,2,26500000.0,Gampaha,10.5,Negombo
1550,3,2,Gampaha,9,2,17000000.0,Gampaha,11.0,Negombo
2100,5,2,Gampaha,3,2,11000000.0,Gampaha,10.0,Negombo
3000,4,4,Colombo,1,2,33000000.0,Colombo,8.0,Kotte
4200,4,4,Colombo,23,2,49500000.0,Colombo,10.0,Talawatugoda
2800,4,3,Colombo,8,2,26500000.0,Colombo,6.5,Malabe
3000,4,4,Colombo,27,2,45000000.0,Colombo,7.0,Battaramulla
1500,2,1,Kurunegala,40,1,3500000.0,Kurunegala,15.0,Narammala
4500,5,4,Colombo,11,2,115000000.0,Colombo,22.0,Battaramulla
4000,5,4,Colombo,47,2,75000000.0,Colombo,14.0,Battaramulla
2000,4,2,Kurunegala,4,2,13000000.0,Kurunegala,60.0,Kurunegala City
3600,6,4,Colombo,8,3,33500000.0,Colombo,16.2,Kottawa
4500,4,5,Colombo,2,2,37500000.0,Colombo,14.5,Kottawa
2500,4,3,Colombo,12,2,23500000.0,Colombo,6.0,Malabe
3600,4,3,Colombo,1,2,36000000.0,Colombo,7.8,Malabe
1800,3,1,Gampaha,10,2,9500000.0,Gampaha,7.2,Negombo
2300,3,3,Colombo,24,2,25000000.0,Colombo,7.67,Malabe
1450,3,2,Colombo,42,2,15000000.0,Colombo,7.0,Kottawa
5000,6,5,Colombo,7,3,170000000.0,Colombo,27.5,Boralesgamuwa
1350,3,1,Gampaha,26,2,12000000.0,Gampaha,6.87,Kadawatha
900,3,2,Colombo,19,2,15000000.0,Colombo,9.5,Godagama
900,2,2,Colombo,9,1,13500000.0,Colombo,11.7,Boralesgamuwa
1980,4,2,Colombo,31,2,25000000.0,Colombo,14.0,Malabe
5500,5,3,Colombo,33,2,40000000.0,Colombo,10.0,Malabe
3000,3,3,Colombo,15,2,25000000.0,Colombo,8.0,Piliyandala
3500,5,4,Colombo,23,2,50600000.0,Colombo,22.0,Ratmalana
3000,3,3,Colombo,14,2,22500000.0,Colombo,9.5,Kesbewa
2500,4,3,Colombo,28,2,23500000.0,Colombo,6.0,Malabe
3200,4,4,Colombo,36,2,43500000.0,Colombo,10.5,Talawatugoda
1500,3,1,Colombo,1,2,9000000.0,Colombo,11.5,Piliyandala
2400,4,4,Colombo,43,2,45000000.0,Colombo,9.9,Nugegoda
514,1,1,Kegalle,27,1,5600000.0,Kegalle,20.0,Mawanella
3000,5,2,Gampaha,46,2,49800000.0,Gampaha,27.0,Seeduwa
1400,3,2,Colombo,45,2,18500000.0,Colombo,7.9,Malabe
2500,4,3,Colombo,7,2,23500000.0,Colombo,6.0,Malabe
2675,4,3,Colombo,7,2,53000000.0,Colombo,10.12,Malabe
1070,3,2,Colombo,36,2,14200000.0,Colombo,7.6,Malabe
2000,3,2,Colombo,21,2,26000000.0,Colombo,13.8,Moratuwa
1070,3,2,Colombo,48,2,14200000.0,Colombo,7.6,Malabe
3000,5,4,Colombo,12,2,21000000.0,Colombo,8.0,Maharagama
900,1,1,Colombo,2,1,9200000.0,Colombo,12.0,Piliyandala
3150,4,3,Gampaha,6,2,26500000.0,Gampaha,10.5,Negombo
1400,2,1,Colombo,42,1,5800000.0,Colombo,8.5,Piliyandala
2500,4,2,Colombo,15,2,40000000.0,Colombo,6.5,Piliyandala
950,3,2,Colombo,45,2,17500000.0,Colombo,3.5,Colombo 10
2800,4,4,Colombo,48,2,27500000.0,Colombo,11.5,Malabe
1250,3,2,Colombo,5,2,16500000.0,Colombo,7.5,Malabe
5100,5,5,Colombo,6,2,42000000.0,Colombo,16.0,Pannipitiya
1100,3,2,Colombo,8,2,14200000.0,Colombo,7.86,Malabe
1830,4,2,Colombo,42,2,17500000.0,Colombo,13.0,Kottawa
2600,4,3,Gampaha,9,2,25000000.0,Gampaha,10.0,Kandana
2869,4,4,Colombo,16,2,33000000.0,Colombo,8.0,Kottawa
2863,4,4,Colombo,29,2,33000000.0,Colombo,8.0,Piliyandala
2500,6,2,Colombo,23,3,28000000.0,Colombo,10.0,Malabe
1200,3,1,Colombo,44,2,9000000.0,Colombo,8.0,Piliyandala
1450,3,1,Gampaha,5,2,15500000.0,Gampaha,16.3,Gampaha City
1850,3,2,Gampaha,18,2,8500000.0,Gampaha,14.75,Ja-Ela
2984,7,3,Badulla,21,4,28000000.0,Badulla,10.5,Badulla City
2800,5,7,Colombo,45,2,64000000.0,Colombo,17.5,Talawatugoda
3800,6,4,Colombo,29,3,29500000.0,Colombo,13.0,Kottawa
1200,3,3,Colombo,1,2,14000000.0,Colombo,6.0,Athurugiriya
3250,5,3,Colombo,19,2,23500000.0,Colombo,7.5,Piliyandala
2453,4,4,Colombo,41,2,25500000.0,Colombo,7.5,Piliyandala
3000,5,4,Colombo,7,2,40000000.0,Colombo,10.0,Piliyandala
2463,4,4,Colombo,49,2,24800000.0,Colombo,6.5,Piliyandala
3258,5,4,Colombo,33,2,25500000.0,Colombo,7.5,Piliyandala
2600,4,4,Colombo,22,2,29000000.0,Colombo,10.0,Malabe
1456,4,1,Colombo,41,2,8700000.0,Colombo,7.5,Homagama
2400,4,2,Colombo,7,2,38000000.0,Colombo,10.0,Kottawa
5100,5,5,Colombo,5,2,42000000.0,Colombo,16.0,Piliyandala
2500,4,4,Colombo,15,2,45000000.0,Colombo,6.0,Dehiwala
1600,3,2,Colombo,3,2,30000000.0,Colombo,6.0,Dehiwala
3500,8,4,Colombo,7,4,100000000.0,Colombo,28.0,Kottawa
956,4,1,Gampaha,36,2,7000000.0,Gampaha,15.0,Nittambuwa
5000,5,2,Nuwara Eliya,45,2,16000000.0,Nuwara Eliya,9.0,Nuwara Eliya City
2200,4,3,Colombo,19,2,22500000.0,Colombo,6.3,Malabe
2850,3,3,Gampaha,26,2,26500000.0,Gampaha,43.0,Negombo
4500,5,4,Colombo,2,2,115000000.0,Colombo,22.0,Talawatugoda
1035,3,2,Colombo,21,2,16500000.0,Colombo,4.5,Battaramulla
1250,3,2,Colombo,30,2,26500000.0,Colombo,7.0,Malabe
1700,4,3,Colombo,8,2,24500000.0,Colombo,6.3,Malabe
4800,6,3,Gampaha,36,3,65000000.0,Gampaha,66.0,Gampaha City
3000,4,3,Colombo,23,2,29500000.0,Colombo,12.0,Piliyandala
4500,4,5,Colombo,20,2,37500000.0,Colombo,14.5,Piliyandala
3216,4,4,Colombo,6,2,25500000.0,Colombo,7.5,Piliyandala
6000,5,4,Colombo,23,2,42000000.0,Colombo,16.0,Piliyandala
2516,4,4,Colombo,16,2,25500000.0,Colombo,6.2,Piliyandala
1400,3,1,Colombo,23,2,13500000.0,Colombo,14.0,Piliyandala
1644,4,3,Colombo,40,2,14000000.0,Colombo,12.0,Kesbewa
1200,3,2,Colombo,48,2,18500000.0,Colombo,10.0,Piliyandala
4200,4,4,Colombo,43,2,49500000.0,Colombo,10.0,Talawatugoda
3100,4,4,Colombo,22,2,40000000.0,Colombo,10.0,Piliyandala
3250,5,4,Colombo,18,2,23500000.0,Colombo,7.0,Piliyandala
1200,3,3,Colombo,6,2,14000000.0,Colombo,12.0,Piliyandala
2000,4,3,Colombo,1,2,17500000.0,Colombo,6.5,Piliyandala
1800,4,2,Colombo,49,2,36000000.0,Colombo,18.0,Maharagama
1271,3,2,Colombo,49,2,26500000.0,Colombo,7.0,Malabe
3000,5,4,Colombo,9,2,75000000.0,Colombo,9.15,Battaramulla
4000,5,3,Colombo,42,2,65000000.0,Colombo,10.0,Battaramulla
4200,4,4,Colombo,28,2,49500000.0,Colombo,10.0,Talawatugoda
2200,4,3,Colombo,20,2,26500000.0,Colombo,6.5,Malabe
4500,5,4,Colombo,49,2,115000000.0,Colombo,22.0,Talawatugoda
3267,2,1,Gampaha,2,1,75000000.0,Gampaha,12.0,Kandana
1350,3,1,Galle,23,2,8400000.0,Galle,16.0,Ahangama
2000,4,3,Colombo,20,2,15000000.0,Colombo,17.0,Athurugiriya
1250,3,2,Colombo,2,2,16500000.0,Colombo,7.5,Athurugiriya
9000,5,5,Colombo,13,2,120000000.0,Colombo,16.0,Talawatugoda
1900,4,2,Colombo,28,2,19000000.0,Colombo,11.4,Malabe
3000,4,4,Colombo,21,2,23500000.0,Colombo,7.0,Piliyandala
3800,4,4,Colombo,7,2,45000000.0,Colombo,7.0,Talawatugoda
3500,3,2,Gampaha,1,2,9000000.0,Gampaha,25.0,Kiribathgoda
2800,4,3,Colombo,15,2,26500000.0,Colombo,6.5,Malabe
2067,5,4,Colombo,26,2,23000000.0,Colombo,6.0,Athurugiriya
950,3,2,Colombo,15,2,18500000.0,Colombo,3.0,Athurugiriya
3200,4,4,Colombo,46,2,36000000.0,Colombo,10.0,Malabe
2800,4,4,Colombo,40,2,28000000.0,Colombo,10.0,Malabe
4000,5,4,Colombo,23,2,65000000.0,Colombo,12.5,Malabe
3000,4,3,Colombo,15,2,30500000.0,Colombo,7.5,Piliyandala
1200,2,1,Colombo,44,1,8200000.0,Colombo,14.0,Piliyandala
1820,2,1,Colombo,45,1,7500000.0,Colombo,7.0,Boralesgamuwa
3300,4,4,Gampaha,7,2,18500000.0,Gampaha,15.0,Gampaha City
4000,4,3,Colombo,32,2,29500000.0,Colombo,8.0,Kottawa
1800,4,4,Colombo,19,2,17500000.0,Colombo,7.5,Kottawa
3000,4,4,Colombo,13,2,33000000.0,Colombo,8.0,Kottawa
1800,3,1,Gampaha,9,2,9000000.0,Gampaha,20.0,Gampaha City
2500,5,3,Colombo,9,2,17500000.0,Colombo,10.0,Kottawa
2200,4,3,Colombo,36,2,30000000.0,Colombo,10.0,Malabe
1400,4,2,Kandy,2,2,17000000.0,Kandy,10.0,Katugastota
1300,3,1,Colombo,44,2,9000000.0,Colombo,10.0,Homagama
1320,3,2,Colombo,23,2,10000000.0,Colombo,10.0,Kaduwela
3400,4,3,Colombo,47,2,54000000.0,Colombo,15.0,Talawatugoda
3500,5,4,Colombo,4,2,40000000.0,Colombo,11.0,Talawatugoda
1300,2,1,Colombo,36,1,13000000.0,Colombo,8.5,Kottawa
2200,4,3,Colombo,21,2,22500000.0,Colombo,6.3,Malabe
1700,4,3,Colombo,45,2,24500000.0,Colombo,6.3,Malabe
1900,3,2,Colombo,18,2,19000000.0,Colombo,11.4,Malabe
1500,3,3,Colombo,19,2,18500000.0,Colombo,7.5,Malabe
4000,4,4,Colombo,19,2,100000000.0,Colombo,10.0,Kotte
2200,4,3,Colombo,20,2,26000000.0,Colombo,7.0,Piliyandala
1550,3,2,Gampaha,21,2,17000000.0,Gampaha,11.0,Negombo
3200,4,4,Colombo,19,2,36000000.0,Colombo,8.5,Piliyandala
1650,3,2,Gampaha,44,2,16500000.0,Gampaha,12.5,Negombo
3200,4,3,Colombo,26,2,35000000.0,Colombo,9.0,Piliyandala
3153,4,3,Gampaha,3,2,26500000.0,Gampaha,10.5,Negombo
4000,4,4,Colombo,15,2,34500000.0,Colombo,10.0,Piliyandala
1200,3,2,Colombo,22,2,11500000.0,Colombo,10.0,Kottawa
2500,5,4,Colombo,31,2,28500000.0,Colombo,7.5,Piliyandala
2600,4,3,Gampaha,29,2,29000000.0,Gampaha,8.0,Wattala
2100,4,4,Gampaha,28,2,31500000.0,Gampaha,13.2,Negombo
3142,4,4,Colombo,6,2,30500000.0,Colombo,8.0,Piliyandala
3142,5,4,Colombo,23,2,27000000.0,Colombo,10.0,Piliyandala
2800,4,4,Colombo,49,2,26000000.0,Colombo,8.5,Boralesgamuwa
2896,4,4,Colombo,5,2,28500000.0,Colombo,7.5,Piliyandala
2100,4,4,Gampaha,2,2,22500000.0,Gampaha,13.2,Negombo
2874,4,4,Colombo,17,2,26000000.0,Colombo,8.0,Piliyandala
2534,4,4,Colombo,47,2,25500000.0,Colombo,7.5,Piliyandala
3142,4,4,Colombo,42,2,27000000.0,Colombo,19.0,Piliyandala
3500,4,3,Gampaha,6,2,26500000.0,Gampaha,10.0,Negombo
2865,4,4,Colombo,4,2,26000000.0,Colombo,8.0,Piliyandala
2463,3,3,Colombo,42,2,21500000.0,Colombo,9.5,Piliyandala
2896,4,4,Colombo,5,2,25500000.0,Colombo,8.0,Piliyandala
2865,3,3,Colombo,19,2,21500000.0,Colombo,9.5,Piliyandala
1546,3,2,Colombo,6,2,14000000.0,Colombo,8.0,Piliyandala
2253,3,3,Colombo,13,2,21000000.0,Colombo,9.5,Piliyandala
2874,4,4,Colombo,17,2,24800000.0,Colombo,6.0,Piliyandala
2874,4,4,Colombo,1,2,24800000.0,Colombo,6.0,Piliyandala
3142,5,4,Colombo,46,2,33500000.0,Colombo,16.0,Piliyandala
2850,3,3,Gampaha,49,2,26500000.0,Gampaha,43.0,Negombo
2100,5,2,Gampaha,27,2,11000000.0,Gampaha,10.0,Negombo
1650,3,2,Gampaha,40,2,20500000.0,Gampaha,10.0,Negombo
2000,3,1,Gampaha,23,2,8600000.0,Gampaha,20.0,Gampaha City
3150,4,3,Gampaha,35,2,26500000.0,Gampaha,10.5,Negombo
2300,4,2,Colombo,46,2,38000000.0,Colombo,10.0,Kottawa
1550,3,2,Gampaha,47,2,17000000.0,Gampaha,11.0,Negombo
2100,4,2,Gampaha,50,2,13000000.0,Gampaha,11.0,Negombo
1650,3,2,Gampaha,6,2,20500000.0,Gampaha,10.0,Negombo
4231,4,4,Colombo,3,2,55500000.0,Colombo,15.0,Piliyandala
3150,4,3,Gampaha,10,2,26500000.0,Gampaha,10.5,Negombo
2875,3,3,Colombo,7,2,21500000.0,Colombo,9.5,Piliyandala
1542,3,3,Colombo,3,2,14000000.0,Colombo,10.0,Piliyandala
2500,3,2,Gampaha,20,2,27500000.0,Gampaha,10.0,Wattala
3102,4,4,Colombo,9,2,28000000.0,Colombo,10.0,Piliyandala
2563,3,3,Colombo,49,2,23000000.0,Colombo,8.5,Piliyandala
2896,4,5,Colombo,1,2,25500000.0,Colombo,7.5,Piliyandala
1532,3,2,Colombo,37,2,14000000.0,Colombo,10.0,Piliyandala
2582,4,3,Colombo,39,2,25500000.0,Colombo,7.5,Piliyandala
2780,4,4,Colombo,15,2,35000000.0,Colombo,8.0,Piliyandala
3521,4,4,Colombo,10,2,30500000.0,Colombo,8.0,Piliyandala
2653,4,3,Colombo,9,2,24800000.0,Colombo,6.5,Piliyandala
2561,4,3,Colombo,34,2,24800000.0,Colombo,6.5,Piliyandala
3480,4,4,Colombo,4,2,37500000.0,Colombo,14.5,Kottawa
2880,4,4,Colombo,43,2,31000000.0,Colombo,8.0,Piliyandala
2680,4,4,Colombo,15,2,100000000.0,Colombo,30.0,Talawatugoda
2380,4,4,Colombo,47,2,25000000.0,Colombo,9.5,Maharagama
2000,4,1,Gampaha,8,2,21500000.0,Gampaha,40.0,Gampaha City
1780,3,2,Colombo,11,2,25000000.0,Colombo,6.0,Kottawa
4000,4,4,Colombo,6,2,41000000.0,Colombo,16.0,Kottawa
3880,4,4,Colombo,40,2,33000000.0,Colombo,8.0,Kottawa
4000,4,4,Colombo,19,2,49500000.0,Colombo,10.0,Talawatugoda
2500,5,4,Colombo,2,2,91500000.0,Colombo,24.25,Nugegoda
4000,4,4,Colombo,35,2,88000000.0,Colombo,12.75,Talawatugoda
4000,4,4,Colombo,43,2,65000000.0,Colombo,12.0,Malabe
2480,4,4,Colombo,18,2,28000000.0,Colombo,10.0,Pannipitiya
1200,3,2,Colombo,27,2,12800000.0,Colombo,6.5,Piliyandala
2480,4,4,Colombo,49,2,28000000.0,Colombo,10.0,Kottawa
2000,3,2,Colombo,1,2,55000000.0,Colombo,16.0,Nugegoda
3445,3,3,Colombo,8,2,33500000.0,Colombo,7.05,Talawatugoda
2000,3,2,Colombo,2,2,12000000.0,Colombo,10.0,Piliyandala
2550,4,3,Kandy,18,2,26500000.0,Kandy,12.0,Kandy City
4500,7,6,Kandy,4,4,37000000.0,Kandy,32.0,Kandy City
1200,3,2,Kandy,13,2,32000000.0,Kandy,19.5,Kandy City
2100,3,3,Gampaha,2,2,43000000.0,Gampaha,21.0,Kiribathgoda
2000,3,3,Gampaha,18,2,20500000.0,Gampaha,10.0,Negombo
2150,3,3,Gampaha,18,2,18500000.0,Gampaha,15.0,Negombo
1600,3,1,Colombo,50,2,19000000.0,Colombo,28.0,Homagama
1500,3,1,Gampaha,6,2,10000000.0,Gampaha,15.5,Negombo
2750,4,2,Gampaha,14,2,13000000.0,Gampaha,11.0,Negombo
1600,3,2,Gampaha,1,2,17000000.0,Gampaha,11.0,Negombo
2000,4,4,Colombo,47,2,35000000.0,Colombo,5.0,Colombo 5
3150,4,3,Gampaha,17,2,26500000.0,Gampaha,10.5,Negombo
2100,5,2,Gampaha,43,2,11000000.0,Gampaha,10.0,Negombo
950,2,1,Gampaha,23,1,4500000.0,Gampaha,8.0,Ja-Ela
1600,4,2,Kalutara,41,2,16500000.0,Kalutara,20.0,Kalutara City
4500,5,5,Colombo,2,2,135000000.0,Colombo,16.17,Kotte
1800,3,3,Colombo,12,2,14000000.0,Colombo,10.0,Piliyandala
9000,5,5,Colombo,10,2,120000000.0,Colombo,16.0,Talawatugoda
3100,4,3,Colombo,31,2,24000000.0,Colombo,6.0,Boralesgamuwa
1400,3,1,Gampaha,2,2,18500000.0,Gampaha,7.86,Wattala
1500,3,2,Kalutara,3,2,12500000.0,Kalutara,10.0,Panadura
5500,6,6,Colombo,50,3,172500000.0,Colombo,8.8,Colombo 5
4084,3,2,Colombo,14,2,75000000.0,Colombo,15.0,Talawatugoda
3680,4,4,Colombo,45,2,48500000.0,Colombo,8.0,Battaramulla
2200,4,3,Colombo,3,2,25000000.0,Colombo,7.0,Kaduwela
3150,4,3,Gampaha,20,2,26500000.0,Gampaha,10.5,Negombo
1550,3,2,Gampaha,6,2,17000000.0,Gampaha,11.0,Negombo
2100,4,2,Gampaha,3,2,13000000.0,Gampaha,11.0,Negombo
1480,3,2,Colombo,25,2,13500000.0,Colombo,7.0,Kottawa
2000,3,2,Colombo,4,2,18500000.0,Colombo,8.0,Malabe
2800,4,2,Gampaha,20,2,18000000.0,Gampaha,20.0,Kadawatha
3500,4,3,Colombo,25,2,25000000.0,Colombo,10.8,Nugegoda
4000,5,4,Colombo,14,2,50000000.0,Colombo,22.0,Nugegoda
2200,5,2,Colombo,31,2,19000000.0,Colombo,10.0,Malabe
1600,3,1,Colombo,1,2,14000000.0,Colombo,11.5,Malabe
1300,3,1,Colombo,20,2,7000000.0,Colombo,6.0,Angoda
3250,5,3,Colombo,45,2,23500000.0,Colombo,7.0,Piliyandala
1500,3,2,Colombo,6,2,15000000.0,Colombo,7.0,Kottawa
3100,6,7,Gampaha,14,3,19500000.0,Gampaha,29.0,Gampaha City
1300,2,1,Colombo,29,1,21000000.0,Colombo,10.0,Malabe
5000,6,4,Colombo,20,3,60000000.0,Colombo,8.5,Dehiwala
2800,3,3,Colombo,9,2,20000000.0,Colombo,7.0,Kottawa
2800,3,3,Colombo,24,2,20000000.0,Colombo,7.0,Homagama
1550,3,2,Gampaha,21,2,17000000.0,Gampaha,11.0,Negombo
3150,4,3,Gampaha,10,2,26500000.0,Gampaha,10.5,Negombo
2500,4,3,Colombo,18,2,23500000.0,Colombo,6.0,Malabe
1400,3,2,Colombo,19,2,18500000.0,Colombo,7.9,Malabe
1070,3,2,Colombo,10,2,14200000.0,Colombo,7.6,Malabe
3600,4,3,Colombo,4,2,36000000.0,Colombo,7.8,Malabe
2400,4,3,Colombo,9,2,26000000.0,Colombo,10.5,Malabe
3750,5,4,Colombo,28,2,36000000.0,Colombo,15.0,Boralesgamuwa
2100,3,3,Colombo,25,2,25500000.0,Colombo,10.0,Malabe
1500,4,1,Colombo,43,2,7500000.0,Colombo,15.0,Homagama
3000,5,4,Colombo,41,2,75000000.0,Colombo,9.15,Battaramulla
2200,4,3,Colombo,12,2,26500000.0,Colombo,6.5,Malabe
2200,4,3,Colombo,13,2,26000000.0,Colombo,7.0,Piliyandala
1610,3,2,Gampaha,49,2,20500000.0,Gampaha,10.0,Negombo
1550,3,2,Gampaha,33,2,17000000.0,Gampaha,11.0,Negombo
1700,4,3,Colombo,7,2,24500000.0,Colombo,6.3,Malabe
3150,4,3,Gampaha,40,2,26500000.0,Gampaha,10.5,Negombo
7200,6,4,Colombo,13,3,69000000.0,Colombo,20.0,Maharagama
2800,4,4,Colombo,50,2,28000000.0,Colombo,10.0,Malabe
2400,4,4,Colombo,38,2,26000000.0,Colombo,10.5,Malabe
2800,4,4,Colombo,15,2,27500000.0,Colombo,11.5,Malabe
2600,4,4,Colombo,48,2,29000000.0,Colombo,10.5,Malabe
1900,1,2,Kandy,44,1,8000000.0,Kandy,10.0,Kundasale
2100,4,2,Gampaha,6,2,13000000.0,Gampaha,11.0,Negombo
1615,3,2,Gampaha,10,2,20500000.0,Gampaha,10.0,Negombo
1300,3,2,Colombo,17,2,16500000.0,Colombo,7.4,Kottawa
1650,3,2,Gampaha,33,2,16500000.0,Gampaha,12.5,Negombo
3150,4,3,Gampaha,44,2,26500000.0,Gampaha,10.5,Negombo
1800,3,3,Colombo,21,2,18800000.0,Colombo,8.0,Malabe
2200,4,3,Colombo,10,2,22500000.0,Colombo,6.3,Malabe
1250,3,2,Colombo,21,2,16500000.0,Colombo,7.5,Malabe
3150,4,3,Gampaha,21,2,26500000.0,Gampaha,10.5,Negombo
3264,7,2,Kandy,1,4,16000000.0,Kandy,17.0,Kandy City
1850,3,3,Colombo,11,2,16500000.0,Colombo,8.0,Malabe
994,2,1,Kurunegala,23,1,10000000.0,Kurunegala,40.0,Kurunegala City
2100,4,2,Gampaha,1,2,29500000.0,Gampaha,15.0,Kadawatha
1800,3,3,Colombo,16,2,16500000.0,Colombo,8.0,Malabe
4500,5,2,Matara,35,2,15500000.0,Matara,14.5,Matara City
1900,3,2,Colombo,2,2,19000000.0,Colombo,11.4,Malabe
1500,3,3,Colombo,24,2,18500000.0,Colombo,7.5,Malabe
4000,4,4,Colombo,9,2,150000000.0,Colombo,6.62,Colombo 4
4500,4,5,Gampaha,2,2,47000000.0,Gampaha,14.7,Negombo
1905,4,2,Colombo,46,2,19000000.0,Colombo,7.0,Boralesgamuwa
1450,3,2,Colombo,28,2,14000000.0,Colombo,8.5,Piliyandala
6000,6,5,Colombo,6,3,44000000.0,Colombo,12.5,Talawatugoda
1400,3,1,Gampaha,3,2,8500000.0,Gampaha,12.5,Gampaha City
3300,4,4,Colombo,21,2,44000000.0,Colombo,7.7,Talawatugoda
2500,4,2,Anuradhapura,11,2,13000000.0,Anuradhapura,110.0,Nochchiyagama
3800,5,3,Colombo,1,2,44000000.0,Colombo,7.5,Talawatugoda
2100,5,2,Gampaha,47,2,11000000.0,Gampaha,10.0,Negombo
3000,7,2,Puttalam,13,4,20000000.0,Puttalam,20.0,Wennappuwa
3000,4,3,Colombo,11,2,126000000.0,Colombo,20.0,Dehiwala
3600,5,4,Colombo,45,2,52000000.0,Colombo,13.0,Nugegoda
1271,3,2,Colombo,5,2,26500000.0,Colombo,7.0,Malabe
3600,4,3,Colombo,21,2,36000000.0,Colombo,7.8,Malabe
1800,5,1,Kandy,6,2,4500000.0,Kandy,16.0,Kandy City
2800,4,3,Colombo,43,2,26500000.0,Colombo,6.5,Malabe
4200,4,4,Colombo,14,2,49500000.0,Colombo,10.0,Talawatugoda
3267,5,3,Colombo,8,2,28000000.0,Colombo,12.0,Athurugiriya
2000,5,1,Anuradhapura,32,2,7990000.0,Anuradhapura,80.0,Mihintale
3000,5,3,Colombo,40,2,37500000.0,Colombo,16.0,Malabe
3000,6,4,Gampaha,46,3,19000000.0,Gampaha,10.0,Wattala
6500,4,5,Colombo,3,2,44000000.0,Colombo,12.5,Talawatugoda
1687,3,2,Colombo,43,2,15000000.0,Colombo,6.2,Moratuwa
2200,4,3,Colombo,42,2,26500000.0,Colombo,6.5,Malabe
1600,4,2,Galle,10,2,6490000.0,Galle,38.0,Galle City
4200,4,4,Colombo,50,2,49500000.0,Colombo,10.0,Talawatugoda
5445,2,1,Colombo,35,1,25000000.0,Colombo,20.0,Athurugiriya
3200,4,4,Colombo,18,2,36000000.0,Colombo,8.5,Piliyandala
2100,4,4,Kandy,48,2,29000000.0,Kandy,9.5,Katugastota
2500,4,4,Colombo,6,2,26000000.0,Colombo,7.0,Piliyandala
1100,3,2,Gampaha,42,2,14500000.0,Gampaha,10.0,Kiribathgoda
1500,2,2,Colombo,34,1,25000000.0,Colombo,8.5,Kotte
2800,4,4,Colombo,7,2,38500000.0,Colombo,7.5,Kolonnawa
1507,4,3,Galle,50,2,52500000.0,Galle,96.0,Hikkaduwa
2000,3,2,Gampaha,28,2,24000000.0,Gampaha,78.0,Divulapitiya
4000,4,3,Colombo,7,2,29500000.0,Colombo,8.0,Kottawa
3600,5,4,Colombo,42,2,35000000.0,Colombo,8.0,Malabe
1250,3,2,Colombo,20,2,26500000.0,Colombo,7.0,Malabe
2000,3,1,Colombo,16,2,15500000.0,Colombo,6.8,Malabe
1400,3,2,Colombo,37,2,16000000.0,Colombo,10.5,Malabe
1300,5,2,Colombo,1,2,17000000.0,Colombo,7.5,Malabe
1500,3,2,Colombo,24,2,13800000.0,Colombo,10.0,Piliyandala
1500,3,2,Colombo,8,2,13500000.0,Colombo,8.0,Piliyandala
1800,3,3,Colombo,1,2,23000000.0,Colombo,8.0,Piliyandala
1400,3,2,Colombo,28,2,9800000.0,Colombo,13.0,Piliyandala
2800,4,4,Colombo,48,2,55000000.0,Colombo,12.0,Battaramulla
3000,4,2,Ratnapura,12,2,88500000.0,Ratnapura,20.0,Kuruwita
1400,3,1,Colombo,21,2,13500000.0,Colombo,14.0,Piliyandala
1800,4,3,Colombo,40,2,11500000.0,Colombo,10.0,Hanwella
1500,6,2,Kandy,49,3,17000000.0,Kandy,12.84,Peradeniya
2000,4,3,Colombo,3,2,17500000.0,Colombo,6.5,Piliyandala
4500,6,5,Colombo,46,3,55000000.0,Colombo,11.0,Piliyandala
4200,4,4,Colombo,1,2,49500000.0,Colombo,10.0,Talawatugoda
3000,4,3,Colombo,28,2,110000000.0,Colombo,50.0,Talawatugoda
3800,5,4,Colombo,1,2,47500000.0,Colombo,14.8,Talawatugoda
3300,4,4,Colombo,40,2,44000000.0,Colombo,7.7,Talawatugoda
3800,5,4,Colombo,30,2,45000000.0,Colombo,11.0,Talawatugoda
4000,4,4,Colombo,6,2,60000000.0,Colombo,15.0,Talawatugoda
3500,5,4,Colombo,2,2,46000000.0,Colombo,10.5,Nugegoda
2600,4,4,Colombo,8,2,29000000.0,Colombo,10.5,Malabe
4000,6,6,Colombo,31,3,65000000.0,Colombo,12.0,Nugegoda
1700,4,3,Colombo,1,2,24500000.0,Colombo,6.3,Malabe
2600,4,4,Colombo,19,2,23000000.0,Colombo,7.0,Malabe
2800,4,3,Colombo,2,2,26500000.0,Colombo,6.5,Malabe
3200,4,4,Colombo,8,2,36000000.0,Colombo,10.0,Malabe
4000,5,4,Colombo,43,2,65000000.0,Colombo,12.5,Malabe
3200,4,3,Colombo,44,2,35000000.0,Colombo,9.0,Piliyandala
1361,4,3,Gampaha,33,2,33000000.0,Gampaha,5.0,Gampaha City
1550,3,2,Gampaha,4,2,17000000.0,Gampaha,11.0,Negombo
2067,5,4,Colombo,41,2,23000000.0,Colombo,6.0,Athurugiriya
640,2,1,Colombo,7,1,3950000.0,Colombo,4.0,Homagama
3000,5,4,Colombo,41,2,40000000.0,Colombo,10.0,Piliyandala
3000,4,3,Colombo,8,2,30500000.0,Colombo,7.5,Piliyandala
5600,5,5,Colombo,7,2,135000000.0,Colombo,62.0,Malabe
3100,5,3,Colombo,2,2,37500000.0,Colombo,9.0,Malabe
2675,4,3,Colombo,7,2,48000000.0,Colombo,10.12,Malabe
2000,3,3,Colombo,1,2,20500000.0,Colombo,6.5,Athurugiriya
2800,4,4,Colombo,6,2,28000000.0,Colombo,10.0,Athurugiriya
2950,5,3,Gampaha,31,2,60000000.0,Gampaha,15.0,Kiribathgoda
3000,4,4,Colombo,46,2,33000000.0,Colombo,8.0,Kottawa
4000,4,3,Colombo,25,2,29500000.0,Colombo,8.0,Battaramulla
4500,5,4,Colombo,4,2,115000000.0,Colombo,22.0,Battaramulla
3000,8,6,Colombo,43,4,90000000.0,Colombo,10.5,Colombo 5
5445,2,1,Nuwara Eliya,14,1,5900000.0,Nuwara Eliya,61.0,Nuwara Eliya City
650,2,1,Galle,43,1,3000000.0,Galle,10.0,Galle City
1250,3,2,Colombo,14,2,16500000.0,Colombo,7.5,Malabe
2200,4,3,Colombo,4,2,22500000.0,Colombo,6.3,Malabe
1055,3,1,Colombo,12,2,11800000.0,Colombo,7.0,Kottawa
1200,1,1,Colombo,16,1,18000000.0,Colombo,20.0,Athurugiriya
2000,4,2,Colombo,42,2,28000000.0,Colombo,10.5,Battaramulla
1435,4,1,Colombo,40,2,20000000.0,Colombo,7.5,Nugegoda
2850,3,3,Gampaha,2,2,26500000.0,Gampaha,43.0,Negombo
3150,4,3,Gampaha,5,2,26500000.0,Gampaha,10.5,Negombo
1200,3,1,Colombo,42,2,13000000.0,Colombo,7.8,Kottawa
1200,3,1,Colombo,41,2,18500000.0,Colombo,12.0,Pannipitiya
1700,2,1,Colombo,14,1,21150000.0,Colombo,7.43,Battaramulla
2600,4,4,Colombo,49,2,34000000.0,Colombo,9.0,Maharagama
1800,5,3,Colombo,3,2,26500000.0,Colombo,9.15,Maharagama
2500,5,3,Colombo,30,2,17500000.0,Colombo,10.0,Kottawa
1800,4,4,Colombo,39,2,17500000.0,Colombo,7.5,Kottawa
2500,5,3,Colombo,48,2,42000000.0,Colombo,5.85,Colombo 6
1341,4,2,Ratnapura,6,2,9500000.0,Ratnapura,60.0,Embilipitiya
1200,3,3,Colombo,42,2,14000000.0,Colombo,6.0,Athurugiriya
1500,3,2,Colombo,36,2,16500000.0,Colombo,7.5,Athurugiriya
2000,2,1,Gampaha,9,1,10500000.0,Gampaha,15.75,Minuwangoda
1200,4,2,Kalutara,3,2,17000000.0,Kalutara,10.0,Panadura
4000,4,3,Colombo,17,2,47000000.0,Colombo,12.0,Talawatugoda
3500,5,4,Colombo,10,2,55000000.0,Colombo,7.5,Nawala
1800,2,1,Colombo,34,1,14500000.0,Colombo,8.0,Athurugiriya
3300,4,3,Colombo,49,2,42500000.0,Colombo,11.0,Talawatugoda
4200,4,4,Colombo,19,2,49500000.0,Colombo,10.0,Talawatugoda
3500,5,4,Colombo,18,2,40000000.0,Colombo,11.0,Talawatugoda
8960,3,1,Matara,7,2,5500000.0,Matara,32.0,Deniyaya
1900,3,2,Colombo,43,2,19000000.0,Colombo,11.4,Malabe
1500,3,3,Colombo,13,2,18500000.0,Colombo,7.5,Malabe
4000,4,4,Colombo,47,2,88000000.0,Colombo,12.75,Talawatugoda
1200,4,3,Colombo,46,2,17000000.0,Colombo,2.5,Colombo 9
1200,3,1,Colombo,40,2,7800000.0,Colombo,10.0,Homagama
2900,4,2,Colombo,1,2,22500000.0,Colombo,7.0,Kottawa
1500,4,1,Kalutara,22,2,12500000.0,Kalutara,19.0,Kalutara City
6000,8,4,Colombo,15,4,55000000.0,Colombo,27.85,Malabe
4000,4,3,Colombo,8,2,40000000.0,Colombo,11.5,Talawatugoda
2000,5,2,Colombo,22,2,66000000.0,Colombo,11.0,Nugegoda
3760,6,5,Colombo,25,3,54000000.0,Colombo,15.2,Talawatugoda
2100,5,2,Gampaha,22,2,11000000.0,Gampaha,10.0,Negombo
5000,4,3,Colombo,46,2,31000000.0,Colombo,12.0,Hanwella
1550,3,2,Gampaha,5,2,17000000.0,Gampaha,11.0,Negombo
2100,4,2,Gampaha,19,2,13000000.0,Gampaha,11.0,Negombo
3150,4,3,Gampaha,5,2,26500000.0,Gampaha,10.5,Negombo
5000,4,3,Colombo,50,2,31000000.0,Colombo,12.0,Kaduwela
3145,5,4,Colombo,19,2,27000000.0,Colombo,10.0,Piliyandala
3142,4,4,Colombo,23,2,28500000.0,Colombo,7.5,Piliyandala
2700,4,2,Colombo,20,2,22500000.0,Colombo,7.0,Homagama
1650,3,2,Gampaha,3,2,16500000.0,Gampaha,12.5,Negombo
3800,4,3,Colombo,18,2,54000000.0,Colombo,15.0,Talawatugoda
1562,3,2,Colombo,41,2,14000000.0,Colombo,10.0,Piliyandala
4000,4,4,Colombo,37,2,34500000.0,Colombo,10.0,Piliyandala
1800,3,3,Gampaha,9,2,11000000.0,Gampaha,13.0,Negombo
2500,5,4,Colombo,3,2,28500000.0,Colombo,7.5,Piliyandala
1523,3,2,Colombo,2,2,14000000.0,Colombo,8.0,Piliyandala
3800,4,4,Colombo,4,2,60000000.0,Colombo,15.0,Talawatugoda
2875,4,4,Colombo,4,2,25500000.0,Colombo,7.5,Piliyandala
3145,4,4,Colombo,10,2,28000000.0,Colombo,10.0,Piliyandala
2150,3,3,Gampaha,5,2,18500000.0,Gampaha,15.0,Negombo
7000,6,6,Colombo,50,3,135000000.0,Colombo,12.0,Talawatugoda
2500,3,2,Gampaha,17,2,36500000.0,Gampaha,22.7,Negombo
9000,5,5,Colombo,1,2,120000000.0,Colombo,16.0,Talawatugoda
3120,4,4,Colombo,6,2,26000000.0,Colombo,7.0,Piliyandala
3145,4,4,Colombo,5,2,345000000.0,Colombo,10.0,Piliyandala
2650,4,3,Colombo,5,2,27500000.0,Colombo,8.0,Talawatugoda
2845,3,3,Colombo,41,2,21500000.0,Colombo,9.5,Piliyandala
1550,3,2,Gampaha,31,2,15000000.0,Gampaha,10.0,Negombo
3500,5,4,Colombo,9,2,47500000.0,Colombo,14.8,Talawatugoda
3800,5,3,Colombo,2,2,44000000.0,Colombo,7.9,Talawatugoda
1500,3,1,Colombo,45,2,12000000.0,Colombo,9.5,Boralesgamuwa
1500,3,1,Gampaha,38,2,6500000.0,Gampaha,8.5,Ganemulla
1500,2,1,Gampaha,46,1,5100000.0,Gampaha,9.0,Ganemulla
4000,6,6,Anuradhapura,28,3,30000000.0,Anuradhapura,18.5,Anuradhapura City
3150,4,3,Gampaha,50,2,26500000.0,Gampaha,10.5,Negombo
1650,3,2,Gampaha,22,2,16500000.0,Gampaha,12.5,Negombo
2850,3,3,Gampaha,2,2,26500000.0,Gampaha,43.0,Negombo
3150,4,3,Gampaha,2,2,26500000.0,Gampaha,10.5,Negombo
2100,5,2,Gampaha,45,2,11000000.0,Gampaha,10.0,Negombo
3150,4,3,Gampaha,2,2,26500000.0,Gampaha,10.5,Negombo
1550,3,2,Gampaha,4,2,17000000.0,Gampaha,11.0,Negombo
2100,4,2,Gampaha,15,2,13000000.0,Gampaha,11.0,Negombo
3150,4,3,Gampaha,5,2,26500000.0,Gampaha,10.5,Negombo
1800,3,2,Colombo,19,2,69000000.0,Colombo,6.6,Colombo 3
2000,3,1,Galle,8,2,7200000.0,Galle,19.5,Ambalangoda
1500,3,1,Galle,6,2,5600000.0,Galle,32.0,Ambalangoda
2100,3,3,Colombo,3,2,16500000.0,Colombo,10.0,Talawatugoda
1500,4,2,Gampaha,15,2,12500000.0,Gampaha,5.0,Wattala
7200,5,4,Colombo,10,2,60000000.0,Colombo,8.0,Colombo 5
4000,4,3,Colombo,44,2,40000000.0,Colombo,11.5,Talawatugoda
1000,4,1,Matara,7,2,9200000.0,Matara,40.0,Weligama
1800,3,2,Kalutara,5,2,5000000.0,Kalutara,10.0,Kalutara City
4800,5,5,Colombo,42,2,65000000.0,Colombo,12.0,Nugegoda
7000,6,6,Colombo,5,3,135000000.0,Colombo,12.0,Talawatugoda
2500,3,3,Colombo,24,2,60000000.0,Colombo,10.0,Kotte
2000,6,3,Galle,48,3,10000000.0,Galle,10.0,Hikkaduwa
6500,4,5,Colombo,49,2,44000000.0,Colombo,12.5,Talawatugoda
3800,7,6,Colombo,31,4,79000000.0,Colombo,16.0,Battaramulla
2400,4,3,Gampaha,2,2,25000000.0,Gampaha,6.5,Negombo
2122,5,2,Colombo,4,2,16000000.0,Colombo,11.8,Piliyandala
2675,4,3,Colombo,1,2,49500000.0,Colombo,10.56,Malabe
1000,3,1,Galle,8,2,9600000.0,Galle,11.0,Hikkaduwa
2000,4,2,Colombo,44,2,29000000.0,Colombo,7.0,Athurugiriya
3150,4,3,Gampaha,6,2,26500000.0,Gampaha,10.5,Negombo
1650,3,2,Gampaha,46,2,16500000.0,Gampaha,12.5,Negombo
1200,2,2,Colombo,23,1,16500000.0,Colombo,7.0,Athurugiriya
2000,3,2,Colombo,3,2,15000000.0,Colombo,8.0,Pannipitiya
1800,4,2,Matale,6,2,13000000.0,Matale,14.0,Dambulla
5000,4,3,Gampaha,15,2,35000000.0,Gampaha,29.0,Gampaha City
1500,3,1,Gampaha,17,2,12500000.0,Gampaha,10.4,Kadawatha
1120,1,1,Gampaha,1,1,5600000.0,Gampaha,5.5,Ganemulla
2100,4,2,Gampaha,11,2,13000000.0,Gampaha,11.0,Negombo
1550,3,2,Gampaha,23,2,17000000.0,Gampaha,11.0,Negombo
2100,5,2,Gampaha,24,2,11000000.0,Gampaha,10.0,Negombo
3150,4,3,Gampaha,5,2,26500000.0,Gampaha,10.5,Negombo
2500,3,2,Colombo,17,2,25000000.0,Colombo,8.0,Piliyandala
3000,3,1,Gampaha,6,2,20500000.0,Gampaha,37.75,Kadawatha
4200,4,4,Colombo,3,2,49500000.0,Colombo,10.0,Talawatugoda
3850,5,5,Colombo,24,2,37500000.0,Colombo,7.0,Malabe
4200,4,4,Colombo,33,2,49500000.0,Colombo,10.0,Malabe
2750,3,4,Gampaha,14,2,32000000.0,Gampaha,7.3,Wattala
3000,4,4,Colombo,42,2,60000000.0,Colombo,15.0,Talawatugoda
1300,2,2,Kandy,40,1,13500000.0,Kandy,10.0,Menikhinna
4000,4,4,Colombo,50,2,49500000.0,Colombo,10.0,Talawatugoda
2400,3,2,Kandy,6,2,22000000.0,Kandy,15.0,Kundasale
795,2,1,Galle,17,1,7000000.0,Galle,8.5,Galle City
7240,5,6,Colombo,19,2,70000000.0,Colombo,17.0,Kottawa
3800,4,4,Colombo,18,2,45000000.0,Colombo,7.0,Talawatugoda
4000,5,3,Colombo,49,2,65000000.0,Colombo,10.0,Battaramulla
7000,5,3,Gampaha,39,2,45000000.0,Gampaha,25.0,Gampaha City
3150,4,3,Gampaha,2,2,26500000.0,Gampaha,10.5,Negombo
2500,6,3,Colombo,47,3,26500000.0,Colombo,9.0,Nugegoda
4500,4,5,Gampaha,9,2,47000000.0,Gampaha,14.7,Negombo
1400,3,2,Jaffna,4,2,9000000.0,Jaffna,20.0,Jaffna City
1200,3,2,Colombo,25,2,11500000.0,Colombo,10.0,Homagama
1200,2,1,Colombo,6,1,12000000.0,Colombo,10.0,Pannipitiya
2500,3,3,Kandy,1,2,30000000.0,Kandy,7.5,Kandy City
2800,4,3,Colombo,2,2,26500000.0,Colombo,6.5,Malabe
2800,5,2,Gampaha,6,2,23000000.0,Gampaha,19.6,Kiribathgoda
6500,4,5,Colombo,50,2,44000000.0,Colombo,12.5,Talawatugoda
2400,4,3,Colombo,15,2,26500000.0,Colombo,7.0,Kottawa
2000,4,3,Colombo,26,2,26000000.0,Colombo,13.0,Kottawa
3000,4,3,Colombo,49,2,35000000.0,Colombo,11.0,Kottawa
3600,6,4,Colombo,31,3,33500000.0,Colombo,16.2,Kottawa
4500,4,5,Colombo,43,2,37500000.0,Colombo,14.5,Kottawa
6450,6,6,Colombo,18,3,44000000.0,Colombo,12.6,Talawatugoda
2500,3,2,Gampaha,37,2,22000000.0,Gampaha,14.0,Wattala
1550,3,2,Gampaha,25,2,17000000.0,Gampaha,11.0,Negombo
1650,3,2,Gampaha,27,2,20500000.0,Gampaha,10.0,Negombo
2200,4,2,Gampaha,1,2,16000000.0,Gampaha,155.0,Delgoda
3600,4,3,Colombo,8,2,65000000.0,Colombo,10.0,Battaramulla
1650,3,2,Gampaha,4,2,16500000.0,Gampaha,12.5,Negombo
2200,4,3,Colombo,34,2,26500000.0,Colombo,6.5,Malabe
2000,4,2,Colombo,7,2,28000000.0,Colombo,10.5,Battaramulla
2900,4,3,Colombo,17,2,33000000.0,Colombo,8.0,Kottawa
3000,5,2,Galle,18,2,35000000.0,Galle,34.0,Galle City
3600,6,5,Colombo,50,3,33500000.0,Colombo,16.0,Kottawa
1500,4,1,Galle,22,2,17500000.0,Galle,13.5,Galle City
2600,4,4,Colombo,4,2,29000000.0,Colombo,10.5,Malabe
3500,5,5,Colombo,36,2,40000000.0,Colombo,11.0,Talawatugoda
2300,2,1,Gampaha,48,1,14000000.0,Gampaha,10.0,Kadawatha
1300,2,1,Kandy,38,1,8000000.0,Kandy,19.6,Gampola
1700,4,3,Colombo,37,2,24500000.0,Colombo,6.3,Malabe
4300,4,3,Colombo,23,2,25000000.0,Colombo,11.0,Malabe
3000,5,3,Colombo,38,2,27000000.0,Colombo,9.2,Kolonnawa
3150,4,3,Gampaha,8,2,26500000.0,Gampaha,10.5,Negombo
1350,3,1,Gampaha,9,2,11000000.0,Gampaha,13.5,Negombo
2100,5,2,Gampaha,5,2,11000000.0,Gampaha,10.0,Negombo
5300,6,4,Colombo,45,3,135000000.0,Colombo,24.0,Dehiwala
2600,4,4,Colombo,32,2,23000000.0,Colombo,7.0,Malabe
2500,4,5,Colombo,15,2,25000000.0,Colombo,7.0,Piliyandala
1000,3,2,Colombo,23,2,14300000.0,Colombo,7.0,Kaduwela
2245,3,3,Colombo,2,2,19500000.0,Colombo,7.0,Piliyandala
2500,5,4,Colombo,1,2,52500000.0,Colombo,12.0,Battaramulla
7500,8,5,Colombo,20,4,200000000.0,Colombo,14.2,Colombo 6
1650,3,2,Gampaha,3,2,20500000.0,Gampaha,10.0,Negombo
1650,3,2,Gampaha,20,2,16500000.0,Gampaha,12.5,Negombo
3150,4,3,Gampaha,45,2,26500000.0,Gampaha,10.5,Negombo
4200,4,4,Colombo,35,2,49500000.0,Colombo,10.0,Talawatugoda
3000,4,4,Colombo,24,2,60000000.0,Colombo,15.0,Talawatugoda
3500,6,2,Colombo,25,3,24000000.0,Colombo,15.0,Piliyandala
1577,3,2,Badulla,7,2,19500000.0,Badulla,22.0,Badulla City
3800,7,4,Colombo,38,4,25000000.0,Colombo,10.0,Malabe
3600,4,3,Colombo,36,2,36000000.0,Colombo,7.8,Malabe
1271,3,2,Colombo,22,2,26500000.0,Colombo,7.0,Malabe
4000,6,5,Colombo,22,3,29800000.0,Colombo,13.0,Talawatugoda
2400,4,3,Colombo,26,2,32000000.0,Colombo,10.5,Talawatugoda
2850,3,2,Gampaha,44,2,26500000.0,Gampaha,43.0,Negombo
4000,7,5,Colombo,16,4,50000000.0,Colombo,6.8,Colombo 5
3400,6,5,Colombo,1,3,36000000.0,Colombo,15.0,Piliyandala
2600,4,4,Colombo,16,2,25000000.0,Colombo,8.0,Piliyandala
3300,7,4,Colombo,27,4,29000000.0,Colombo,11.06,Moratuwa
2800,5,3,Colombo,22,2,27000000.0,Colombo,8.6,Moratuwa
2800,6,3,Colombo,1,3,24000000.0,Colombo,8.5,Moratuwa
3150,4,3,Gampaha,2,2,26500000.0,Gampaha,10.5,Negombo
3750,4,4,Colombo,49,2,41000000.0,Colombo,8.0,Moratuwa
1800,5,2,Kegalle,14,2,17500000.0,Kegalle,20.0,Warakapola
2400,5,2,Kalutara,7,2,13500000.0,Kalutara,24.0,Horana
2000,2,2,Gampaha,10,1,19500000.0,Gampaha,10.0,Kiribathgoda
2100,2,2,Gampaha,21,1,10500000.0,Gampaha,15.5,Kadawatha
3600,4,3,Colombo,46,2,36000000.0,Colombo,7.8,Malabe
1070,3,2,Colombo,6,2,14200000.0,Colombo,7.6,Malabe
5000,5,5,Colombo,36,2,145000000.0,Colombo,15.0,Nugegoda
2100,5,2,Gampaha,32,2,11000000.0,Gampaha,10.0,Negombo
4000,5,5,Colombo,28,2,50000000.0,Colombo,20.0,Battaramulla
1350,3,1,Gampaha,3,2,11000000.0,Gampaha,13.5,Negombo
1100,2,1,Colombo,30,1,11000000.0,Colombo,11.5,Avissawella
900,2,2,Colombo,4,1,19000000.0,Colombo,6.5,Nugegoda
1650,3,2,Gampaha,2,2,16500000.0,Gampaha,12.5,Negombo
1800,4,2,Galle,48,2,6000000.0,Galle,11.82,Galle City
2850,3,2,Gampaha,50,2,26500000.0,Gampaha,43.0,Negombo
1089,1,1,Kalutara,19,1,3000000.0,Kalutara,4.0,Panadura
3200,3,4,Colombo,15,2,36000000.0,Colombo,10.0,Athurugiriya
2200,3,2,Colombo,19,2,26500000.0,Colombo,7.0,Angoda
1800,3,1,Kandy,11,2,12000000.0,Kandy,27.0,Pilimatalawa
2850,4,2,Colombo,3,2,37500000.0,Colombo,9.5,Rajagiriya
1800,3,2,Colombo,48,2,9500000.0,Colombo,8.0,Homagama
3200,5,3,Colombo,2,2,48000000.0,Colombo,6.0,Rajagiriya
4600,5,5,Colombo,41,2,170000000.0,Colombo,8.5,Colombo 5
4000,2,1,Galle,27,1,6000000.0,Galle,18.9,Hikkaduwa
2700,4,3,Colombo,30,2,35000000.0,Colombo,6.0,Battaramulla
2500,5,5,Colombo,20,2,24500000.0,Colombo,6.0,Battaramulla
2562,4,4,Colombo,9,2,25500000.0,Colombo,7.5,Piliyandala
5700,5,6,Gampaha,44,2,120000000.0,Gampaha,47.0,Kiribathgoda
1315,3,1,Gampaha,20,2,7000000.0,Gampaha,10.0,Gampaha City
1566,4,2,Colombo,42,2,24500000.0,Colombo,21.0,Kottawa
3000,4,4,Colombo,45,2,23500000.0,Colombo,7.0,Boralesgamuwa
2820,4,4,Colombo,44,2,26000000.0,Colombo,8.5,Piliyandala
3000,4,4,Colombo,2,2,33000000.0,Colombo,8.0,Kottawa
3600,6,4,Colombo,7,3,33500000.0,Colombo,16.2,Kottawa
1550,3,2,Gampaha,8,2,17000000.0,Gampaha,11.0,Negombo
780,2,1,Colombo,16,1,8000000.0,Colombo,3.0,Wellampitiya
4000,5,3,Colombo,39,2,65000000.0,Colombo,10.0,Battaramulla
3050,5,4,Colombo,9,2,63500000.0,Colombo,11.7,Battaramulla
3900,5,4,Colombo,15,2,73000000.0,Colombo,15.6,Nugegoda
4500,4,5,Gampaha,44,2,47000000.0,Gampaha,14.7,Negombo
3200,4,3,Colombo,47,2,35000000.0,Colombo,9.0,Piliyandala
1590,3,3,Colombo,47,2,14500000.0,Colombo,10.11,Piliyandala
3250,5,3,Colombo,48,2,23500000.0,Colombo,7.5,Piliyandala
2200,4,3,Colombo,19,2,26000000.0,Colombo,7.0,Piliyandala
3000,5,4,Colombo,1,2,40000000.0,Colombo,10.0,Piliyandala
2900,5,3,Colombo,36,2,23500000.0,Colombo,7.5,Piliyandala
3800,6,4,Colombo,6,3,29500000.0,Colombo,13.0,Kottawa
1500,5,3,Gampaha,10,2,17000000.0,Gampaha,12.5,Gampaha City
3600,6,5,Colombo,17,3,33500000.0,Colombo,16.0,Kottawa
2900,4,3,Colombo,1,2,33000000.0,Colombo,8.0,Kottawa
2569,4,4,Colombo,31,2,28500000.0,Colombo,8.5,Piliyandala
950,2,1,Galle,16,1,6000000.0,Galle,6.5,Galle City
2400,5,2,Colombo,47,2,33000000.0,Colombo,15.0,Rajagiriya
3658,4,4,Colombo,24,2,30500000.0,Colombo,8.0,Piliyandala
3150,4,3,Gampaha,42,2,26500000.0,Gampaha,10.5,Negombo
1200,3,3,Colombo,46,2,14000000.0,Colombo,12.0,Piliyandala
1365,3,2,Kalutara,19,2,13500000.0,Kalutara,10.0,Horana
2000,4,3,Colombo,17,2,17500000.0,Colombo,6.5,Piliyandala
2077,4,2,Colombo,19,2,13000000.0,Colombo,8.0,Piliyandala
1650,3,2,Gampaha,22,2,16500000.0,Gampaha,12.5,Negombo
5500,6,4,Colombo,11,3,48000000.0,Colombo,8.7,Mount Lavinia
1188,3,1,Gampaha,14,2,14000000.0,Gampaha,10.0,Gampaha City
2850,3,3,Gampaha,43,2,26500000.0,Gampaha,43.0,Negombo
2000,3,1,Gampaha,41,2,13000000.0,Gampaha,10.0,Ragama
1800,4,1,Gampaha,8,2,20000000.0,Gampaha,22.0,Wattala
4500,5,2,Kandy,1,2,31000000.0,Kandy,28.0,Kandy City
7200,6,4,Colombo,50,3,69000000.0,Colombo,20.0,Maharagama
1300,2,2,Kandy,21,1,12500000.0,Kandy,30.0,Kandy City
3200,4,4,Colombo,49,2,38000000.0,Colombo,8.5,Piliyandala
3800,5,3,Colombo,4,2,44000000.0,Colombo,7.5,Talawatugoda
4200,4,4,Colombo,21,2,49500000.0,Colombo,10.0,Talawatugoda
3000,4,3,Colombo,15,2,30500000.0,Colombo,7.5,Piliyandala
4000,4,4,Colombo,7,2,34500000.0,Colombo,10.0,Piliyandala
3300,4,4,Colombo,10,2,44000000.0,Colombo,7.7,Talawatugoda
2500,5,4,Colombo,19,2,28500000.0,Colombo,7.5,Piliyandala
3800,5,4,Colombo,3,2,45000000.0,Colombo,11.0,Talawatugoda
1250,3,2,Colombo,42,2,16500000.0,Colombo,7.5,Malabe
1500,3,3,Colombo,1,2,18500000.0,Colombo,7.5,Malabe
1900,3,2,Colombo,5,2,19000000.0,Colombo,11.4,Malabe
1100,3,3,Colombo,6,2,14200000.0,Colombo,7.86,Malabe
5000,8,5,Colombo,44,4,42500000.0,Colombo,13.2,Nugegoda
3415,4,4,Colombo,50,2,27000000.0,Colombo,19.0,Piliyandala
3214,4,4,Colombo,12,2,30500000.0,Colombo,8.5,Piliyandala
5000,5,5,Colombo,47,2,100000000.0,Colombo,20.0,Battaramulla
1542,3,2,Colombo,48,2,14000000.0,Colombo,10.0,Piliyandala
2963,5,4,Colombo,3,2,27000000.0,Colombo,10.0,Piliyandala
1080,3,1,Colombo,4,2,9250000.0,Colombo,6.0,Athurugiriya
2966,4,4,Colombo,5,2,28500000.0,Colombo,8.0,Piliyandala
2516,4,4,Colombo,4,2,25500000.0,Colombo,6.2,Piliyandala
4000,6,4,Colombo,10,3,55000000.0,Colombo,25.0,Moratuwa
2800,4,4,Colombo,20,2,28000000.0,Colombo,10.0,Malabe
2986,4,4,Colombo,34,2,28000000.0,Colombo,10.0,Piliyandala
2800,4,3,Colombo,26,2,26500000.0,Colombo,6.5,Malabe
2875,4,4,Colombo,15,2,25500000.0,Colombo,7.5,Piliyandala
3200,4,4,Colombo,40,2,36000000.0,Colombo,10.0,Malabe
4800,5,4,Colombo,4,2,65000000.0,Colombo,12.5,Malabe
2675,4,3,Colombo,10,2,48000000.0,Colombo,10.12,Malabe
2986,4,4,Colombo,12,2,26000000.0,Colombo,7.5,Piliyandala
2000,3,3,Gampaha,8,2,20500000.0,Gampaha,10.0,Negombo
2600,4,4,Colombo,14,2,29000000.0,Colombo,10.5,Malabe
3240,4,4,Colombo,5,2,25500000.0,Colombo,7.5,Piliyandala
3200,4,4,Colombo,31,2,100000000.0,Colombo,10.0,Kotte
3500,4,4,Colombo,30,2,60000000.0,Colombo,13.0,Kotte
1700,4,3,Colombo,9,2,24500000.0,Colombo,6.3,Malabe
4900,4,4,Colombo,12,2,80000000.0,Colombo,16.0,Kotte
3000,4,4,Colombo,8,2,33000000.0,Colombo,8.0,Kottawa
1250,3,2,Colombo,16,2,16500000.0,Colombo,7.5,Athurugiriya
2000,4,3,Colombo,15,2,15000000.0,Colombo,17.0,Athurugiriya
950,3,2,Colombo,19,2,18500000.0,Colombo,3.0,Athurugiriya
2850,4,3,Colombo,26,2,26500000.0,Colombo,6.5,Malabe
1200,3,1,Hambantota,6,2,5500000.0,Hambantota,36.0,Beliatta
2000,3,3,Colombo,5,2,20500000.0,Colombo,6.5,Athurugiriya
1200,3,3,Colombo,12,2,14500000.0,Colombo,6.0,Athurugiriya
2400,7,5,Colombo,2,4,45000000.0,Colombo,6.87,Dehiwala
1800,4,3,Colombo,24,2,24500000.0,Colombo,6.3,Malabe
4960,3,2,Gampaha,7,2,7500000.0,Gampaha,20.0,Nittambuwa
4000,4,4,Colombo,5,2,49500000.0,Colombo,10.0,Talawatugoda
3300,4,3,Colombo,7,2,42500000.0,Colombo,11.0,Talawatugoda
900,2,1,Colombo,28,1,7000000.0,Colombo,5.0,Piliyandala
4700,4,4,Gampaha,29,2,47000000.0,Gampaha,14.7,Negombo
4200,4,4,Colombo,48,2,49500000.0,Colombo,10.0,Talawatugoda
3500,5,5,Colombo,19,2,40000000.0,Colombo,11.0,Talawatugoda
4000,5,4,Colombo,4,2,65000000.0,Colombo,10.0,Talawatugoda
3200,4,3,Gampaha,8,2,22500000.0,Gampaha,14.6,Negombo
2850,4,3,Colombo,20,2,49500000.0,Colombo,10.12,Malabe
2800,4,4,Colombo,3,2,27500000.0,Colombo,11.5,Malabe
3000,4,4,Colombo,9,2,60000000.0,Colombo,15.0,Talawatugoda
4000,4,4,Colombo,18,2,49500000.0,Colombo,10.0,Talawatugoda
1750,4,2,Colombo,40,2,30000000.0,Colombo,7.5,Ratmalana
1000,2,1,Kalutara,39,1,15000000.0,Kalutara,6.2,Panadura
2600,5,3,Gampaha,10,2,13500000.0,Gampaha,11.0,Kadawatha
2200,4,3,Colombo,8,2,26500000.0,Colombo,6.5,Malabe
2000,4,4,Colombo,6,2,23500000.0,Colombo,7.0,Malabe
3000,4,4,Colombo,50,2,65000000.0,Colombo,12.0,Battaramulla
4500,4,3,Colombo,12,2,65000000.0,Colombo,11.2,Kotte
2500,4,4,Colombo,1,2,28000000.0,Colombo,10.0,Pannipitiya
3800,4,3,Colombo,24,2,45000000.0,Colombo,11.0,Talawatugoda
2850,4,3,Colombo,24,2,39500000.0,Colombo,8.0,Talawatugoda
2100,5,3,Colombo,7,2,53500000.0,Colombo,11.7,Kotte
4000,4,4,Colombo,23,2,100000000.0,Colombo,10.0,Kotte
3150,4,3,Gampaha,4,2,26500000.0,Gampaha,10.5,Negombo
1650,3,2,Gampaha,5,2,20500000.0,Gampaha,10.0,Negombo
2850,3,2,Gampaha,14,2,26500000.0,Gampaha,43.0,Negombo
1500,3,1,Gampaha,23,2,8000000.0,Gampaha,10.0,Gampaha City
2850,4,4,Colombo,16,2,26000000.0,Colombo,8.5,Piliyandala
3000,4,4,Colombo,45,2,23500000.0,Colombo,7.0,Piliyandala
2000,3,2,Colombo,46,2,12500000.0,Colombo,9.0,Piliyandala
1500,3,2,Colombo,15,2,19000000.0,Colombo,10.0,Mount Lavinia
2150,4,4,Colombo,49,2,105000000.0,Colombo,3500.0,Nugegoda
1614,4,3,Colombo,24,2,14000000.0,Colombo,12.0,Piliyandala
3700,5,3,Colombo,6,2,20000000.0,Colombo,7.5,Boralesgamuwa
3000,5,2,Colombo,20,2,26500000.0,Colombo,12.5,Kolonnawa
1560,2,1,Colombo,12,1,5000000.0,Colombo,6.0,Boralesgamuwa
3000,4,3,Colombo,43,2,38500000.0,Colombo,7.7,Battaramulla
3500,5,3,Colombo,46,2,22500000.0,Colombo,11.7,Maharagama
2800,4,3,Gampaha,30,2,52000000.0,Gampaha,17.0,Kiribathgoda
2500,4,3,Colombo,4,2,187000000.0,Colombo,17.0,Colombo 7
2450,5,1,Colombo,25,2,90000000.0,Colombo,9.0,Colombo 14
1340,3,2,Colombo,46,2,10500000.0,Colombo,17.0,Homagama
3500,4,2,Colombo,26,2,70000000.0,Colombo,28.0,Nugegoda
1500,3,1,Gampaha,5,2,15000000.0,Gampaha,15.5,Ja-Ela
2500,4,3,Colombo,23,2,18500000.0,Colombo,18.5,Kaduwela
1900,3,3,Colombo,9,2,18500000.0,Colombo,8.0,Piliyandala
2000,3,1,Matara,5,2,7500000.0,Matara,38.0,Akuressa
800,2,2,Colombo,5,1,14000000.0,Colombo,7.0,Rajagiriya
3800,6,4,Colombo,40,3,152000000.0,Colombo,18.0,Nawala
2800,4,4,Colombo,28,2,33000000.0,Colombo,8.0,Kottawa
2300,4,3,Colombo,37,2,17800000.0,Colombo,11.0,Talawatugoda
3140,3,3,Galle,8,2,35000000.0,Galle,149.0,Galle City
4500,4,4,Colombo,3,2,100000000.0,Colombo,10.0,Kotte
4800,3,2,Colombo,48,2,100000000.0,Colombo,22.0,Battaramulla
2850,5,3,Colombo,6,2,19500000.0,Colombo,6.3,Kesbewa
2000,2,1,Colombo,5,1,21000000.0,Colombo,6.8,Dehiwala
2400,3,2,Colombo,20,2,26000000.0,Colombo,6.4,Kotte
4000,4,4,Colombo,11,2,49500000.0,Colombo,10.0,Talawatugoda
800,2,2,Gampaha,26,1,6800000.0,Gampaha,6.2,Kadawatha
2500,4,3,Colombo,10,2,23500000.0,Colombo,6.0,Malabe
1400,3,2,Colombo,35,2,18500000.0,Colombo,7.9,Malabe
2300,3,3,Colombo,15,2,28000000.0,Colombo,7.67,Malabe
1070,3,2,Colombo,9,2,14200000.0,Colombo,7.6,Malabe
2800,4,3,Colombo,17,2,33000000.0,Colombo,8.0,Kottawa
3600,4,3,Colombo,16,2,36000000.0,Colombo,7.8,Malabe
4300,5,5,Colombo,44,2,55000000.0,Colombo,12.0,Malabe
2400,4,3,Colombo,37,2,26000000.0,Colombo,10.5,Malabe
2100,3,3,Colombo,5,2,25500000.0,Colombo,10.0,Malabe
1480,3,3,Colombo,33,2,17000000.0,Colombo,8.0,Athurugiriya
3800,5,3,Colombo,26,2,44000000.0,Colombo,7.5,Talawatugoda
4500,5,4,Colombo,22,2,115000000.0,Colombo,22.0,Talawatugoda
3500,4,3,Gampaha,1,2,26500000.0,Gampaha,10.0,Negombo
3800,4,3,Colombo,36,2,37000000.0,Colombo,11.75,Talawatugoda
750,1,1,Colombo,20,1,5500000.0,Colombo,6.0,Kesbewa
2800,3,3,Colombo,45,2,27000000.0,Colombo,8.0,Piliyandala
3000,5,4,Colombo,6,2,52000000.0,Colombo,14.0,Nugegoda
1910,3,2,Kalutara,23,2,12000000.0,Kalutara,21.0,Horana
2100,4,4,Gampaha,47,2,31500000.0,Gampaha,13.2,Negombo
3000,4,3,Gampaha,3,2,25000000.0,Gampaha,10.0,Negombo
4500,5,4,Colombo,6,2,115000000.0,Colombo,22.0,Talawatugoda
1200,2,2,Gampaha,15,1,16000000.0,Gampaha,5.5,Wattala
1800,4,2,Gampaha,28,2,35000000.0,Gampaha,25.8,Kadawatha
2750,4,2,Gampaha,3,2,13000000.0,Gampaha,11.0,Negombo
2150,3,3,Gampaha,4,2,18500000.0,Gampaha,15.0,Negombo
1400,4,2,Ratnapura,8,2,22000000.0,Ratnapura,10.0,Ratnapura City
1764,3,2,Gampaha,21,2,17000000.0,Gampaha,12.74,Wattala
6500,6,5,Colombo,11,3,44000000.0,Colombo,12.5,Talawatugoda
2400,4,4,Colombo,25,2,24800000.0,Colombo,6.0,Piliyandala
2000,4,2,Kandy,1,2,15000000.0,Kandy,17.0,Katugastota
2100,5,3,Kandy,42,2,50000000.0,Kandy,11.0,Kandy City
2500,4,3,Colombo,47,2,27500000.0,Colombo,8.0,Malabe
3800,5,4,Colombo,10,2,47500000.0,Colombo,14.8,Talawatugoda
2400,4,3,Kandy,20,2,42000000.0,Kandy,14.0,Kandy City
1400,3,1,Colombo,9,2,27500000.0,Colombo,5.3,Mount Lavinia
1350,3,1,Gampaha,3,2,11000000.0,Gampaha,13.5,Negombo
1550,3,2,Gampaha,20,2,17000000.0,Gampaha,11.0,Negombo
3800,5,4,Colombo,21,2,45000000.0,Colombo,11.0,Talawatugoda
2250,4,2,Colombo,1,2,18500000.0,Colombo,51.0,Padukka
2600,3,2,Colombo,11,2,14500000.0,Colombo,11.0,Boralesgamuwa
1468,4,2,Colombo,28,2,11500000.0,Colombo,18.5,Piliyandala
3150,4,3,Gampaha,21,2,26500000.0,Gampaha,10.5,Negombo
1200,3,1,Kandy,20,2,4150000.0,Kandy,22.0,Katugastota
1650,3,2,Gampaha,16,2,16500000.0,Gampaha,12.5,Negombo
2850,3,2,Gampaha,19,2,26500000.0,Gampaha,43.0,Negombo
5445,4,1,Galle,1,2,5000000.0,Galle,20.0,Elpitiya
1400,3,1,Colombo,21,2,13500000.0,Colombo,14.0,Piliyandala
3600,6,4,Colombo,17,3,33500000.0,Colombo,16.2,Kottawa
3000,4,4,Colombo,22,2,33000000.0,Colombo,8.0,Kottawa
3000,4,3,Colombo,42,2,100000000.0,Colombo,8.0,Colombo 4
4200,4,4,Colombo,12,2,49500000.0,Colombo,10.0,Talawatugoda
1000,2,2,Matale,3,1,7500000.0,Matale,108.0,Ukuwela
3000,4,3,Colombo,27,2,110000000.0,Colombo,50.0,Talawatugoda
3800,5,4,Colombo,1,2,47500000.0,Colombo,14.8,Talawatugoda
4000,4,4,Colombo,46,2,60000000.0,Colombo,15.0,Talawatugoda
2500,3,2,Kandy,5,2,22500000.0,Kandy,50.0,Katugastota
1500,3,1,Colombo,8,2,9500000.0,Colombo,10.0,Homagama
1000,3,2,Colombo,23,2,14000000.0,Colombo,8.66,Moratuwa
3950,5,4,Colombo,19,2,29500000.0,Colombo,13.1,Talawatugoda
3500,4,3,Gampaha,1,2,26500000.0,Gampaha,10.0,Negombo
3890,4,4,Colombo,7,2,29500000.0,Colombo,9.6,Talawatugoda
1650,2,1,Gampaha,7,1,10500000.0,Gampaha,13.0,Negombo
4500,4,5,Gampaha,7,2,47000000.0,Gampaha,14.7,Negombo
1000,3,1,Colombo,47,2,14900000.0,Colombo,8.7,Colombo 15
1500,3,1,Gampaha,49,2,10900000.0,Gampaha,20.5,Ragama
3000,4,4,Colombo,9,2,60000000.0,Colombo,15.0,Talawatugoda
1000,2,2,Colombo,18,1,25000000.0,Colombo,8.0,Kaduwela
2500,3,4,Gampaha,24,2,22500000.0,Gampaha,13.0,Wattala
1800,5,1,Kalutara,2,2,28000000.0,Kalutara,118.85,Panadura
3000,3,2,Colombo,14,2,120000000.0,Colombo,20.0,Dehiwala
3300,4,3,Colombo,2,2,42500000.0,Colombo,11.0,Talawatugoda
3800,5,4,Colombo,12,2,47500000.0,Colombo,14.8,Talawatugoda
2700,5,3,Colombo,3,2,45000000.0,Colombo,9.7,Talawatugoda
4000,5,4,Colombo,49,2,65000000.0,Colombo,11.0,Talawatugoda
4000,4,4,Colombo,8,2,49500000.0,Colombo,10.0,Talawatugoda
4000,4,4,Colombo,22,2,80000000.0,Colombo,16.0,Talawatugoda
1700,4,3,Colombo,17,2,24500000.0,Colombo,6.3,Malabe
2200,4,3,Colombo,50,2,26500000.0,Colombo,6.5,Malabe
3800,4,3,Colombo,49,2,45000000.0,Colombo,11.0,Talawatugoda
1100,3,1,Ratnapura,7,2,3000000.0,Ratnapura,57.0,Balangoda
3900,4,3,Colombo,28,2,82000000.0,Colombo,12.2,Colombo 8
1400,2,2,Colombo,22,1,14800000.0,Colombo,7.0,Athurugiriya
3000,5,4,Colombo,11,2,40000000.0,Colombo,10.0,Piliyandala
1271,3,3,Colombo,6,2,26500000.0,Colombo,7.0,Talawatugoda
4200,4,4,Colombo,40,2,49500000.0,Colombo,10.0,Talawatugoda
1100,3,2,Gampaha,42,2,12000000.0,Gampaha,6.7,Kadawatha
3150,4,3,Gampaha,6,2,26500000.0,Gampaha,10.5,Negombo
1350,3,1,Gampaha,20,2,11000000.0,Gampaha,13.5,Negombo
4250,3,2,Colombo,48,2,9000000.0,Colombo,5.0,Angoda
2100,4,2,Gampaha,23,2,13000000.0,Gampaha,11.0,Negombo
4500,4,3,Colombo,4,2,65000000.0,Colombo,11.3,Talawatugoda
1450,3,1,Gampaha,1,2,16500000.0,Gampaha,16.3,Gampaha City
1200,3,2,Gampaha,20,2,12500000.0,Gampaha,7.1,Kadawatha
3200,6,4,Colombo,17,3,55000000.0,Colombo,8.1,Dehiwala
1900,5,2,Colombo,17,2,48000000.0,Colombo,8.0,Dehiwala
1800,4,2,Colombo,24,2,19700000.0,Colombo,8.0,Kotte
2400,4,1,Galle,48,2,5000000.0,Galle,20.0,Elpitiya
3600,5,4,Colombo,7,2,35000000.0,Colombo,8.0,Malabe
1250,3,2,Colombo,44,2,26500000.0,Colombo,7.0,Malabe
2000,3,1,Colombo,10,2,15500000.0,Colombo,6.8,Malabe
2600,4,3,Colombo,42,2,23000000.0,Colombo,7.0,Malabe
2600,4,4,Colombo,22,2,29000000.0,Colombo,10.0,Malabe
1400,3,2,Colombo,48,2,16000000.0,Colombo,10.5,Malabe
1300,3,2,Colombo,47,2,17000000.0,Colombo,7.5,Malabe
1800,3,3,Colombo,45,2,19000000.0,Colombo,10.0,Athurugiriya
3600,6,5,Colombo,41,3,33500000.0,Colombo,16.0,Kottawa
2850,4,4,Colombo,5,2,28500000.0,Colombo,7.5,Piliyandala
1495,3,2,Colombo,25,2,14000000.0,Colombo,10.0,Piliyandala
2600,4,4,Colombo,23,2,34000000.0,Colombo,9.0,Maharagama
2800,4,4,Colombo,9,2,27500000.0,Colombo,11.5,Malabe
2800,4,4,Colombo,11,2,28000000.0,Colombo,10.0,Malabe
4000,5,4,Colombo,7,2,65000000.0,Colombo,12.5,Talawatugoda
3400,4,2,Kandy,6,2,36000000.0,Kandy,14.75,Kandy City
4600,5,4,Colombo,24,2,180000000.0,Colombo,8.5,Colombo 5
4900,4,4,Colombo,23,2,80000000.0,Colombo,16.0,Talawatugoda
2544,4,4,Colombo,2,2,25500000.0,Colombo,7.5,Piliyandala
3800,5,4,Colombo,13,2,45000000.0,Colombo,11.0,Talawatugoda
3150,4,3,Gampaha,4,2,26500000.0,Gampaha,10.5,Negombo
1800,5,3,Colombo,34,2,26500000.0,Colombo,9.15,Maharagama
4200,4,4,Colombo,34,2,49500000.0,Colombo,10.0,Talawatugoda
2800,5,7,Colombo,44,2,64000000.0,Colombo,17.5,Talawatugoda
1900,1,1,Colombo,25,1,17000000.0,Colombo,15.0,Athurugiriya
800,3,2,Gampaha,35,2,4800000.0,Gampaha,10.0,Gampaha City
2450,4,2,Kandy,21,2,11800000.0,Kandy,10.0,Kandy City
2400,4,3,Colombo,7,2,26500000.0,Colombo,7.0,Kottawa
1200,3,1,Anuradhapura,8,2,4800000.0,Anuradhapura,240.0,Anuradhapura City
2516,4,4,Colombo,3,2,25500000.0,Colombo,6.5,Piliyandala
2588,4,4,Colombo,20,2,26000000.0,Colombo,8.5,Piliyandala
5046,8,5,Colombo,41,4,42500000.0,Colombo,13.2,Piliyandala
2850,3,2,Gampaha,2,2,26500000.0,Gampaha,43.0,Negombo
3500,4,3,Colombo,3,2,39500000.0,Colombo,8.0,Talawatugoda
1650,3,2,Gampaha,46,2,20500000.0,Gampaha,10.0,Negombo
2100,5,2,Gampaha,34,2,11000000.0,Gampaha,10.0,Negombo
1550,3,2,Gampaha,8,2,17000000.0,Gampaha,11.0,Negombo
1400,3,2,Colombo,44,2,9000000.0,Colombo,6.0,Maharagama
2658,4,4,Colombo,18,2,26000000.0,Colombo,7.5,Kesbewa
4000,4,4,Colombo,14,2,49500000.0,Colombo,10.0,Talawatugoda
1542,3,3,Colombo,50,2,14000000.0,Colombo,8.0,Kesbewa
1350,3,1,Gampaha,4,2,11000000.0,Gampaha,13.5,Negombo
2100,4,2,Gampaha,9,2,13000000.0,Gampaha,11.0,Negombo
3415,4,4,Colombo,43,2,33000000.0,Colombo,8.5,Piliyandala
2500,3,2,Colombo,9,2,150000000.0,Colombo,10.5,Moratuwa
3150,4,3,Gampaha,4,2,26500000.0,Gampaha,10.5,Negombo
1400,3,2,Colombo,38,2,15000000.0,Colombo,8.0,Piliyandala
1200,3,3,Colombo,8,2,14000000.0,Colombo,6.0,Athurugiriya
1500,3,2,Colombo,4,2,16500000.0,Colombo,7.5,Athurugiriya
3451,4,4,Colombo,4,2,34000000.0,Colombo,9.0,Piliyandala
3800,4,3,Colombo,39,2,45000000.0,Colombo,11.0,Talawatugoda
3012,4,4,Colombo,9,2,24500000.0,Colombo,6.2,Piliyandala
2500,5,3,Colombo,48,2,17500000.0,Colombo,10.0,Kottawa
1800,4,4,Colombo,44,2,17500000.0,Colombo,7.5,Kottawa
4000,5,4,Colombo,6,2,65000000.0,Colombo,11.0,Talawatugoda
3014,5,4,Colombo,42,2,27000000.0,Colombo,10.0,Piliyandala
1500,3,2,Colombo,7,2,13800000.0,Colombo,10.0,Piliyandala
2895,4,4,Colombo,43,2,28500000.0,Colombo,8.0,Piliyandala
1400,3,1,Colombo,48,2,13500000.0,Colombo,14.0,Piliyandala
4000,4,4,Colombo,20,2,80000000.0,Colombo,16.0,Talawatugoda
3200,4,3,Colombo,46,2,35000000.0,Colombo,9.0,Piliyandala
1800,3,3,Colombo,5,2,23000000.0,Colombo,8.0,Piliyandala
3500,6,4,Colombo,28,3,28000000.0,Colombo,20.0,Piliyandala
1600,4,1,Colombo,21,2,12900000.0,Colombo,10.0,Piliyandala
4200,4,4,Colombo,47,2,49500000.0,Colombo,10.0,Talawatugoda
3500,5,4,Colombo,4,2,40000000.0,Colombo,11.0,Talawatugoda
3000,4,3,Colombo,26,2,30500000.0,Colombo,7.5,Piliyandala
2200,4,3,Colombo,4,2,26000000.0,Colombo,7.0,Piliyandala
4000,4,4,Colombo,45,2,34500000.0,Colombo,10.0,Piliyandala
2000,4,3,Colombo,23,2,17500000.0,Colombo,6.5,Piliyandala
1100,3,3,Colombo,30,2,14200000.0,Colombo,7.86,Malabe
2400,4,4,Colombo,42,2,26000000.0,Colombo,10.5,Malabe
2500,5,4,Colombo,36,2,28500000.0,Colombo,7.5,Piliyandala
2700,4,3,Colombo,50,2,29000000.0,Colombo,9.8,Rajagiriya
2750,4,2,Gampaha,25,2,13000000.0,Gampaha,11.0,Negombo
4900,4,4,Colombo,14,2,80000000.0,Colombo,16.0,Talawatugoda
1500,3,3,Colombo,20,2,18500000.0,Colombo,7.5,Malabe
1900,3,2,Colombo,49,2,19000000.0,Colombo,11.4,Malabe
3275,4,3,Colombo,6,2,37500000.0,Colombo,15.0,Boralesgamuwa
1200,3,1,Galle,24,2,5600000.0,Galle,32.0,Ambalangoda
3400,3,4,Colombo,49,2,48500000.0,Colombo,19.37,Battaramulla
2500,3,2,Colombo,6,2,35000000.0,Colombo,20.0,Talawatugoda
2500,5,7,Colombo,6,2,66000000.0,Colombo,17.5,Talawatugoda
4200,4,4,Colombo,8,2,49500000.0,Colombo,10.0,Talawatugoda
3800,5,4,Colombo,22,2,45000000.0,Colombo,11.0,Talawatugoda
1200,2,1,Gampaha,4,1,5100000.0,Gampaha,9.0,Ganemulla
2453,3,3,Colombo,10,2,23000000.0,Colombo,8.2,Piliyandala
3200,4,4,Colombo,2,2,25500000.0,Colombo,7.5,Piliyandala
7300,6,5,Kalutara,36,3,80000000.0,Kalutara,20.0,Kalutara City
4500,4,2,Gampaha,1,2,28500000.0,Gampaha,15.0,Gampaha City
2563,4,4,Colombo,23,2,28500000.0,Colombo,8.5,Piliyandala
4000,5,4,Colombo,15,2,65000000.0,Colombo,12.5,Malabe
2451,3,3,Colombo,32,2,21500000.0,Colombo,9.5,Piliyandala
3100,5,3,Colombo,48,2,37500000.0,Colombo,9.0,Malabe
1463,3,2,Colombo,6,2,14000000.0,Colombo,8.5,Piliyandala
2675,4,3,Colombo,1,2,48000000.0,Colombo,10.12,Malabe
1542,3,3,Colombo,25,2,14000000.0,Colombo,8.0,Piliyandala
3412,5,4,Colombo,4,2,33500000.0,Colombo,16.0,Piliyandala
3415,4,4,Colombo,45,2,27000000.0,Colombo,19.0,Piliyandala
5500,5,5,Colombo,25,2,85000000.0,Colombo,45.0,Maharagama
3102,4,4,Colombo,29,2,25500000.0,Colombo,7.5,Piliyandala
3015,4,4,Colombo,1,2,25500000.0,Colombo,7.5,Piliyandala
5100,8,5,Colombo,29,4,42500000.0,Colombo,13.2,Nugegoda
2451,3,3,Colombo,41,2,21500000.0,Colombo,9.5,Piliyandala
2500,3,2,Colombo,2,2,35000000.0,Colombo,20.0,Pannipitiya
3210,4,4,Colombo,40,2,28000000.0,Colombo,10.0,Piliyandala
3142,4,4,Colombo,25,2,34500000.0,Colombo,10.0,Piliyandala
2500,5,7,Colombo,20,2,66000000.0,Colombo,17.5,Pannipitiya
3014,4,4,Colombo,1,2,25500000.0,Colombo,7.0,Piliyandala
4000,5,3,Colombo,19,2,65000000.0,Colombo,10.0,Battaramulla
3800,3,4,Colombo,8,2,45000000.0,Colombo,7.0,Battaramulla
4200,4,4,Colombo,7,2,49500000.0,Colombo,10.0,Talawatugoda
1600,5,2,Galle,20,2,22500000.0,Galle,13.0,Karapitiya
2500,4,3,Colombo,42,2,95000000.0,Colombo,6.0,Colombo 7
3500,5,2,Colombo,6,2,80000000.0,Colombo,12.0,Colombo 5
1700,3,3,Colombo,45,2,14500000.0,Colombo,10.0,Piliyandala
2120,4,2,Colombo,9,2,11000000.0,Colombo,7.0,Piliyandala
1000,3,1,Gampaha,2,2,8600000.0,Gampaha,20.0,Gampaha City
11000,4,4,Colombo,15,2,90000000.0,Colombo,19.0,Talawatugoda
3800,4,4,Colombo,19,2,79000000.0,Colombo,16.0,Battaramulla
4500,5,4,Colombo,12,2,115000000.0,Colombo,22.0,Battaramulla
3300,4,3,Colombo,28,2,42500000.0,Colombo,11.0,Talawatugoda
3150,4,3,Gampaha,8,2,26500000.0,Gampaha,10.5,Negombo
1650,3,2,Gampaha,22,2,16500000.0,Gampaha,12.5,Negombo
3800,4,3,Colombo,10,2,45000000.0,Colombo,11.0,Talawatugoda
1700,4,2,Colombo,7,2,25000000.0,Colombo,4.0,Boralesgamuwa
1470,2,1,Gampaha,10,1,12000000.0,Gampaha,20.0,Ja-Ela
2700,2,1,Colombo,18,1,27000000.0,Colombo,10.0,Dehiwala
3000,5,3,Colombo,46,2,45000000.0,Colombo,9.5,Dehiwala
1550,3,2,Gampaha,13,2,17000000.0,Gampaha,11.0,Negombo
6550,6,5,Colombo,25,3,44000000.0,Colombo,12.6,Talawatugoda
3150,4,3,Gampaha,6,2,26500000.0,Gampaha,10.5,Negombo
2000,2,1,Ratnapura,20,1,12000000.0,Ratnapura,40.0,Ratnapura City
5000,4,3,Colombo,46,2,42000000.0,Colombo,10.0,Battaramulla
2700,5,3,Colombo,22,2,45000000.0,Colombo,9.7,Battaramulla
5500,6,6,Colombo,50,3,172500000.0,Colombo,8.8,Colombo 5
3200,3,3,Colombo,25,2,52000000.0,Colombo,16.0,Pannipitiya
2700,5,3,Colombo,33,2,45000000.0,Colombo,9.7,Rajagiriya
2600,3,3,Colombo,25,2,52000000.0,Colombo,16.0,Talawatugoda
3500,4,3,Colombo,47,2,125000000.0,Colombo,30.0,Dehiwala
2500,4,3,Colombo,26,2,27500000.0,Colombo,8.0,Talawatugoda
2800,4,4,Colombo,31,2,38500000.0,Colombo,7.5,Kolonnawa
2354,4,2,Colombo,3,2,40000000.0,Colombo,6.0,Nugegoda
2500,4,3,Colombo,3,2,24000000.0,Colombo,6.5,Nugegoda
4000,5,4,Colombo,24,2,75000000.0,Colombo,11.0,Talawatugoda
4000,5,4,Colombo,25,2,65000000.0,Colombo,11.0,Malabe
3500,5,3,Colombo,11,2,24500000.0,Colombo,10.0,Piliyandala
2700,6,4,Colombo,30,3,15700000.0,Colombo,4.5,Wellampitiya
4000,4,4,Colombo,44,2,49500000.0,Colombo,10.0,Talawatugoda
1280,3,1,Colombo,9,2,13000000.0,Colombo,7.8,Kottawa
1800,4,2,Colombo,19,2,30000000.0,Colombo,7.5,Mount Lavinia
1500,3,1,Gampaha,19,2,5800000.0,Gampaha,16.7,Nittambuwa
900,3,2,Colombo,41,2,10300000.0,Colombo,7.3,Athurugiriya
900,3,2,Colombo,6,2,10300000.0,Colombo,7.3,Kaduwela
2400,4,2,Colombo,15,2,14000000.0,Colombo,6.0,Angoda
1200,3,1,Kurunegala,11,2,5800000.0,Kurunegala,23.0,Kurunegala City
1800,3,1,Matale,30,2,7000000.0,Matale,80.0,Matale City
5000,6,4,Gampaha,2,3,39000000.0,Gampaha,83.0,Veyangoda
2800,4,3,Colombo,50,2,26500000.0,Colombo,6.5,Malabe
3150,4,3,Gampaha,38,2,26500000.0,Gampaha,10.5,Negombo
2100,5,2,Gampaha,21,2,11000000.0,Gampaha,10.0,Negombo
4200,4,4,Colombo,11,2,49500000.0,Colombo,10.0,Talawatugoda
1650,3,2,Gampaha,24,2,16500000.0,Gampaha,12.5,Negombo
1500,2,1,Colombo,7,1,12000000.0,Colombo,8.0,Piliyandala
3000,3,3,Kalutara,10,2,35000000.0,Kalutara,20.0,Panadura
3100,4,3,Gampaha,20,2,26500000.0,Gampaha,10.5,Negombo
4500,4,5,Gampaha,6,2,47000000.0,Gampaha,14.7,Negombo
3150,4,3,Gampaha,7,2,26500000.0,Gampaha,10.5,Negombo
1250,3,2,Colombo,10,2,16500000.0,Colombo,7.5,Malabe
1650,3,2,Gampaha,39,2,16500000.0,Gampaha,12.5,Negombo
2280,4,4,Nuwara Eliya,8,2,31000000.0,Nuwara Eliya,9.0,Nuwara Eliya City
3600,2,2,Gampaha,32,1,32000000.0,Gampaha,7.0,Wattala
2000,4,3,Colombo,45,2,18000000.0,Colombo,10.0,Malabe
1200,3,3,Colombo,12,2,29500000.0,Colombo,16.5,Malabe
6560,6,5,Colombo,6,3,44000000.0,Colombo,12.7,Talawatugoda
1500,4,2,Gampaha,12,2,5500000.0,Gampaha,20.0,Nittambuwa
1200,2,1,Gampaha,7,1,5100000.0,Gampaha,9.0,Ganemulla
2500,3,2,Colombo,42,2,25500000.0,Colombo,14.0,Piliyandala
3900,4,6,Colombo,8,2,38000000.0,Colombo,6.0,Dehiwala
4300,4,3,Colombo,12,2,25000000.0,Colombo,11.0,Malabe
2850,3,3,Gampaha,1,2,26500000.0,Gampaha,43.0,Negombo
2400,4,2,Colombo,45,2,30000000.0,Colombo,10.0,Kottawa
4800,6,3,Gampaha,19,3,26500000.0,Gampaha,33.0,Nittambuwa
2067,5,2,Colombo,33,2,23000000.0,Colombo,6.0,Athurugiriya
1600,3,2,Colombo,50,2,14000000.0,Colombo,10.0,Piliyandala
3800,5,4,Colombo,47,2,36500000.0,Colombo,10.0,Athurugiriya
2100,4,2,Gampaha,39,2,13000000.0,Gampaha,11.0,Negombo
2450,4,3,Colombo,39,2,24500000.0,Colombo,7.0,Piliyandala
2600,4,3,Colombo,16,2,19000000.0,Colombo,18.2,Athurugiriya
1200,2,1,Colombo,25,1,3600000.0,Colombo,10.0,Padukka
2000,3,2,Colombo,6,2,16500000.0,Colombo,6.25,Piliyandala
2500,4,4,Kandy,43,2,55000000.0,Kandy,20.0,Kandy City
1800,5,5,Kandy,2,2,47000000.0,Kandy,33.0,Kandy City
1165,3,2,Gampaha,8,2,16000000.0,Gampaha,6.75,Kadawatha
2000,5,5,Kandy,1,2,175000000.0,Kandy,13.5,Kandy City
1200,3,1,Gampaha,11,2,12500000.0,Gampaha,10.0,Kadawatha
2350,5,3,Gampaha,2,2,39500000.0,Gampaha,19.7,Kadawatha
3150,4,3,Gampaha,34,2,26500000.0,Gampaha,10.5,Negombo
1600,3,1,Gampaha,4,2,14800000.0,Gampaha,11.3,Kadawatha
3850,7,4,Colombo,18,4,25000000.0,Colombo,10.0,Malabe
3450,4,2,Gampaha,32,2,23500000.0,Gampaha,12.5,Kadawatha
2500,5,2,Colombo,49,2,19000000.0,Colombo,10.0,Malabe
1550,3,2,Gampaha,35,2,17000000.0,Gampaha,11.0,Negombo
4200,4,4,Colombo,27,2,49500000.0,Colombo,10.0,Pannipitiya
2500,4,4,Colombo,17,2,28000000.0,Colombo,10.0,Pannipitiya
1200,3,2,Gampaha,30,2,12500000.0,Gampaha,15.0,Kadawatha
1300,5,2,Gampaha,31,2,19500000.0,Gampaha,12.35,Kadawatha
2440,4,2,Gampaha,20,2,14500000.0,Gampaha,16.0,Gampaha City
1500,4,1,Gampaha,12,2,13000000.0,Gampaha,35.5,Gampaha City
6500,6,5,Colombo,31,3,44000000.0,Colombo,12.5,Talawatugoda
1400,3,1,Gampaha,21,2,13000000.0,Gampaha,13.0,Gampaha City
1000,3,3,Gampaha,22,2,9500000.0,Gampaha,10.0,Gampaha City
3500,4,2,Gampaha,19,2,13500000.0,Gampaha,12.5,Gampaha City
1950,4,3,Colombo,7,2,22500000.0,Colombo,6.35,Talawatugoda
3000,4,4,Colombo,12,2,53000000.0,Colombo,16.0,Talawatugoda
4200,4,4,Colombo,48,2,49500000.0,Colombo,10.0,Talawatugoda
2000,3,2,Gampaha,2,2,28500000.0,Gampaha,6.0,Wattala
2000,3,2,Gampaha,3,2,28000000.0,Gampaha,10.0,Wattala
2800,3,2,Gampaha,23,2,21000000.0,Gampaha,7.14,Wattala
4400,5,5,Gampaha,9,2,69500000.0,Gampaha,24.0,Wattala
2400,3,2,Gampaha,39,2,41500000.0,Gampaha,19.0,Wattala
1642,4,3,Gampaha,8,2,19800000.0,Gampaha,5.5,Wattala
1600,3,1,Gampaha,5,2,30000000.0,Gampaha,20.0,Wattala
2500,6,3,Jaffna,1,3,55000000.0,Jaffna,27.5,Jaffna City
1500,3,1,Gampaha,6,2,6500000.0,Gampaha,8.5,Ganemulla
2260,4,4,Gampaha,10,2,45000000.0,Gampaha,12.0,Wattala
2814,4,4,Colombo,8,2,26000000.0,Colombo,8.5,Boralesgamuwa
2000,3,2,Colombo,26,2,15000000.0,Colombo,10.0,Kesbewa
2546,4,4,Colombo,21,2,26000000.0,Colombo,8.5,Piliyandala
2614,4,4,Colombo,8,2,25500000.0,Colombo,7.5,Piliyandala
3150,4,3,Gampaha,7,2,26500000.0,Gampaha,10.5,Negombo
1610,3,2,Gampaha,34,2,20500000.0,Gampaha,10.0,Negombo
3000,4,3,Colombo,40,2,34000000.0,Colombo,8.0,Moratuwa
5600,5,4,Galle,47,2,75000000.0,Galle,35.0,Galle City
2450,4,3,Colombo,4,2,90000000.0,Colombo,36.1,Talawatugoda
3800,6,2,Gampaha,9,3,9500000.0,Gampaha,10.0,Ragama
2600,4,4,Colombo,33,2,23000000.0,Colombo,7.0,Malabe
1100,2,1,Colombo,2,1,8200000.0,Colombo,14.0,Piliyandala
1500,3,1,Kurunegala,41,2,8500000.0,Kurunegala,15.0,Kurunegala City
5455,6,4,Gampaha,2,3,29000000.0,Gampaha,20.0,Ragama
1820,3,3,Colombo,13,2,29500000.0,Colombo,7.5,Mount Lavinia
2500,5,3,Colombo,46,2,17500000.0,Colombo,10.0,Athurugiriya
3500,5,4,Colombo,48,2,60000000.0,Colombo,11.0,Rajagiriya
2000,5,1,Colombo,21,2,28000000.0,Colombo,27.0,Kaduwela
1100,4,4,Colombo,6,2,25000000.0,Colombo,10.0,Malabe
1500,3,2,Colombo,5,2,17800000.0,Colombo,8.0,Kotte
6000,6,4,Colombo,16,3,55000000.0,Colombo,7.4,Colombo 5
2000,4,2,Colombo,50,2,42500000.0,Colombo,11.0,Dehiwala
2800,4,3,Colombo,4,2,90000000.0,Colombo,7.4,Colombo 5
2650,5,2,Gampaha,13,2,41000000.0,Gampaha,20.0,Gampaha City
1200,3,1,Gampaha,9,2,7500000.0,Gampaha,10.0,Minuwangoda
2100,5,2,Gampaha,25,2,11000000.0,Gampaha,10.0,Negombo
1000,2,1,Colombo,47,1,9000000.0,Colombo,14.0,Piliyandala
3000,5,3,Colombo,7,2,348500000.0,Colombo,20.5,Colombo 3
4000,4,4,Colombo,3,2,80000000.0,Colombo,13.25,Colombo 3
1500,2,1,Galle,50,1,7500000.0,Galle,10.0,Karapitiya
3150,4,3,Gampaha,1,2,26500000.0,Gampaha,10.5,Negombo
2000,3,3,Colombo,32,2,20500000.0,Colombo,6.5,Athurugiriya
2000,4,3,Colombo,38,2,16000000.0,Colombo,17.0,Athurugiriya
2000,4,4,Colombo,16,2,23500000.0,Colombo,6.0,Malabe
1800,3,3,Colombo,17,2,23000000.0,Colombo,8.0,Piliyandala
2400,4,3,Colombo,6,2,26000000.0,Colombo,7.0,Piliyandala
1700,4,3,Colombo,20,2,24500000.0,Colombo,6.3,Malabe
2150,3,2,Colombo,19,2,45000000.0,Colombo,8.0,Nawala
1500,3,1,Colombo,46,2,12500000.0,Colombo,10.0,Athurugiriya
2600,4,4,Colombo,40,2,34000000.0,Colombo,9.0,Maharagama
1800,3,1,Colombo,28,2,14500000.0,Colombo,10.0,Piliyandala
1400,3,1,Colombo,2,2,13500000.0,Colombo,14.0,Piliyandala
1200,3,2,Colombo,48,2,18500000.0,Colombo,10.0,Piliyandala
2200,4,3,Colombo,22,2,26500000.0,Colombo,6.5,Malabe
4400,6,4,Colombo,36,3,19000000.0,Colombo,10.0,Maharagama
1000,2,2,Colombo,9,1,7000000.0,Colombo,6.0,Homagama
2800,4,4,Colombo,5,2,28000000.0,Colombo,10.0,Malabe
2800,4,4,Colombo,23,2,27500000.0,Colombo,11.5,Malabe
1510,3,1,Colombo,43,2,13500000.0,Colombo,14.0,Piliyandala
1872,3,1,Gampaha,12,2,16500000.0,Gampaha,26.5,Kiribathgoda
2514,4,4,Colombo,1,2,25500000.0,Colombo,6.2,Piliyandala
4200,5,4,Colombo,50,2,34500000.0,Colombo,10.0,Athurugiriya
2600,4,4,Colombo,48,2,29000000.0,Colombo,10.0,Malabe
2000,2,1,Colombo,48,1,31225000.0,Colombo,12.49,Kotte
2310,4,3,Colombo,50,2,19650000.0,Colombo,10.65,Malabe
7200,6,4,Colombo,1,3,69000000.0,Colombo,20.0,Maharagama
1800,3,3,Gampaha,21,2,12000000.0,Gampaha,11.5,Ja-Ela
1500,3,3,Colombo,3,2,18500000.0,Colombo,7.5,Malabe
1222,3,2,Ampara,50,2,21000000.0,Ampara,4.4,Kalmunai
2000,5,2,Gampaha,2,2,15800000.0,Gampaha,10.0,Wattala
2500,5,3,Colombo,8,2,17500000.0,Colombo,10.0,Kottawa
1800,4,4,Colombo,9,2,17500000.0,Colombo,7.5,Kottawa
1500,4,2,Colombo,22,2,7000000.0,Colombo,10.8,Athurugiriya
4500,6,6,Colombo,18,3,72000000.0,Colombo,23.11,Dehiwala
1200,3,3,Colombo,16,2,14000000.0,Colombo,6.0,Athurugiriya
1200,3,3,Colombo,6,2,14000000.0,Colombo,12.0,Piliyandala
3000,4,3,Colombo,43,2,35000000.0,Colombo,19.0,Piliyandala
1250,3,2,Colombo,17,2,16500000.0,Colombo,7.5,Athurugiriya
950,3,2,Colombo,43,2,18500000.0,Colombo,3.0,Athurugiriya
4500,6,4,Colombo,22,3,84500000.0,Colombo,20.0,Dehiwala
2500,4,3,Colombo,27,2,33000000.0,Colombo,12.6,Piliyandala
4200,4,4,Colombo,13,2,49500000.0,Colombo,10.0,Talawatugoda
3500,5,4,Colombo,14,2,40000000.0,Colombo,11.0,Talawatugoda
2000,4,3,Colombo,20,2,17500000.0,Colombo,6.5,Piliyandala
1300,3,1,Colombo,37,2,7700000.0,Colombo,10.3,Homagama
4000,6,4,Colombo,23,3,33000000.0,Colombo,9.0,Talawatugoda
2000,5,2,Gampaha,9,2,15800000.0,Gampaha,10.0,Kelaniya
1250,3,2,Colombo,42,2,16500000.0,Colombo,7.5,Malabe
1700,4,4,Colombo,24,2,24500000.0,Colombo,6.3,Malabe
4000,4,3,Colombo,37,2,29500000.0,Colombo,8.0,Kottawa
3000,4,4,Colombo,16,2,33000000.0,Colombo,8.0,Kottawa
1200,3,3,Colombo,1,2,14000000.0,Colombo,6.0,Malabe
1900,3,2,Colombo,37,2,19000000.0,Colombo,11.4,Malabe
4200,4,4,Colombo,9,2,49500000.0,Colombo,10.0,Talawatugoda
3250,5,4,Colombo,1,2,40000000.0,Colombo,10.0,Piliyandala
3000,4,3,Colombo,47,2,110000000.0,Colombo,50.0,Talawatugoda
3800,5,4,Colombo,16,2,47500000.0,Colombo,14.8,Talawatugoda
3300,4,4,Colombo,9,2,44000000.0,Colombo,7.7,Talawatugoda
850,1,1,Galle,44,1,11000000.0,Galle,8.6,Galle City
3800,5,4,Colombo,32,2,45000000.0,Colombo,11.0,Talawatugoda
2500,3,3,Colombo,2,2,24500000.0,Colombo,10.0,Malabe
3000,5,2,Colombo,9,2,33000000.0,Colombo,13.3,Kottawa
1650,4,2,Colombo,4,2,45000000.0,Colombo,6.3,Dehiwala
4000,6,6,Colombo,26,3,65000000.0,Colombo,12.0,Nugegoda
1650,3,2,Gampaha,1,2,16500000.0,Gampaha,12.5,Negombo
3500,5,4,Colombo,47,2,46000000.0,Colombo,10.5,Nugegoda
5000,8,5,Colombo,19,4,42500000.0,Colombo,13.5,Nugegoda
5000,5,4,Colombo,14,2,68000000.0,Colombo,11.0,Nugegoda
1500,2,2,Colombo,12,1,18000000.0,Colombo,6.8,Athurugiriya
3800,4,4,Colombo,17,2,47500000.0,Colombo,7.0,Nugegoda
7100,6,5,Colombo,42,3,155000000.0,Colombo,27.0,Nugegoda
3020,4,3,Colombo,9,2,36000000.0,Colombo,6.0,Talawatugoda
5866,5,5,Colombo,1,2,145000000.0,Colombo,62.0,Battaramulla
2800,4,3,Colombo,15,2,26500000.0,Colombo,6.5,Malabe
3200,4,4,Colombo,36,2,36000000.0,Colombo,10.0,Malabe
1000,2,1,Colombo,2,1,15000000.0,Colombo,9.0,Battaramulla
4000,5,4,Colombo,33,2,65000000.0,Colombo,12.5,Malabe
1500,3,2,Colombo,28,2,14000000.0,Colombo,10.0,Piliyandala
4500,5,4,Colombo,21,2,115000000.0,Colombo,22.0,Battaramulla
5500,4,4,Colombo,32,2,85000000.0,Colombo,12.0,Battaramulla
3250,5,3,Colombo,36,2,23500000.0,Colombo,7.5,Piliyandala
3000,4,3,Colombo,8,2,30500000.0,Colombo,7.5,Piliyandala
5445,5,2,Colombo,3,2,80000000.0,Colombo,20.0,Maharagama
2200,4,3,Colombo,11,2,26000000.0,Colombo,7.0,Piliyandala
3350,5,4,Colombo,22,2,96000000.0,Colombo,13.5,Battaramulla
4000,4,4,Colombo,20,2,34500000.0,Colombo,10.0,Piliyandala
3000,5,4,Colombo,8,2,40000000.0,Colombo,10.0,Piliyandala
4000,5,4,Colombo,6,2,75000000.0,Colombo,14.0,Battaramulla
3500,7,6,Colombo,19,4,58000000.0,Colombo,10.0,Dehiwala
2500,5,4,Colombo,13,2,28500000.0,Colombo,7.5,Piliyandala
3200,4,4,Colombo,40,2,36000000.0,Colombo,8.5,Piliyandala
2850,4,2,Gampaha,46,2,18500000.0,Gampaha,20.0,Kadawatha
800,2,2,Colombo,48,1,11000000.0,Colombo,2.94,Dehiwala
1523,3,2,Colombo,3,2,14000000.0,Colombo,8.0,Piliyandala
2415,4,4,Colombo,50,2,24500000.0,Colombo,6.2,Piliyandala
3012,5,4,Colombo,15,2,29500000.0,Colombo,7.5,Piliyandala
1200,2,1,Colombo,5,1,8500000.0,Colombo,11.0,Kesbewa
2745,3,3,Colombo,29,2,21500000.0,Colombo,9.5,Piliyandala
3014,4,4,Colombo,47,2,25500000.0,Colombo,8.5,Piliyandala
2415,3,3,Colombo,40,2,22000000.0,Colombo,8.0,Piliyandala
3001,5,4,Colombo,35,2,27000000.0,Colombo,10.0,Piliyandala
3415,4,4,Colombo,20,2,34000000.0,Colombo,9.0,Piliyandala
1000,4,2,Colombo,13,2,13500000.0,Colombo,3.0,Ratmalana
1523,3,2,Colombo,34,2,14000000.0,Colombo,10.0,Piliyandala
3415,4,4,Colombo,21,2,27000000.0,Colombo,19.0,Piliyandala
3012,3,3,Colombo,43,2,21500000.0,Colombo,9.5,Piliyandala
2500,4,3,Matara,25,2,14800000.0,Matara,25.9,Kamburugamuwa
1500,3,2,Gampaha,4,2,16500000.0,Gampaha,10.0,Negombo
3214,4,4,Colombo,27,2,28000000.0,Colombo,10.0,Piliyandala
3021,4,4,Colombo,7,2,28500000.0,Colombo,7.5,Piliyandala
2700,5,4,Colombo,9,2,52000000.0,Colombo,8.3,Kohuwala
3142,5,4,Colombo,15,2,33500000.0,Colombo,16.0,Piliyandala
4500,3,3,Colombo,2,2,60000000.0,Colombo,24.54,Boralesgamuwa
2000,3,1,Galle,27,2,13500000.0,Galle,13.2,Galle City
1526,3,2,Colombo,10,2,12500000.0,Colombo,6.0,Kaduwela
1500,2,1,Galle,25,1,12000000.0,Galle,6.0,Galle City
4000,5,4,Colombo,24,2,65000000.0,Colombo,12.5,Battaramulla
4000,4,4,Colombo,21,2,49500000.0,Colombo,10.0,Talawatugoda
2880,5,3,Colombo,14,2,18500000.0,Colombo,7.0,Piliyandala
1200,3,2,Colombo,8,2,32500000.0,Colombo,10.0,Battaramulla
1680,4,1,Colombo,43,2,12500000.0,Colombo,12.5,Athurugiriya
3000,5,4,Colombo,18,2,25500000.0,Colombo,7.5,Boralesgamuwa
1680,4,1,Colombo,9,2,12500000.0,Colombo,12.5,Kottawa
3000,4,4,Colombo,34,2,33000000.0,Colombo,8.0,Kottawa
2000,4,2,Colombo,21,2,30000000.0,Colombo,7.0,Mount Lavinia
1533,3,1,Colombo,46,2,9000000.0,Colombo,11.8,Piliyandala
1800,4,2,Colombo,49,2,17000000.0,Colombo,15.0,Pannipitiya
2100,5,3,Colombo,14,2,18500000.0,Colombo,18.0,Piliyandala
3000,4,4,Colombo,7,2,60000000.0,Colombo,15.0,Talawatugoda
3000,4,4,Colombo,5,2,60000000.0,Colombo,13.0,Talawatugoda
4000,5,4,Colombo,14,2,65000000.0,Colombo,10.0,Talawatugoda
3800,4,3,Colombo,49,2,45000000.0,Colombo,11.0,Talawatugoda
4000,4,4,Colombo,40,2,49500000.0,Colombo,10.0,Talawatugoda
3200,4,4,Colombo,24,2,43500000.0,Colombo,10.5,Battaramulla
4000,5,4,Colombo,49,2,65000000.0,Colombo,10.0,Malabe
2500,6,2,Galle,43,3,30000000.0,Galle,14.0,Galle City
3800,4,4,Colombo,16,2,54000000.0,Colombo,10.68,Talawatugoda
3700,4,4,Colombo,42,2,50000000.0,Colombo,10.0,Talawatugoda
3840,5,4,Gampaha,2,2,17100000.0,Gampaha,20.0,Kelaniya
3800,4,4,Colombo,9,2,41000000.0,Colombo,9.0,Talawatugoda
2250,4,3,Colombo,9,2,17800000.0,Colombo,11.6,Talawatugoda
2850,4,4,Colombo,8,2,44000000.0,Colombo,9.2,Talawatugoda
3500,4,3,Colombo,3,2,34000000.0,Colombo,14.0,Rajagiriya
5000,4,3,Colombo,48,2,29000000.0,Colombo,7.25,Boralesgamuwa
1600,3,1,Colombo,19,2,48950000.0,Colombo,17.8,Nugegoda
4000,5,5,Colombo,9,2,35000000.0,Colombo,7.6,Kotte
3975,4,4,Colombo,3,2,29500000.0,Colombo,9.5,Malabe
2500,5,3,Colombo,12,2,90080000.0,Colombo,22.52,Nugegoda
3500,4,2,Colombo,28,2,34000000.0,Colombo,11.9,Rajagiriya
3000,4,4,Colombo,4,2,115000000.0,Colombo,36.0,Mount Lavinia
1800,4,1,Ampara,20,2,6300000.0,Ampara,45.0,Ampara City
1850,3,2,Kalutara,31,2,16800000.0,Kalutara,10.0,Panadura
5000,8,5,Colombo,12,4,45000000.0,Colombo,11.0,Dehiwala
2500,4,3,Colombo,46,2,24000000.0,Colombo,6.5,Nugegoda
1580,3,2,Colombo,9,2,25000000.0,Colombo,6.0,Kottawa
2850,5,2,Galle,8,2,23000000.0,Galle,22.0,Galle City
2480,4,4,Colombo,41,2,28000000.0,Colombo,10.0,Kottawa
1500,3,1,Galle,4,2,7500000.0,Galle,30.0,Galle City
2200,3,2,Colombo,26,2,12400000.0,Colombo,8.5,Kesbewa
2750,4,3,Colombo,12,2,19500000.0,Colombo,11.5,Godagama
2200,3,2,Colombo,1,2,14500000.0,Colombo,10.0,Piliyandala
480,5,2,Kandy,3,2,25000000.0,Kandy,5445.0,Katugastota
1800,3,2,Gampaha,9,2,18900000.0,Gampaha,8.5,Gampaha City
2200,5,2,Colombo,31,2,20200000.0,Colombo,9.0,Piliyandala
850,2,1,Gampaha,32,1,6900000.0,Gampaha,6.0,Gampaha City
1650,4,3,Colombo,50,2,25000000.0,Colombo,7.0,Nugegoda
6000,4,4,Colombo,33,2,41000000.0,Colombo,16.0,Kottawa
6500,5,5,Colombo,17,2,112500000.0,Colombo,16.75,Kotte
1650,3,1,Colombo,4,2,12000000.0,Colombo,20.0,Homagama
2000,3,2,Colombo,20,2,49115000.0,Colombo,20.9,Talawatugoda
3450,4,2,Gampaha,15,2,23500000.0,Gampaha,12.5,Kadawatha
1100,3,2,Gampaha,5,2,11500000.0,Gampaha,10.8,Kadawatha
1000,2,1,Colombo,40,1,17000000.0,Colombo,5.0,Dehiwala
2800,3,3,Gampaha,47,2,28000000.0,Gampaha,10.75,Kadawatha
2300,4,2,Gampaha,43,2,34500000.0,Gampaha,12.0,Kadawatha
1650,3,2,Gampaha,15,2,16500000.0,Gampaha,12.5,Negombo
2200,4,2,Gampaha,22,2,35000000.0,Gampaha,15.5,Kadawatha
2800,3,3,Gampaha,7,2,21000000.0,Gampaha,10.0,Kadawatha
1864,3,2,Gampaha,3,2,21000000.0,Gampaha,12.0,Kadawatha
3000,4,3,Gampaha,20,2,26500000.0,Gampaha,12.5,Kadawatha
3842,4,3,Gampaha,10,2,40000000.0,Gampaha,10.0,Kadawatha
3000,4,3,Gampaha,11,2,26000000.0,Gampaha,20.15,Kadawatha
3527,5,4,Gampaha,17,2,25000000.0,Gampaha,15.3,Kadawatha
2600,3,2,Gampaha,4,2,35000000.0,Gampaha,12.0,Ja-Ela
2300,4,2,Gampaha,10,2,20000000.0,Gampaha,9.0,Ja-Ela
3200,5,2,Gampaha,33,2,29800000.0,Gampaha,48.5,Ja-Ela
1500,3,2,Colombo,43,2,20000000.0,Colombo,6.2,Talawatugoda
1410,4,2,Gampaha,43,2,17800000.0,Gampaha,10.0,Ja-Ela
2500,4,2,Gampaha,48,2,18500000.0,Gampaha,8.0,Ja-Ela
3800,5,2,Gampaha,4,2,27500000.0,Gampaha,16.5,Ja-Ela
2500,4,2,Colombo,2,2,35000000.0,Colombo,10.9,Kotte
3000,4,2,Gampaha,50,2,27000000.0,Gampaha,10.0,Ja-Ela
4000,4,2,Gampaha,6,2,26000000.0,Gampaha,10.5,Ja-Ela
3000,4,3,Colombo,50,2,39500000.0,Colombo,10.0,Battaramulla
3000,4,4,Colombo,37,2,39500000.0,Colombo,8.0,Talawatugoda
2650,4,3,Gampaha,44,2,35000000.0,Gampaha,13.5,Ja-Ela
3750,4,6,Gampaha,9,2,44500000.0,Gampaha,10.0,Ja-Ela
7100,6,5,Colombo,14,3,170000000.0,Colombo,27.0,Kesbewa
5200,5,4,Colombo,40,2,55000000.0,Colombo,12.58,Athurugiriya
1500,4,2,Gampaha,1,2,14200000.0,Gampaha,12.7,Wattala
1275,3,2,Gampaha,1,2,12400000.0,Gampaha,7.2,Kadawatha
1800,3,1,Colombo,12,2,19500000.0,Colombo,10.0,Athurugiriya
3800,4,4,Colombo,1,2,54000000.0,Colombo,10.8,Talawatugoda
2300,4,3,Colombo,47,2,23500000.0,Colombo,8.0,Malabe
2500,4,3,Colombo,18,2,23500000.0,Colombo,6.0,Malabe
1400,3,2,Colombo,30,2,18500000.0,Colombo,7.9,Malabe
2300,4,3,Colombo,15,2,23500000.0,Colombo,8.0,Malabe
1150,3,2,Colombo,2,2,11000000.0,Colombo,8.0,Athurugiriya
2400,4,4,Colombo,8,2,20000000.0,Colombo,15.0,Athurugiriya
4200,4,4,Colombo,10,2,49500000.0,Colombo,10.0,Talawatugoda
1200,3,2,Colombo,4,2,18500000.0,Colombo,12.0,Pannipitiya
1035,3,2,Colombo,14,2,16500000.0,Colombo,4.5,Battaramulla
3600,5,4,Colombo,1,2,35000000.0,Colombo,8.0,Malabe
1250,3,2,Colombo,17,2,26500000.0,Colombo,7.0,Malabe
2200,4,3,Colombo,1,2,26000000.0,Colombo,7.0,Piliyandala
1400,3,2,Colombo,47,2,16000000.0,Colombo,10.5,Malabe
1300,3,2,Colombo,29,2,17000000.0,Colombo,7.5,Malabe
2225,3,1,Colombo,6,2,32500000.0,Colombo,10.4,Battaramulla
2000,4,3,Colombo,6,2,19500000.0,Colombo,10.5,Homagama
2250,4,3,Colombo,7,2,27000000.0,Colombo,20.0,Homagama
2400,6,3,Colombo,43,3,16000000.0,Colombo,11.0,Kaduwela
1700,3,2,Colombo,33,2,14000000.0,Colombo,7.0,Homagama
2200,4,3,Colombo,42,2,26500000.0,Colombo,6.0,Malabe
1700,3,2,Colombo,6,2,15700000.0,Colombo,10.0,Homagama
3000,5,3,Colombo,23,2,65000000.0,Colombo,20.0,Homagama
1300,3,1,Colombo,34,2,12000000.0,Colombo,10.5,Homagama
3000,5,3,Colombo,32,2,24500000.0,Colombo,10.0,Homagama
1600,3,3,Colombo,44,2,17000000.0,Colombo,13.16,Kottawa
1900,3,3,Colombo,28,2,21500000.0,Colombo,6.5,Homagama
3800,5,4,Colombo,1,2,29800000.0,Colombo,6.0,Homagama
1650,3,1,Monaragala,45,2,4100000.0,Monaragala,37.6,Bibile
4000,4,3,Colombo,9,2,32500000.0,Colombo,15.0,Homagama
4000,4,4,Colombo,22,2,49500000.0,Colombo,10.0,Talawatugoda
6500,6,5,Colombo,5,3,44000000.0,Colombo,12.5,Talawatugoda
1600,2,1,Gampaha,20,1,8000000.0,Gampaha,10.0,Ja-Ela
5000,4,4,Gampaha,2,2,30000000.0,Gampaha,12.5,Kadawatha
2200,5,4,Gampaha,12,2,37000000.0,Gampaha,10.5,Kadawatha
1200,3,2,Colombo,45,2,12500000.0,Colombo,8.0,Athurugiriya
1400,3,2,Colombo,24,2,15500000.0,Colombo,7.5,Athurugiriya
1100,3,1,Colombo,44,2,10000000.0,Colombo,6.0,Athurugiriya
5000,5,3,Colombo,9,2,31000000.0,Colombo,12.0,Kaduwela
2100,4,4,Colombo,50,2,20500000.0,Colombo,6.0,Athurugiriya
3300,5,4,Colombo,27,2,31500000.0,Colombo,10.0,Athurugiriya
1750,3,2,Colombo,48,2,19000000.0,Colombo,9.0,Piliyandala
3300,4,3,Colombo,25,2,42500000.0,Colombo,11.0,Talawatugoda
4500,4,5,Gampaha,2,2,47000000.0,Gampaha,14.7,Negombo
3250,4,4,Colombo,5,2,27000000.0,Colombo,8.0,Talawatugoda
4200,4,4,Colombo,7,2,49800000.0,Colombo,10.0,Talawatugoda
750,3,1,Colombo,2,2,30000000.0,Colombo,5.3,Dehiwala
2800,4,3,Colombo,6,2,26500000.0,Colombo,6.5,Malabe
3000,4,4,Colombo,29,2,33000000.0,Colombo,8.0,Kottawa
4000,5,3,Colombo,6,2,65000000.0,Colombo,10.0,Talawatugoda
3800,4,4,Colombo,17,2,45000000.0,Colombo,7.0,Talawatugoda
1500,3,2,Colombo,48,2,9700000.0,Colombo,11.0,Piliyandala
3000,4,3,Colombo,14,2,33000000.0,Colombo,8.0,Kottawa
3600,6,4,Colombo,45,3,33500000.0,Colombo,16.2,Kottawa
3412,5,4,Colombo,6,2,33500000.0,Colombo,16.0,Piliyandala
4000,4,4,Colombo,7,2,49500000.0,Colombo,10.0,Talawatugoda
1400,3,1,Colombo,26,2,13500000.0,Colombo,14.0,Piliyandala
3012,3,3,Colombo,25,2,21500000.0,Colombo,9.5,Piliyandala
2400,4,3,Colombo,7,2,18500000.0,Colombo,12.0,Piliyandala
2000,4,3,Colombo,6,2,17500000.0,Colombo,6.5,Piliyandala
2700,5,4,Colombo,13,2,25500000.0,Colombo,9.05,Piliyandala
3012,4,4,Colombo,44,2,26000000.0,Colombo,8.0,Piliyandala
5017,8,5,Colombo,50,4,42500000.0,Colombo,13.2,Nugegoda
1500,3,2,Colombo,46,2,13800000.0,Colombo,10.0,Piliyandala
3016,5,3,Colombo,13,2,38000000.0,Colombo,6.1,Nugegoda
2820,4,4,Colombo,32,2,26000000.0,Colombo,8.5,Piliyandala
5066,8,5,Colombo,41,4,42500000.0,Colombo,13.2,Boralesgamuwa
2514,4,4,Colombo,44,2,25500000.0,Colombo,6.2,Piliyandala
4000,6,5,Colombo,24,3,29800000.0,Colombo,13.0,Talawatugoda
2400,4,3,Colombo,25,2,32000000.0,Colombo,10.5,Talawatugoda
2000,4,3,Colombo,2,2,28500000.0,Colombo,22.0,Angoda
3400,6,4,Colombo,50,3,36000000.0,Colombo,15.0,Piliyandala
2600,4,4,Colombo,14,2,25000000.0,Colombo,8.0,Piliyandala
5100,5,2,Colombo,28,2,26000000.0,Colombo,20.0,Pannipitiya
2500,4,3,Colombo,10,2,21000000.0,Colombo,8.0,Pannipitiya
1300,3,1,Gampaha,6,2,16500000.0,Gampaha,13.5,Kadawatha
1500,3,1,Kurunegala,9,2,14500000.0,Kurunegala,20.0,Kurunegala City
2500,4,3,Colombo,41,2,23500000.0,Colombo,6.0,Malabe
1400,3,2,Colombo,23,2,18500000.0,Colombo,7.9,Malabe
1500,2,2,Gampaha,47,1,5000000.0,Gampaha,10.0,Delgoda
1800,5,3,Colombo,49,2,25000000.0,Colombo,6.8,Malabe
2300,3,3,Colombo,16,2,28000000.0,Colombo,7.67,Malabe
2800,5,4,Colombo,27,2,32500000.0,Colombo,12.0,Malabe
3000,5,4,Colombo,17,2,39000000.0,Colombo,12.5,Malabe
2800,5,3,Colombo,13,2,32500000.0,Colombo,17.0,Malabe
1070,3,2,Colombo,8,2,14200000.0,Colombo,7.6,Malabe
2400,4,3,Colombo,25,2,26000000.0,Colombo,8.9,Malabe
4000,4,5,Colombo,47,2,48000000.0,Colombo,10.0,Malabe
4500,5,4,Colombo,26,2,62000000.0,Colombo,21.0,Malabe
1400,3,2,Colombo,29,2,8700000.0,Colombo,10.0,Homagama
1650,3,3,Colombo,31,2,16500000.0,Colombo,11.5,Piliyandala
4800,4,3,Colombo,7,2,45000000.0,Colombo,10.0,Malabe
2000,3,2,Colombo,48,2,27500000.0,Colombo,11.0,Malabe
2200,5,4,Colombo,14,2,27500000.0,Colombo,12.4,Malabe
3600,4,3,Colombo,34,2,36000000.0,Colombo,7.8,Malabe
1000,4,1,Galle,50,2,11000000.0,Galle,13.05,Galle City
1600,2,2,Colombo,21,1,14500000.0,Colombo,7.0,Angoda
2400,4,4,Colombo,14,2,26000000.0,Colombo,10.5,Malabe
2308,3,1,Colombo,50,2,20000000.0,Colombo,10.79,Piliyandala
1500,4,3,Colombo,12,2,28500000.0,Colombo,17.7,Talawatugoda
4300,5,5,Colombo,26,2,55000000.0,Colombo,12.0,Malabe
3100,5,3,Colombo,15,2,45000000.0,Colombo,9.33,Kotte
2400,4,3,Colombo,9,2,26000000.0,Colombo,10.5,Malabe
4000,5,3,Colombo,42,2,65000000.0,Colombo,10.0,Battaramulla
1275,3,2,Gampaha,1,2,12500000.0,Gampaha,7.1,Kadawatha
3500,4,3,Colombo,8,2,69000000.0,Colombo,10.0,Nawala
1275,3,2,Gampaha,10,2,12500000.0,Gampaha,7.0,Kadawatha
3000,4,3,Colombo,9,2,30500000.0,Colombo,7.5,Piliyandala
4000,4,4,Colombo,13,2,34500000.0,Colombo,10.0,Piliyandala
3000,5,4,Colombo,47,2,40000000.0,Colombo,10.0,Piliyandala
2100,3,3,Colombo,13,2,25500000.0,Colombo,10.0,Malabe
1200,3,2,Gampaha,3,2,12000000.0,Gampaha,6.7,Kadawatha
3500,5,6,Colombo,41,2,50000000.0,Colombo,15.0,Maharagama
2700,4,4,Colombo,30,2,40000000.0,Colombo,7.0,Maharagama
2800,4,2,Colombo,8,2,39500000.0,Colombo,19.0,Kaduwela
3050,5,4,Colombo,50,2,63500000.0,Colombo,11.7,Battaramulla
1470,3,2,Colombo,44,2,18000000.0,Colombo,5.38,Dehiwala
1700,4,2,Gampaha,20,2,13200000.0,Gampaha,11.0,Gampaha City
1275,3,2,Gampaha,5,2,12500000.0,Gampaha,7.0,Kadawatha
1200,3,2,Gampaha,45,2,12000000.0,Gampaha,6.7,Kadawatha
3000,5,3,Colombo,2,2,13800000.0,Colombo,20.0,Piliyandala
2000,4,3,Colombo,30,2,15000000.0,Colombo,17.0,Athurugiriya
1150,2,1,Colombo,22,1,14500000.0,Colombo,7.0,Athurugiriya
2067,5,4,Colombo,8,2,23000000.0,Colombo,6.0,Athurugiriya
2500,4,3,Colombo,20,2,24000000.0,Colombo,7.0,Athurugiriya
3750,5,5,Colombo,28,2,110000000.0,Colombo,15.3,Dehiwala
2500,4,3,Colombo,4,2,33500000.0,Colombo,6.5,Rajagiriya
4800,4,4,Colombo,17,2,45000000.0,Colombo,18.0,Talawatugoda
2500,4,2,Colombo,25,2,11000000.0,Colombo,10.0,Piliyandala
3600,6,5,Colombo,46,3,33500000.0,Colombo,16.0,Kottawa
2900,4,3,Colombo,44,2,33000000.0,Colombo,8.0,Kottawa
3000,6,4,Colombo,8,3,47500000.0,Colombo,10.0,Nugegoda
1906,2,1,Colombo,35,1,6500000.0,Colombo,7.0,Piliyandala
1750,4,1,Matara,8,2,25500000.0,Matara,50.5,Matara City
1250,3,2,Colombo,20,2,16500000.0,Colombo,7.5,Malabe
1900,3,2,Colombo,4,2,19000000.0,Colombo,11.4,Malabe
1450,3,1,Colombo,14,2,7400000.0,Colombo,7.0,Piliyandala
4000,5,3,Colombo,38,2,75000000.0,Colombo,9.15,Battaramulla
850,2,1,Colombo,5,1,16000000.0,Colombo,3.0,Colombo 5
1400,3,2,Colombo,9,2,22000000.0,Colombo,11.0,Talawatugoda
2500,5,3,Galle,9,2,28000000.0,Galle,9.8,Galle City
3773,5,3,Gampaha,16,2,26000000.0,Gampaha,11.0,Kiribathgoda
1872,3,1,Colombo,44,2,25000000.0,Colombo,23.0,Athurugiriya
3150,4,3,Gampaha,14,2,26500000.0,Gampaha,10.5,Negombo
2850,3,3,Gampaha,19,2,26500000.0,Gampaha,43.0,Negombo
4100,5,2,Gampaha,10,2,20000000.0,Gampaha,10.0,Kadawatha
2600,4,2,Gampaha,10,2,30000000.0,Gampaha,10.0,Kadawatha
5800,4,4,Colombo,11,2,45000000.0,Colombo,20.0,Homagama
3400,3,2,Colombo,50,2,55000000.0,Colombo,35.0,Moratuwa
700,2,1,Colombo,10,1,20000000.0,Colombo,3.0,Colombo 8
1400,2,2,Gampaha,10,1,10500000.0,Gampaha,5.0,Kandana
2000,3,1,Colombo,43,2,190000000.0,Colombo,20.0,Colombo 5
1100,3,1,Colombo,11,2,13500000.0,Colombo,7.0,Piliyandala
3000,4,4,Colombo,3,2,35000000.0,Colombo,8.0,Malabe
4000,4,3,Colombo,48,2,47500000.0,Colombo,8.2,Nugegoda
2700,5,3,Colombo,10,2,27500000.0,Colombo,11.2,Maharagama
2800,4,4,Colombo,34,2,52500000.0,Colombo,12.0,Battaramulla
2150,3,3,Gampaha,6,2,19500000.0,Gampaha,15.0,Negombo
3300,4,4,Colombo,42,2,42500000.0,Colombo,7.5,Talawatugoda
600,2,1,Colombo,12,1,12000000.0,Colombo,3.0,Colombo 2
1200,2,1,Colombo,44,1,4500000.0,Colombo,5.5,Kolonnawa
800,3,1,Colombo,3,2,6500000.0,Colombo,2.5,Kolonnawa
1500,6,4,Colombo,46,3,28500000.0,Colombo,6.0,Kolonnawa
800,1,1,Colombo,34,1,11500000.0,Colombo,2.0,Kolonnawa
800,2,1,Colombo,14,1,4500000.0,Colombo,3.0,Wellampitiya
3500,5,5,Colombo,10,2,37500000.0,Colombo,9.5,Moratuwa
1000,2,2,Colombo,9,1,6800000.0,Colombo,3.5,Wellampitiya
2000,3,3,Colombo,23,2,26500000.0,Colombo,7.0,Athurugiriya
800,2,2,Colombo,50,1,8500000.0,Colombo,3.0,Wellampitiya
1200,4,2,Colombo,38,2,8000000.0,Colombo,8.0,Wellampitiya
1000,3,2,Colombo,8,2,8200000.0,Colombo,4.0,Wellampitiya
3500,5,5,Colombo,35,2,37500000.0,Colombo,9.5,Moratuwa
1500,4,2,Colombo,37,2,9700000.0,Colombo,6.7,Wellampitiya
800,2,1,Colombo,7,1,6000000.0,Colombo,3.0,Wellampitiya
1000,2,1,Colombo,37,1,8500000.0,Colombo,4.0,Wellampitiya
1500,3,2,Colombo,19,2,15000000.0,Colombo,5.0,Wellampitiya
2000,3,2,Galle,3,2,23000000.0,Galle,10.0,Ambalangoda
1000,2,1,Colombo,46,1,6800000.0,Colombo,3.0,Wellampitiya
1000,2,2,Colombo,9,1,9500000.0,Colombo,3.0,Wellampitiya
1000,3,2,Colombo,15,2,7500000.0,Colombo,3.25,Wellampitiya
800,2,1,Colombo,8,1,8000000.0,Colombo,3.0,Wellampitiya
1900,3,3,Colombo,9,2,22000000.0,Colombo,7.5,Kottawa
3000,5,3,Colombo,21,2,26000000.0,Colombo,10.5,Boralesgamuwa
1200,2,2,Colombo,44,1,9000000.0,Colombo,4.1,Wellampitiya
2750,4,2,Gampaha,44,2,13000000.0,Gampaha,11.0,Negombo
1000,3,1,Colombo,41,2,6500000.0,Colombo,3.15,Wellampitiya
1200,3,1,Matara,22,2,9530000.0,Matara,10.0,Matara City
800,2,1,Colombo,7,1,5500000.0,Colombo,2.5,Wellampitiya
1000,2,2,Colombo,8,1,10500000.0,Colombo,3.25,Wellampitiya
800,2,2,Colombo,49,1,9400000.0,Colombo,3.0,Wellampitiya
1500,4,3,Galle,8,2,34000000.0,Galle,15.0,Galle City
3500,5,5,Colombo,43,2,37500000.0,Colombo,9.5,Malabe
2500,4,3,Colombo,9,2,26000000.0,Colombo,7.5,Kottawa
2600,5,3,Colombo,22,2,50000000.0,Colombo,10.0,Nugegoda
1800,3,1,Kalutara,8,2,13000000.0,Kalutara,18.25,Panadura
2600,5,3,Colombo,33,2,45000000.0,Colombo,10.25,Athurugiriya
1800,3,1,Colombo,7,2,8800000.0,Colombo,21.0,Homagama
3500,4,3,Gampaha,4,2,29500000.0,Gampaha,20.0,Negombo
5500,5,4,Colombo,19,2,65000000.0,Colombo,25.0,Malabe
1614,3,2,Gampaha,30,2,19000000.0,Gampaha,10.0,Negombo
2200,4,2,Gampaha,11,2,28000000.0,Gampaha,15.0,Kelaniya
4500,5,4,Colombo,8,2,35000000.0,Colombo,11.2,Piliyandala
2996,5,2,Kalutara,1,2,19000000.0,Kalutara,15.0,Wadduwa
4416,6,4,Gampaha,50,3,35000000.0,Gampaha,18.7,Kiribathgoda
3350,5,4,Colombo,43,2,96000000.0,Colombo,13.8,Battaramulla
1600,3,2,Colombo,27,2,15800000.0,Colombo,10.0,Kottawa
4500,7,6,Kandy,44,4,34000000.0,Kandy,32.0,Kandy City
6534,3,2,Matara,17,2,6500000.0,Matara,30.0,Akuressa
3000,4,4,Colombo,34,2,33000000.0,Colombo,8.0,Kottawa
1000,3,2,Colombo,25,2,6500000.0,Colombo,4.0,Wellampitiya
1000,5,2,Colombo,14,2,28500000.0,Colombo,10.0,Kottawa
4000,4,4,Colombo,15,2,49500000.0,Colombo,10.0,Talawatugoda
3500,5,5,Colombo,42,2,37500000.0,Colombo,9.5,Moratuwa
4000,4,4,Colombo,23,2,49500000.0,Colombo,10.0,Talawatugoda
1900,3,3,Colombo,15,2,22000000.0,Colombo,7.5,Kottawa
3000,4,3,Colombo,16,2,47500000.0,Colombo,10.0,Talawatugoda
1200,3,1,Kalutara,1,2,6800000.0,Kalutara,80.0,Horana
1500,3,2,Gampaha,38,2,13500000.0,Gampaha,10.0,Negombo
2500,4,3,Gampaha,6,2,29500000.0,Gampaha,20.0,Negombo
3500,3,2,Gampaha,1,2,36500000.0,Gampaha,23.0,Negombo
400,2,3,Colombo,1,1,17000000.0,Colombo,1.75,Colombo 12
2500,5,2,Gampaha,17,2,12500000.0,Gampaha,20.0,Ganemulla
1600,3,2,Gampaha,18,2,18000000.0,Gampaha,11.5,Negombo
2089,5,3,Gampaha,9,2,25500000.0,Gampaha,13.5,Kandana
1600,3,2,Gampaha,19,2,19000000.0,Gampaha,10.0,Negombo
1950,3,2,Gampaha,14,2,21500000.0,Gampaha,12.0,Negombo
1610,3,2,Gampaha,17,2,19000000.0,Gampaha,10.0,Negombo
621,2,1,Galle,3,1,7500000.0,Galle,8.0,Galle City
2500,5,3,Gampaha,45,2,26000000.0,Gampaha,14.0,Katunayake
1000,2,2,Gampaha,5,1,8700000.0,Gampaha,11.0,Gampaha City
4000,4,2,Gampaha,6,2,23000000.0,Gampaha,21.0,Gampaha City
2200,3,1,Colombo,9,2,7200000.0,Colombo,12.0,Kaduwela
2000,4,3,Colombo,46,2,20000000.0,Colombo,10.0,Homagama
850,3,1,Galle,20,2,3000000.0,Galle,6.5,Galle City
1991,4,1,Gampaha,8,2,10000000.0,Gampaha,20.0,Nittambuwa
750,2,1,Gampaha,24,1,32000000.0,Gampaha,17.0,Gampaha City
2400,4,4,Colombo,3,2,22000000.0,Colombo,10.0,Talawatugoda
1800,3,3,Colombo,30,2,18500000.0,Colombo,10.0,Athurugiriya
2500,4,3,Colombo,18,2,26000000.0,Colombo,6.9,Boralesgamuwa
2000,5,2,Colombo,11,2,32000000.0,Colombo,15.0,Piliyandala
1350,3,1,Colombo,44,2,12200000.0,Colombo,8.6,Piliyandala
3152,4,3,Gampaha,16,2,26500000.0,Gampaha,10.5,Negombo
3150,3,2,Gampaha,10,2,36500000.0,Gampaha,23.0,Negombo
2500,4,3,Gampaha,22,2,29500000.0,Gampaha,20.0,Negombo
1610,3,2,Gampaha,1,2,19000000.0,Gampaha,10.0,Negombo
3000,4,3,Colombo,40,2,47500000.0,Colombo,10.0,Talawatugoda
3100,5,3,Colombo,49,2,19500000.0,Colombo,10.0,Maharagama
3542,4,4,Colombo,13,2,305000000.0,Colombo,8.0,Piliyandala
3100,4,3,Gampaha,23,2,26500000.0,Gampaha,10.5,Negombo
3699,4,4,Colombo,7,2,46500000.0,Colombo,28.0,Piliyandala
1600,3,2,Gampaha,3,2,18000000.0,Gampaha,11.5,Negombo
2000,5,4,Colombo,10,2,130000000.0,Colombo,10.5,Colombo 4
1500,3,3,Colombo,7,2,18500000.0,Colombo,7.5,Malabe
5000,5,5,Colombo,9,2,100000000.0,Colombo,11.8,Ratmalana
1425,3,1,Gampaha,22,2,9900000.0,Gampaha,10.0,Negombo
2800,4,4,Colombo,28,2,28000000.0,Colombo,10.0,Athurugiriya
2000,4,4,Colombo,5,2,24000000.0,Colombo,6.0,Malabe
2000,3,3,Colombo,10,2,150000000.0,Colombo,19.0,Colombo 5
1200,2,1,Gampaha,12,1,8800000.0,Gampaha,18.0,Mirigama
1849,4,3,Colombo,43,2,24800000.0,Colombo,6.0,Maharagama
3500,5,3,Colombo,36,2,32000000.0,Colombo,7.0,Ratmalana
1200,2,1,Colombo,49,1,4250000.0,Colombo,10.5,Kaduwela
1225,6,3,Colombo,47,3,18900000.0,Colombo,4.5,Wellampitiya
2900,4,4,Colombo,36,2,29500000.0,Colombo,6.5,Malabe
1900,3,2,Colombo,44,2,19000000.0,Colombo,11.4,Malabe
1250,3,2,Colombo,42,2,16500000.0,Colombo,7.5,Malabe
1769,4,3,Colombo,10,2,18500000.0,Colombo,6.5,Angoda
1600,4,2,Colombo,22,2,24500000.0,Colombo,7.42,Moratuwa
1100,3,2,Colombo,45,2,14200000.0,Colombo,7.86,Malabe
3185,5,4,Colombo,2,2,66000000.0,Colombo,11.7,Kotte
3600,6,5,Colombo,5,3,33500000.0,Colombo,16.0,Kottawa
2500,5,3,Colombo,8,2,17500000.0,Colombo,10.0,Kottawa
800,3,1,Galle,40,2,3000000.0,Galle,12.0,Batapola
3600,6,5,Colombo,18,3,33500000.0,Colombo,16.0,Kottawa
2800,5,3,Colombo,24,2,36000000.0,Colombo,10.2,Talawatugoda
3539,3,3,Colombo,47,2,41600000.0,Colombo,13.0,Kolonnawa
1830,4,2,Colombo,4,2,17500000.0,Colombo,13.0,Kottawa
3100,4,4,Colombo,10,2,37500000.0,Colombo,11.0,Kottawa
2400,4,2,Colombo,2,2,35000000.0,Colombo,10.0,Kottawa
3000,4,4,Colombo,23,2,36000000.0,Colombo,10.0,Malabe
1800,5,3,Colombo,37,2,26500000.0,Colombo,9.15,Maharagama
7200,6,4,Colombo,22,3,69000000.0,Colombo,20.0,Maharagama
2000,4,2,Colombo,50,2,16000000.0,Colombo,8.0,Battaramulla
3850,4,4,Colombo,12,2,33500000.0,Colombo,10.0,Piliyandala
2100,3,2,Gampaha,6,2,20000000.0,Gampaha,15.0,Kiribathgoda
2000,5,3,Colombo,1,2,25500000.0,Colombo,9.15,Maharagama
3100,4,4,Colombo,40,2,28400000.0,Colombo,7.85,Piliyandala
2000,3,2,Colombo,2,2,19000000.0,Colombo,10.5,Malabe
1070,3,2,Colombo,2,2,14200000.0,Colombo,7.6,Malabe
4300,5,5,Colombo,3,2,55000000.0,Colombo,12.0,Malabe
2600,4,4,Colombo,44,2,29000000.0,Colombo,10.5,Malabe
4800,4,3,Colombo,3,2,45000000.0,Colombo,10.0,Malabe
2650,4,3,Colombo,10,2,45000000.0,Colombo,9.77,Rajagiriya
2800,4,3,Colombo,1,2,70000000.0,Colombo,11.0,Battaramulla
2500,6,2,Colombo,34,3,25500000.0,Colombo,10.0,Malabe
2800,4,4,Colombo,23,2,42500000.0,Colombo,10.0,Boralesgamuwa
5200,8,5,Colombo,10,4,29500000.0,Colombo,9.5,Malabe
2800,4,4,Colombo,24,2,27500000.0,Colombo,11.5,Malabe
2400,4,3,Colombo,8,2,26000000.0,Colombo,10.5,Malabe
1350,3,3,Kandy,27,2,9500000.0,Kandy,10.0,Kundasale
5500,5,5,Colombo,21,2,60000000.0,Colombo,10.5,Boralesgamuwa
2600,4,4,Colombo,19,2,27500000.0,Colombo,10.0,Malabe
2800,3,2,Colombo,16,2,33000000.0,Colombo,7.5,Boralesgamuwa
3854,5,4,Colombo,6,2,46000000.0,Colombo,15.0,Boralesgamuwa
2300,4,4,Colombo,11,2,21500000.0,Colombo,9.5,Piliyandala
3200,4,4,Colombo,6,2,35000000.0,Colombo,11.2,Boralesgamuwa
2700,4,3,Colombo,45,2,35000000.0,Colombo,6.0,Battaramulla
3000,7,4,Colombo,47,4,31000000.0,Colombo,10.41,Mount Lavinia
1500,5,5,Colombo,46,2,24500000.0,Colombo,6.0,Battaramulla
3500,6,3,Colombo,16,3,30000000.0,Colombo,11.0,Malabe
1900,3,3,Colombo,8,2,20000000.0,Colombo,6.5,Athurugiriya
2100,4,4,Colombo,40,2,20000000.0,Colombo,6.0,Athurugiriya
3150,4,3,Gampaha,23,2,26500000.0,Gampaha,10.5,Negombo
1800,3,3,Colombo,8,2,18500000.0,Colombo,10.0,Athurugiriya
2200,3,3,Colombo,19,2,25000000.0,Colombo,10.0,Athurugiriya
1200,3,3,Colombo,10,2,29500000.0,Colombo,16.5,Piliyandala
3600,5,4,Colombo,21,2,35000000.0,Colombo,8.0,Piliyandala
1550,3,2,Gampaha,2,2,17000000.0,Gampaha,11.0,Negombo
3700,6,2,Gampaha,1,3,28000000.0,Gampaha,10.0,Ragama
1250,3,2,Colombo,44,2,26500000.0,Colombo,7.0,Piliyandala
1350,3,1,Gampaha,19,2,9900000.0,Gampaha,10.0,Negombo
2000,3,1,Colombo,25,2,14800000.0,Colombo,6.8,Piliyandala
1300,2,1,Colombo,1,1,9000000.0,Colombo,10.0,Piliyandala
1300,3,2,Colombo,6,2,17000000.0,Colombo,7.5,Piliyandala
3150,3,2,Gampaha,19,2,36500000.0,Gampaha,23.0,Negombo
6000,5,4,Colombo,1,2,41000000.0,Colombo,16.0,Kottawa
1463,3,3,Colombo,21,2,15000000.0,Colombo,7.5,Piliyandala
2600,4,4,Colombo,34,2,37500000.0,Colombo,9.5,Malabe
3600,6,4,Colombo,2,3,33500000.0,Colombo,16.2,Kottawa
2400,4,3,Colombo,37,2,27000000.0,Colombo,7.0,Kottawa
1610,3,2,Gampaha,23,2,18000000.0,Gampaha,11.5,Negombo
3000,4,3,Colombo,20,2,47500000.0,Colombo,10.0,Talawatugoda
3750,5,3,Colombo,22,2,23500000.0,Colombo,7.0,Piliyandala
1610,3,2,Gampaha,25,2,19000000.0,Gampaha,10.0,Negombo
3500,4,2,Kandy,7,2,35000000.0,Kandy,99.0,Kandy City
3675,5,3,Colombo,10,2,27000000.0,Colombo,10.5,Kottawa
1400,3,3,Colombo,30,2,22000000.0,Colombo,8.0,Malabe
2000,4,3,Colombo,45,2,19500000.0,Colombo,6.5,Piliyandala
2500,4,5,Colombo,3,2,25500000.0,Colombo,7.0,Piliyandala
3500,7,4,Gampaha,6,4,25000000.0,Gampaha,17.5,Kandana
3850,4,4,Colombo,7,2,33000000.0,Colombo,10.0,Piliyandala
3600,5,3,Colombo,43,2,35000000.0,Colombo,8.0,Malabe
3000,4,3,Colombo,21,2,110000000.0,Colombo,50.0,Talawatugoda
3300,4,4,Colombo,42,2,50000000.0,Colombo,10.0,Talawatugoda
3800,5,4,Colombo,20,2,45000000.0,Colombo,11.0,Talawatugoda
4000,4,4,Colombo,3,2,60000000.0,Colombo,15.0,Talawatugoda
2800,4,3,Colombo,5,2,26500000.0,Colombo,6.5,Malabe
4000,5,4,Colombo,30,2,65000000.0,Colombo,12.5,Malabe
3200,4,4,Colombo,7,2,36000000.0,Colombo,10.0,Malabe
1600,3,2,Gampaha,5,2,19000000.0,Gampaha,10.0,Negombo
3500,4,4,Colombo,25,2,60000000.0,Colombo,13.0,Kotte
3200,4,3,Colombo,25,2,45000000.0,Colombo,10.0,Malabe
2675,4,3,Colombo,17,2,48000000.0,Colombo,10.12,Malabe
3000,5,4,Colombo,24,2,75000000.0,Colombo,9.15,Battaramulla
3200,4,4,Colombo,31,2,95000000.0,Colombo,10.0,Kotte
4900,4,4,Colombo,29,2,75000000.0,Colombo,16.0,Kotte
3000,4,4,Colombo,26,2,33000000.0,Colombo,8.0,Kottawa
4000,4,3,Colombo,10,2,29500000.0,Colombo,8.0,Kottawa
3300,4,2,Colombo,43,2,55000000.0,Colombo,11.0,Battaramulla
4000,5,3,Colombo,14,2,65000000.0,Colombo,10.0,Battaramulla
1800,4,1,Ampara,10,2,6300000.0,Ampara,45.0,Ampara City
4000,5,4,Colombo,2,2,75000000.0,Colombo,14.0,Battaramulla
4500,5,4,Colombo,4,2,115000000.0,Colombo,22.0,Battaramulla
3250,4,4,Colombo,5,2,31000000.0,Colombo,7.5,Piliyandala
3250,5,4,Colombo,20,2,23500000.0,Colombo,7.0,Piliyandala
3300,4,4,Colombo,9,2,55000000.0,Colombo,11.0,Battaramulla
2000,4,2,Colombo,42,2,32000000.0,Colombo,10.5,Battaramulla
1275,3,3,Gampaha,18,2,25000000.0,Gampaha,1305.0,Kandana
2000,4,2,Gampaha,7,2,25000000.0,Gampaha,10.0,Kadawatha
1500,2,1,Kalutara,6,1,10500000.0,Kalutara,10.0,Horana
3700,6,2,Gampaha,24,3,28500000.0,Gampaha,10.0,Ragama
900,3,3,Colombo,43,2,21000000.0,Colombo,4.4,Dehiwala
3208,4,5,Colombo,4,2,31000000.0,Colombo,7.5,Piliyandala
3000,4,4,Colombo,41,2,53000000.0,Colombo,16.0,Talawatugoda
3000,4,4,Colombo,7,2,60000000.0,Colombo,15.0,Talawatugoda
1500,3,2,Colombo,16,2,33000000.0,Colombo,6.0,Nugegoda
3000,4,3,Colombo,2,2,110000000.0,Colombo,50.2,Talawatugoda
2800,5,7,Colombo,13,2,64000000.0,Colombo,17.5,Talawatugoda
2000,4,2,Gampaha,25,2,13500000.0,Gampaha,15.0,Kadawatha
2500,4,3,Colombo,18,2,70000000.0,Colombo,7.5,Dehiwala
2200,3,2,Gampaha,1,2,13500000.0,Gampaha,17.0,Gampaha City
2000,3,1,Gampaha,7,2,12000000.0,Gampaha,7.0,Ragama
1250,3,2,Colombo,50,2,16500000.0,Colombo,7.5,Malabe
2200,4,3,Colombo,6,2,26500000.0,Colombo,6.5,Malabe
2200,4,2,Colombo,6,2,32000000.0,Colombo,10.3,Battaramulla
1050,3,1,Gampaha,50,2,9800000.0,Gampaha,10.2,Kadawatha
1400,3,2,Colombo,30,2,16500000.0,Colombo,7.5,Piliyandala
560,5,1,Anuradhapura,13,2,6200000.0,Anuradhapura,80.0,Galnewa
4866,4,4,Colombo,1,2,46500000.0,Colombo,28.0,Piliyandala
2874,4,4,Colombo,24,2,31000000.0,Colombo,7.0,Piliyandala
3800,7,4,Colombo,17,4,27000000.0,Colombo,10.0,Malabe
2500,5,4,Colombo,25,2,25500000.0,Colombo,10.5,Malabe
1875,3,3,Colombo,31,2,16500000.0,Colombo,6.5,Piliyandala
10000,4,4,Colombo,10,2,46500000.0,Colombo,28.0,Piliyandala
3950,6,4,Colombo,31,3,46000000.0,Colombo,12.0,Nugegoda
1574,3,2,Colombo,44,2,15000000.0,Colombo,7.5,Piliyandala
2101,3,3,Colombo,23,2,18500000.0,Colombo,6.5,Piliyandala
1200,2,2,Colombo,32,1,11600000.0,Colombo,6.89,Piliyandala
2500,5,2,Colombo,19,2,24000000.0,Colombo,20.0,Pannipitiya
4000,4,3,Colombo,17,2,47500000.0,Colombo,10.0,Talawatugoda
2500,5,2,Colombo,9,2,22000000.0,Colombo,6.0,Athurugiriya
1100,3,2,Colombo,17,2,14500000.0,Colombo,6.0,Athurugiriya
3500,5,4,Colombo,43,2,50000000.0,Colombo,11.6,Maharagama
1900,4,2,Colombo,47,2,19000000.0,Colombo,11.4,Athurugiriya
4500,4,4,Colombo,24,2,100000000.0,Colombo,10.0,Rajagiriya
1900,3,2,Colombo,12,2,17000000.0,Colombo,12.8,Talawatugoda
1200,3,3,Colombo,50,2,14500000.0,Colombo,6.0,Athurugiriya
1900,1,1,Colombo,49,1,17000000.0,Colombo,19.0,Athurugiriya
2800,6,3,Colombo,16,3,37000000.0,Colombo,11.5,Malabe
4000,4,3,Colombo,2,2,105000000.0,Colombo,50.17,Talawatugoda
1400,3,3,Colombo,18,2,35000000.0,Colombo,9.8,Mount Lavinia
3800,5,4,Colombo,41,2,55000000.0,Colombo,18.5,Moratuwa
1400,3,3,Colombo,46,2,15000000.0,Colombo,10.0,Athurugiriya
1350,3,1,Colombo,50,2,43000000.0,Colombo,9.8,Dehiwala
700,2,1,Colombo,17,1,8500000.0,Colombo,3.0,Athurugiriya
4000,4,4,Colombo,5,2,49500000.0,Colombo,10.0,Talawatugoda
1400,3,2,Colombo,34,2,31500000.0,Colombo,8.0,Dehiwala
600,3,2,Colombo,16,2,9800000.0,Colombo,7.3,Moratuwa
2200,4,3,Colombo,32,2,22000000.0,Colombo,6.3,Malabe
3600,4,4,Colombo,16,2,36000000.0,Colombo,7.8,Malabe
1200,2,1,Kalutara,12,1,9800000.0,Kalutara,10.0,Horana
1800,4,3,Kalutara,29,2,25500000.0,Kalutara,10.0,Wadduwa
1800,4,3,Kalutara,7,2,18500000.0,Kalutara,10.0,Wadduwa
3516,4,4,Colombo,40,2,33000000.0,Colombo,10.0,Piliyandala
3522,5,4,Colombo,22,2,35000000.0,Colombo,8.0,Malabe
3214,5,5,Colombo,30,2,19500000.0,Colombo,6.0,Piliyandala
1600,3,2,Gampaha,22,2,18000000.0,Gampaha,11.5,Negombo
3100,4,3,Gampaha,14,2,26500000.0,Gampaha,10.5,Negombo
2000,3,3,Colombo,3,2,24000000.0,Colombo,4.4,Dehiwala
2700,4,3,Gampaha,15,2,37500000.0,Gampaha,10.0,Wattala
2560,3,3,Colombo,32,2,26500000.0,Colombo,10.0,Piliyandala
2850,4,2,Gampaha,6,2,28500000.0,Gampaha,12.0,Wattala
2000,3,2,Gampaha,13,2,37500000.0,Gampaha,47.0,Ganemulla
900,2,1,Colombo,10,1,3750000.0,Colombo,10.8,Hanwella
2000,3,3,Gampaha,11,2,21000000.0,Gampaha,7.4,Wattala
1200,2,1,Galle,10,1,5000000.0,Galle,7.6,Galle City
2723,3,1,Ratnapura,16,2,3500000.0,Ratnapura,10.0,Ratnapura City
4900,5,4,Gampaha,11,2,70000000.0,Gampaha,20.0,Kiribathgoda
1200,3,1,Gampaha,4,2,7300000.0,Gampaha,5.25,Kadawatha
1400,3,2,Colombo,10,2,11500000.0,Colombo,5.75,Moratuwa
6000,5,6,Colombo,9,2,135000000.0,Colombo,18.1,Kotte
1200,3,1,Gampaha,21,2,7200000.0,Gampaha,10.0,Gampaha City
6000,5,6,Colombo,45,2,135000000.0,Colombo,18.1,Kotte
1200,3,1,Colombo,28,2,18500000.0,Colombo,19.7,Homagama
1200,4,2,Colombo,3,2,9500000.0,Colombo,4.0,Colombo 10
2228,5,3,Colombo,16,2,39500000.0,Colombo,9.65,Nugegoda
3000,7,5,Colombo,8,4,90720000.0,Colombo,20.16,Dehiwala
1750,4,2,Colombo,14,2,12000000.0,Colombo,21.3,Kottawa
5200,5,7,Gampaha,9,2,120000000.0,Gampaha,20.5,Wattala
1610,3,2,Gampaha,10,2,19000000.0,Gampaha,10.0,Negombo
2000,3,1,Colombo,43,2,26000000.0,Colombo,10.0,Boralesgamuwa
2700,5,2,Colombo,11,2,30000000.0,Colombo,12.0,Piliyandala
4700,7,4,Gampaha,4,4,38000000.0,Gampaha,21.83,Kadawatha
1950,3,2,Gampaha,9,2,21500000.0,Gampaha,12.0,Negombo
1200,2,1,Gampaha,45,1,11000000.0,Gampaha,7.5,Gampaha City
2995,1,1,Colombo,19,1,8000000.0,Colombo,11.0,Homagama
3150,4,3,Gampaha,19,2,26500000.0,Gampaha,10.5,Negombo
3200,5,3,Colombo,29,2,23500000.0,Colombo,7.0,Piliyandala
2180,4,3,Colombo,5,2,19500000.0,Colombo,6.5,Athurugiriya
3000,4,3,Colombo,1,2,29500000.0,Colombo,8.0,Moratuwa
1250,3,3,Colombo,47,2,14900000.0,Colombo,9.4,Kaduwela
4500,4,5,Gampaha,42,2,47000000.0,Gampaha,14.7,Negombo
752,2,1,Gampaha,17,1,11400000.0,Gampaha,6.25,Kadawatha
3100,4,3,Colombo,14,2,33000000.0,Colombo,8.0,Kottawa
3000,4,3,Colombo,14,2,35500000.0,Colombo,10.0,Piliyandala
1000,3,2,Colombo,50,2,22500000.0,Colombo,18.4,Malabe
2000,5,2,Gampaha,27,2,17500000.0,Gampaha,7.0,Negombo
2400,4,3,Colombo,39,2,25500000.0,Colombo,6.0,Piliyandala
3000,6,4,Colombo,18,3,48500000.0,Colombo,14.0,Piliyandala
3250,4,4,Colombo,2,2,23500000.0,Colombo,7.0,Piliyandala
3200,4,5,Colombo,47,2,31000000.0,Colombo,7.5,Piliyandala
3800,4,3,Colombo,22,2,35000000.0,Colombo,6.0,Nugegoda
2200,4,3,Colombo,11,2,26000000.0,Colombo,7.0,Piliyandala
3000,4,4,Colombo,11,2,60000000.0,Colombo,15.0,Talawatugoda
3500,5,5,Kalutara,21,2,37500000.0,Kalutara,9.5,Panadura
4000,4,3,Colombo,32,2,105000000.0,Colombo,50.17,Talawatugoda
4000,4,4,Colombo,12,2,49500000.0,Colombo,10.0,Talawatugoda
3000,4,4,Colombo,33,2,55000000.0,Colombo,11.0,Talawatugoda
2000,3,1,Kegalle,1,2,8000000.0,Kegalle,18.0,Rambukkana
3270,5,4,Colombo,14,2,27000000.0,Colombo,10.0,Kottawa
2000,2,1,Gampaha,14,1,4500000.0,Gampaha,10.0,Gampaha City
2500,2,1,Gampaha,4,1,6200000.0,Gampaha,50.0,Nittambuwa
900,2,1,Colombo,24,1,13900000.0,Colombo,6.8,Malabe
1900,3,2,Gampaha,12,2,16000000.0,Gampaha,10.0,Ja-Ela
2514,4,4,Colombo,22,2,26000000.0,Colombo,8.5,Piliyandala
1200,3,1,Galle,28,2,15000000.0,Galle,10.0,Galle City
3150,4,3,Gampaha,31,2,26500000.0,Gampaha,10.5,Negombo
1300,3,2,Colombo,8,2,16500000.0,Colombo,9.0,Athurugiriya
1196,3,1,Gampaha,16,2,8700000.0,Gampaha,18.3,Gampaha City
8500,5,5,Colombo,9,2,165000000.0,Colombo,43.0,Battaramulla
1900,4,2,Colombo,48,2,18500000.0,Colombo,6.2,Piliyandala
2600,5,2,Gampaha,11,2,15000000.0,Gampaha,12.0,Gampaha City
1610,3,2,Gampaha,11,2,18000000.0,Gampaha,11.5,Negombo
1700,3,2,Colombo,24,2,15800000.0,Colombo,10.0,Homagama
1610,3,2,Gampaha,42,2,19000000.0,Gampaha,10.0,Negombo
2000,5,3,Colombo,24,2,25500000.0,Colombo,9.15,Maharagama
2800,4,4,Colombo,21,2,28000000.0,Colombo,10.0,Malabe
1885,4,6,Colombo,14,2,25750000.0,Colombo,6.62,Pannipitiya
1550,3,1,Colombo,9,2,16500000.0,Colombo,12.8,Piliyandala
4000,4,3,Colombo,47,2,47500000.0,Colombo,8.0,Nugegoda
3500,3,1,Gampaha,3,2,3700000.0,Gampaha,15.0,Gampaha City
1900,3,3,Colombo,6,2,19600000.0,Colombo,6.5,Athurugiriya
3000,5,3,Colombo,7,2,16500000.0,Colombo,10.0,Piliyandala
2600,4,4,Colombo,23,2,25500000.0,Colombo,7.0,Piliyandala
2000,3,3,Colombo,45,2,19800000.0,Colombo,7.0,Athurugiriya
4200,5,5,Colombo,39,2,53000000.0,Colombo,11.0,Moratuwa
1280,3,2,Colombo,41,2,14500000.0,Colombo,7.5,Kottawa
1700,3,3,Colombo,19,2,16500000.0,Colombo,6.5,Piliyandala
1220,3,3,Colombo,23,2,12800000.0,Colombo,6.5,Kottawa
1108,3,1,Colombo,46,2,6800000.0,Colombo,6.5,Piliyandala
2400,4,4,Colombo,30,2,19500000.0,Colombo,7.0,Piliyandala
1500,2,1,Colombo,10,1,8000000.0,Colombo,9.0,Homagama
1480,3,2,Colombo,27,2,15000000.0,Colombo,7.5,Piliyandala
1500,3,1,Colombo,7,2,9500000.0,Colombo,10.0,Homagama
3999,4,3,Gampaha,44,2,15999999.0,Gampaha,14.0,Ragama
1200,3,2,Colombo,47,2,15000000.0,Colombo,3.7,Nugegoda
3600,4,4,Colombo,27,2,36000000.0,Colombo,7.8,Malabe
2500,4,2,Galle,37,2,5800000.0,Galle,38.0,Hikkaduwa
2000,4,1,Galle,36,2,13000000.0,Galle,45.0,Hikkaduwa
2000,4,2,Galle,6,2,8200000.0,Galle,13.9,Hikkaduwa
5064,8,5,Colombo,3,4,42500000.0,Colombo,13.2,Nugegoda
1425,3,1,Gampaha,10,2,9900000.0,Gampaha,10.0,Negombo
2600,4,4,Colombo,23,2,27500000.0,Colombo,10.0,Malabe
1199,2,1,Gampaha,15,1,8699999.0,Gampaha,10.0,Kandana
3000,7,3,Colombo,43,4,65000000.0,Colombo,16.5,Nugegoda
1600,3,2,Gampaha,16,2,19000000.0,Gampaha,10.0,Negombo
1800,3,3,Gampaha,45,2,17000000.0,Gampaha,211.0,Nittambuwa
3516,4,4,Colombo,17,2,33000000.0,Colombo,10.0,Maharagama
1000,3,1,Galle,27,2,3500000.0,Galle,9.0,Hikkaduwa
3500,5,4,Colombo,12,2,50000000.0,Colombo,11.6,Maharagama
5266,5,4,Colombo,15,2,41000000.0,Colombo,16.0,Kottawa
1544,3,2,Kalutara,12,2,8700000.0,Kalutara,10.0,Bandaragama
1190,3,2,Colombo,3,2,16500000.0,Colombo,10.5,Malabe
1500,3,3,Colombo,41,2,18500000.0,Colombo,7.5,Malabe
5000,5,4,Gampaha,43,2,63000000.0,Gampaha,15.0,Kadawatha
2300,4,3,Gampaha,44,2,40000000.0,Gampaha,8.0,Kandana
2800,4,3,Colombo,49,2,29000000.0,Colombo,8.0,Malabe
1500,3,1,Galle,7,2,6700000.0,Galle,15.0,Hikkaduwa
1000,3,1,Galle,20,2,4500000.0,Galle,12.5,Hikkaduwa
7000,5,5,Colombo,22,2,135000000.0,Colombo,12.0,Talawatugoda
1500,3,3,Colombo,6,2,26000000.0,Colombo,8.0,Wellampitiya
5800,7,3,Gampaha,9,4,70000000.0,Gampaha,14.4,Wattala
700,3,1,Colombo,11,2,6500000.0,Colombo,3.2,Nugegoda
2400,4,3,Galle,44,2,27000000.0,Galle,30.0,Baddegama
3200,6,4,Colombo,47,3,47500000.0,Colombo,10.0,Nugegoda
3145,5,4,Colombo,24,2,40000000.0,Colombo,10.0,Piliyandala
2874,4,4,Colombo,10,2,31000000.0,Colombo,7.5,Piliyandala
3014,5,4,Colombo,7,2,38000000.0,Colombo,8.0,Boralesgamuwa
2985,5,4,Colombo,48,2,38000000.0,Colombo,8.0,Piliyandala
3412,5,4,Colombo,11,2,33500000.0,Colombo,16.0,Piliyandala
2986,5,4,Colombo,11,2,29000000.0,Colombo,7.0,Boralesgamuwa
2874,5,4,Colombo,24,2,29000000.0,Colombo,7.0,Piliyandala
3014,4,4,Colombo,38,2,33000000.0,Colombo,10.0,Piliyandala
3142,4,4,Colombo,26,2,30500000.0,Colombo,8.5,Piliyandala
2874,3,3,Colombo,8,2,23000000.0,Colombo,7.5,Piliyandala
2685,4,4,Colombo,50,2,26500000.0,Colombo,8.0,Piliyandala
2685,4,4,Colombo,20,2,25500000.0,Colombo,7.0,Piliyandala
2874,4,4,Colombo,45,2,24800000.0,Colombo,6.0,Piliyandala
2895,4,4,Colombo,19,2,27000000.0,Colombo,7.0,Piliyandala
2874,4,4,Colombo,40,2,27500000.0,Colombo,7.5,Piliyandala
2874,4,5,Colombo,22,2,25500000.0,Colombo,7.0,Piliyandala
1542,3,2,Colombo,24,2,15000000.0,Colombo,7.5,Piliyandala
1785,3,3,Colombo,5,2,16500000.0,Colombo,6.5,Piliyandala
2415,4,3,Colombo,33,2,18500000.0,Colombo,6.5,Piliyandala
1654,3,3,Colombo,8,2,18500000.0,Colombo,8.0,Piliyandala
1574,3,3,Colombo,8,2,18500000.0,Colombo,11.0,Piliyandala
2451,3,3,Colombo,10,2,21500000.0,Colombo,7.0,Piliyandala
3145,5,4,Colombo,43,2,36700000.0,Colombo,11.5,Piliyandala
3700,5,4,Colombo,44,2,37000000.0,Colombo,15.0,Boralesgamuwa
3100,4,3,Gampaha,36,2,26500000.0,Gampaha,10.5,Negombo
1600,3,2,Gampaha,29,2,18000000.0,Gampaha,11.5,Negombo
3600,5,4,Colombo,3,2,58500000.0,Colombo,7.1,Dehiwala
3500,6,4,Colombo,15,3,47500000.0,Colombo,12.0,Nugegoda
3500,5,4,Colombo,9,2,50000000.0,Colombo,11.6,Malabe
1250,4,1,Gampaha,35,2,8800000.0,Gampaha,7.3,Ragama
2800,4,3,Colombo,44,2,27500000.0,Colombo,11.5,Malabe
1866,3,2,Colombo,46,2,12000000.0,Colombo,21.0,Piliyandala
2816,4,3,Colombo,39,2,33000000.0,Colombo,10.0,Pannipitiya
1520,3,3,Colombo,24,2,13900000.0,Colombo,8.0,Piliyandala
2800,4,4,Colombo,11,2,52500000.0,Colombo,12.0,Battaramulla
2600,4,4,Colombo,26,2,29000000.0,Colombo,10.5,Malabe
2000,4,2,Colombo,11,2,13500000.0,Colombo,10.0,Kesbewa
4900,5,4,Gampaha,34,2,70000000.0,Gampaha,20.0,Wattala
2800,4,4,Colombo,49,2,28000000.0,Colombo,10.0,Malabe
1105,3,2,Gampaha,1,2,13750000.0,Gampaha,10.0,Gampaha City
2900,4,4,Colombo,35,2,29500000.0,Colombo,6.5,Malabe
1100,2,1,Colombo,48,1,7000000.0,Colombo,6.8,Boralesgamuwa
3800,4,4,Colombo,2,2,33000000.0,Colombo,10.0,Piliyandala
2000,4,3,Colombo,1,2,20000000.0,Colombo,5.8,Nugegoda
5000,5,5,Colombo,20,2,170000000.0,Colombo,18.65,Colombo 5
1600,3,1,Colombo,7,2,11000000.0,Colombo,10.0,Meegoda
3500,5,5,Colombo,17,2,37500000.0,Colombo,9.5,Moratuwa
2900,4,3,Colombo,22,2,45000000.0,Colombo,11.0,Maharagama
1600,3,2,Gampaha,2,2,18000000.0,Gampaha,11.5,Negombo
750,2,1,Gampaha,14,1,4500000.0,Gampaha,15.0,Mirigama
5000,5,5,Colombo,34,2,140000000.0,Colombo,16.0,Nugegoda
2000,2,2,Badulla,1,1,12000000.0,Badulla,62.0,Welimada
700,3,2,Gampaha,7,2,27500000.0,Gampaha,5.0,Kadawatha
1320,3,1,Colombo,29,2,11000000.0,Colombo,7.5,Kottawa
2000,3,2,Colombo,11,2,24000000.0,Colombo,24.0,Athurugiriya
4000,4,4,Colombo,15,2,85000000.0,Colombo,15.5,Nawala
3400,5,4,Colombo,7,2,53000000.0,Colombo,9.07,Pannipitiya
3300,4,4,Colombo,20,2,55000000.0,Colombo,11.0,Battaramulla
3605,6,5,Colombo,50,3,65000000.0,Colombo,18.98,Nugegoda
1700,3,2,Colombo,22,2,50000000.0,Colombo,17.5,Rajagiriya
3200,4,5,Colombo,40,2,31000000.0,Colombo,7.5,Piliyandala
2000,4,3,Colombo,29,2,36000000.0,Colombo,12.0,Talawatugoda
4500,5,3,Kandy,18,2,25000000.0,Kandy,18.2,Wattegama
3000,6,5,Colombo,40,3,26000000.0,Colombo,13.0,Kolonnawa
1500,5,4,Colombo,15,2,16000000.0,Colombo,3.0,Kolonnawa
800,2,1,Galle,38,1,30000000.0,Galle,40.0,Galle City
1600,3,2,Gampaha,2,2,18000000.0,Gampaha,11.5,Negombo
1500,4,1,Colombo,41,2,5000000.0,Colombo,20.5,Colombo 3
1600,3,2,Gampaha,43,2,18000000.0,Gampaha,11.5,Negombo
1900,3,2,Colombo,44,2,12500000.0,Colombo,7.5,Piliyandala
1000,2,1,Colombo,38,1,17000000.0,Colombo,10.0,Piliyandala
1800,1,1,Colombo,48,1,8000000.0,Colombo,7.0,Piliyandala
1500,2,1,Colombo,50,1,25000000.0,Colombo,8.0,Piliyandala
1700,4,4,Colombo,12,2,34000000.0,Colombo,8.0,Dehiwala
2600,4,2,Colombo,30,2,32500000.0,Colombo,8.5,Boralesgamuwa
2250,4,2,Gampaha,46,2,19000000.0,Gampaha,15.0,Kadawatha
850,2,1,Gampaha,21,1,4200000.0,Gampaha,10.0,Gampaha City
2550,6,2,Colombo,7,3,26000000.0,Colombo,20.0,Malabe
2050,3,3,Colombo,11,2,13000000.0,Colombo,3.0,Ratmalana
5000,5,4,Colombo,8,2,90000000.0,Colombo,16.5,Dehiwala
1200,2,1,Colombo,3,1,15500000.0,Colombo,8.5,Maharagama
1000,3,1,Galle,8,2,3500000.0,Galle,10.0,Galle City
3000,5,3,Kalutara,27,2,14000000.0,Kalutara,12.0,Panadura
1650,4,3,Colombo,9,2,25000000.0,Colombo,7.0,Nugegoda
1500,3,2,Gampaha,7,2,19000000.0,Gampaha,7.0,Negombo
2200,3,3,Colombo,9,2,165000000.0,Colombo,11.28,Colombo 5
1610,3,2,Gampaha,2,2,18000000.0,Gampaha,11.5,Negombo
4500,7,4,Colombo,36,4,24000000.0,Colombo,12.0,Malabe
2000,4,1,Galle,6,2,19000000.0,Galle,8.0,Galle City
1050,3,1,Gampaha,2,2,7500000.0,Gampaha,11.0,Kadawatha
850,3,1,Galle,50,2,14500000.0,Galle,24.0,Galle City
3000,5,3,Colombo,3,2,37500000.0,Colombo,16.0,Malabe
2200,4,3,Colombo,25,2,22000000.0,Colombo,6.3,Malabe
2500,3,2,Kandy,49,2,25000000.0,Kandy,58.0,Peradeniya
1850,5,2,Gampaha,47,2,12000000.0,Gampaha,5.8,Kadawatha
2768,4,4,Colombo,47,2,100000000.0,Colombo,9.1,Colombo 5
3000,5,4,Colombo,27,2,30000000.0,Colombo,9.0,Maharagama
3500,4,3,Colombo,41,2,35000000.0,Colombo,9.0,Maharagama
1610,3,2,Gampaha,28,2,19000000.0,Gampaha,10.0,Negombo
3500,7,3,Colombo,7,4,65000000.0,Colombo,16.5,Nugegoda
3100,4,3,Gampaha,44,2,26500000.0,Gampaha,10.5,Negombo
1300,3,1,Kalutara,32,2,5500000.0,Kalutara,21.0,Horana
3600,4,4,Colombo,10,2,36000000.0,Colombo,7.8,Malabe
2400,4,2,Gampaha,37,2,15000000.0,Gampaha,7.5,Negombo
1400,3,3,Colombo,22,2,35000000.0,Colombo,9.8,Mount Lavinia
3000,4,4,Colombo,3,2,55000000.0,Colombo,11.0,Talawatugoda
3800,3,2,Gampaha,43,2,36500000.0,Gampaha,23.5,Negombo
3500,3,2,Gampaha,27,2,36500000.0,Gampaha,23.0,Negombo
1600,3,2,Gampaha,49,2,19000000.0,Gampaha,10.0,Negombo
3100,3,2,Gampaha,7,2,19000000.0,Gampaha,10.0,Negombo
1600,3,2,Gampaha,10,2,19000000.0,Gampaha,10.0,Negombo
1700,4,2,Colombo,10,2,18500000.0,Colombo,23.0,Meegoda
3000,4,4,Colombo,5,2,60000000.0,Colombo,15.0,Talawatugoda
3000,4,4,Colombo,49,2,53000000.0,Colombo,16.0,Talawatugoda
3150,4,3,Gampaha,2,2,26500000.0,Gampaha,10.5,Negombo
2500,4,1,Galle,23,2,22000000.0,Galle,103.0,Galle City
2600,4,4,Colombo,42,2,29000000.0,Colombo,10.0,Malabe
2600,4,4,Colombo,46,2,29000000.0,Colombo,10.0,Athurugiriya
3100,4,3,Gampaha,8,2,26500000.0,Gampaha,10.5,Negombo
4500,5,5,Colombo,44,2,60000000.0,Colombo,8.5,Colombo 5
650,2,1,Matara,7,1,5900000.0,Matara,14.0,Matara City
2000,3,3,Kurunegala,16,2,16000000.0,Kurunegala,15.0,Kurunegala City
1500,3,3,Colombo,39,2,21000000.0,Colombo,6.5,Athurugiriya
3100,3,2,Gampaha,4,2,36500000.0,Gampaha,23.0,Negombo
1610,3,2,Gampaha,20,2,19000000.0,Gampaha,10.0,Negombo
4500,4,4,Colombo,9,2,100000000.0,Colombo,10.1,Kotte
1850,3,1,Gampaha,9,2,13800000.0,Gampaha,10.0,Kadawatha
1200,3,1,Gampaha,9,2,4500000.0,Gampaha,8.75,Ja-Ela
1950,3,2,Gampaha,14,2,21500000.0,Gampaha,12.0,Negombo
1900,4,3,Colombo,24,2,19000000.0,Colombo,11.4,Athurugiriya
2000,4,2,Colombo,46,2,16000000.0,Colombo,17.0,Athurugiriya
1950,4,3,Colombo,47,2,22500000.0,Colombo,6.35,Malabe
1700,3,1,Gampaha,36,2,13800000.0,Gampaha,10.2,Kadawatha
1250,3,1,Gampaha,1,2,9000000.0,Gampaha,10.0,Ragama
1250,3,3,Colombo,29,2,16500000.0,Colombo,7.5,Malabe
1800,3,1,Gampaha,1,2,26000000.0,Gampaha,20.0,Kiribathgoda
1100,3,1,Matara,5,2,7500000.0,Matara,9.9,Weligama
1000,4,2,Galle,30,2,12000000.0,Galle,26.0,Galle City
3000,4,4,Colombo,8,2,45000000.0,Colombo,10.0,Talawatugoda
1900,5,3,Gampaha,22,2,11000000.0,Gampaha,8.0,Kadawatha
1200,3,1,Gampaha,1,2,6100000.0,Gampaha,12.0,Ganemulla
4000,4,3,Colombo,27,2,47500000.0,Colombo,8.2,Nugegoda
1500,2,3,Colombo,16,1,16000000.0,Colombo,2.25,Colombo 12
2000,5,2,Colombo,50,2,11000000.0,Colombo,4.0,Wellampitiya
5000,5,5,Colombo,15,2,140000000.0,Colombo,16.0,Nugegoda
5000,4,4,Colombo,21,2,87500000.0,Colombo,15.8,Kotte
3000,4,4,Colombo,31,2,36000000.0,Colombo,10.0,Malabe
1700,4,2,Colombo,42,2,16000000.0,Colombo,10.1,Homagama
1500,3,1,Colombo,1,2,34000000.0,Colombo,30.0,Wellampitiya
2500,6,4,Colombo,49,3,27000000.0,Colombo,3.6,Colombo 10
5054,8,5,Colombo,2,4,42500000.0,Colombo,13.2,Nugegoda
2516,4,4,Colombo,24,2,26000000.0,Colombo,8.5,Piliyandala
4000,6,6,Colombo,9,3,98000000.0,Colombo,23.0,Malabe
1900,4,2,Colombo,19,2,19000000.0,Colombo,11.4,Malabe
1450,3,1,Gampaha,1,2,9800000.0,Gampaha,15.0,Ganemulla
698,2,1,Gampaha,10,1,5500000.0,Gampaha,9.5,Kelaniya
585,3,2,Colombo,24,2,13000000.0,Colombo,2.15,Rajagiriya
2600,4,4,Colombo,40,2,27500000.0,Colombo,10.0,Athurugiriya
3150,4,3,Gampaha,10,2,26500000.0,Gampaha,10.5,Negombo
1500,3,3,Colombo,40,2,18500000.0,Colombo,7.5,Malabe
3000,4,3,Colombo,19,2,110000000.0,Colombo,50.2,Talawatugoda
3300,4,4,Colombo,46,2,55000000.0,Colombo,11.0,Battaramulla
1500,3,2,Colombo,27,2,16500000.0,Colombo,7.5,Athurugiriya
2900,5,4,Colombo,46,2,58000000.0,Colombo,8.5,Nawala
1500,3,1,Gampaha,19,2,8900000.0,Gampaha,44.0,Gampaha City
2000,5,2,Gampaha,38,2,13500000.0,Gampaha,15.0,Gampaha City
1100,2,2,Colombo,5,1,9500000.0,Colombo,2.0,Colombo 5
2800,4,4,Colombo,28,2,28000000.0,Colombo,10.0,Malabe
4000,4,4,Colombo,22,2,49500000.0,Colombo,10.0,Talawatugoda
1000,3,1,Galle,9,2,5000000.0,Galle,16.0,Galle City
3980,4,3,Gampaha,50,2,55000000.0,Gampaha,20.0,Negombo
1100,1,1,Gampaha,44,1,4500000.0,Gampaha,4.0,Kadawatha
2600,4,4,Colombo,34,2,27500000.0,Colombo,10.0,Malabe
1200,2,2,Colombo,40,1,13000000.0,Colombo,4.0,Wellampitiya
3000,4,4,Colombo,23,2,60000000.0,Colombo,15.0,Talawatugoda
2200,5,2,Gampaha,5,2,23500000.0,Gampaha,30.0,Kadawatha
3800,5,4,Colombo,22,2,47500000.0,Colombo,7.0,Nugegoda
3850,4,4,Colombo,2,2,33000000.0,Colombo,10.0,Piliyandala
2500,5,7,Colombo,32,2,64000000.0,Colombo,17.5,Talawatugoda
5169,4,1,Kalutara,19,2,26000000.0,Kalutara,19.0,Panadura
3500,5,5,Colombo,10,2,37500000.0,Colombo,9.5,Moratuwa
1200,3,1,Colombo,22,2,18500000.0,Colombo,16.5,Athurugiriya
3500,5,5,Colombo,33,2,37500000.0,Colombo,9.5,Moratuwa
2400,4,4,Colombo,4,2,21500000.0,Colombo,9.0,Piliyandala
2200,3,3,Colombo,24,2,21500000.0,Colombo,9.5,Piliyandala
2700,5,4,Colombo,13,2,29500000.0,Colombo,11.0,Athurugiriya
2600,4,4,Colombo,41,2,29000000.0,Colombo,10.0,Malabe
2650,5,3,Colombo,29,2,45000000.0,Colombo,9.9,Rajagiriya
1610,3,2,Gampaha,8,2,19000000.0,Gampaha,10.0,Negombo
1200,3,1,Gampaha,9,2,5500000.0,Gampaha,8.8,Ragama
3600,4,4,Colombo,23,2,36000000.0,Colombo,7.8,Malabe
2600,4,4,Colombo,49,2,37500000.0,Colombo,9.5,Malabe
5200,6,5,Colombo,13,3,66000000.0,Colombo,29.1,Battaramulla
1200,3,1,Gampaha,8,2,4800000.0,Gampaha,9.5,Ganemulla
2550,3,3,Colombo,16,2,34000000.0,Colombo,6.2,Malabe
1600,3,2,Gampaha,44,2,19000000.0,Gampaha,10.0,Negombo
1500,2,1,Colombo,12,1,28000000.0,Colombo,11.5,Colombo 10
2900,4,4,Colombo,17,2,29500000.0,Colombo,6.5,Malabe
3500,5,4,Colombo,4,2,50000000.0,Colombo,11.6,Maharagama
3000,5,4,Colombo,25,2,36000000.0,Colombo,8.7,Piliyandala
2600,4,4,Colombo,7,2,37500000.0,Colombo,9.5,Malabe
2000,3,2,Gampaha,5,2,7500000.0,Gampaha,10.0,Ganemulla
1343,3,2,Colombo,46,2,19000000.0,Colombo,8.0,Moratuwa
3800,3,2,Gampaha,10,2,36500000.0,Gampaha,23.5,Negombo
3400,4,4,Colombo,30,2,35000000.0,Colombo,6.6,Talawatugoda
1000,2,1,Colombo,31,1,9500000.0,Colombo,6.8,Wellampitiya
750,2,1,Colombo,48,1,6500000.0,Colombo,1.79,Kolonnawa
2800,4,4,Colombo,5,2,28000000.0,Colombo,10.0,Malabe
2600,4,4,Colombo,5,2,34000000.0,Colombo,9.0,Maharagama
1000,3,1,Kalutara,6,2,11500000.0,Kalutara,12.0,Beruwala
2400,4,3,Colombo,43,2,25500000.0,Colombo,6.0,Piliyandala
800,2,1,Colombo,25,1,4000000.0,Colombo,4.8,Kottawa
1100,3,2,Colombo,8,2,14000000.0,Colombo,10.5,Kesbewa
550,3,1,Colombo,33,2,6500000.0,Colombo,3.0,Colombo 5
2800,5,7,Colombo,7,2,64000000.0,Colombo,17.5,Talawatugoda
1000,3,2,Colombo,44,2,15000000.0,Colombo,8.0,Wellampitiya
3100,4,3,Gampaha,13,2,26500000.0,Gampaha,10.5,Negombo
750,2,1,Colombo,49,1,7500000.0,Colombo,2.5,Colombo 9
880,3,2,Gampaha,2,2,10000000.0,Gampaha,8.0,Ja-Ela
3000,3,1,Batticaloa,13,2,6000000.0,Batticaloa,11.74,Batticaloa City
5250,4,4,Colombo,32,2,55000000.0,Colombo,14.0,Kottawa
1000,3,2,Colombo,20,2,9000000.0,Colombo,4.0,Wellampitiya
4000,4,3,Colombo,7,2,47500000.0,Colombo,8.2,Kotte
2500,5,3,Colombo,6,2,17500000.0,Colombo,10.0,Kottawa
3100,4,4,Colombo,41,2,37500000.0,Colombo,11.0,Kottawa
1203,2,1,Colombo,3,1,17500000.0,Colombo,8.0,Moratuwa
1200,4,3,Colombo,31,2,14000000.0,Colombo,2.5,Colombo 9
2300,2,1,Batticaloa,50,1,5300000.0,Batticaloa,16.93,Batticaloa City
3600,6,5,Colombo,17,3,33500000.0,Colombo,16.0,Kottawa
2600,2,1,Gampaha,6,1,7300000.0,Gampaha,17.0,Gampaha City
3800,6,4,Colombo,48,3,29500000.0,Colombo,13.0,Kottawa
1600,5,2,Gampaha,2,2,46000000.0,Gampaha,30.0,Ragama
2800,5,2,Kalutara,3,2,15500000.0,Kalutara,12.5,Matugama
4500,4,5,Gampaha,15,2,47000000.0,Gampaha,14.7,Negombo
2300,3,3,Gampaha,4,2,25000000.0,Gampaha,8.3,Ja-Ela
4500,4,4,Colombo,20,2,70000000.0,Colombo,15.0,Piliyandala
800,1,1,Colombo,45,1,11500000.0,Colombo,2.0,Kolonnawa
2000,3,3,Colombo,4,2,19800000.0,Colombo,6.5,Athurugiriya
1200,3,3,Colombo,41,2,14500000.0,Colombo,6.0,Athurugiriya
2200,3,3,Colombo,22,2,25000000.0,Colombo,10.0,Athurugiriya
875,2,1,Colombo,3,1,8050000.0,Colombo,9.0,Meegoda
1800,2,1,Batticaloa,41,1,8000000.0,Batticaloa,10.63,Batticaloa City
975,2,1,Colombo,15,1,8950000.0,Colombo,9.0,Meegoda
4000,4,3,Colombo,35,2,47500000.0,Colombo,8.2,Talawatugoda
2200,4,4,Colombo,1,2,23000000.0,Colombo,7.0,Malabe
3000,4,4,Colombo,17,2,19500000.0,Colombo,8.0,Kottawa
1500,3,1,Galle,32,2,4500000.0,Galle,9.5,Galle City
2800,4,3,Colombo,10,2,27500000.0,Colombo,11.5,Malabe
2200,4,3,Colombo,39,2,26500000.0,Colombo,6.5,Malabe
2000,4,4,Colombo,22,2,24000000.0,Colombo,6.0,Malabe
3500,5,4,Colombo,1,2,53000000.0,Colombo,9.06,Talawatugoda
2500,3,2,Colombo,2,2,22000000.0,Colombo,8.0,Moratuwa
2500,4,3,Gampaha,5,2,29500000.0,Gampaha,20.0,Negombo
4800,3,2,Batticaloa,7,2,30000000.0,Batticaloa,18.0,Batticaloa City
1600,3,2,Colombo,42,2,12200000.0,Colombo,17.75,Piliyandala
1200,3,1,Gampaha,8,2,4800000.0,Gampaha,11.3,Ganemulla
1200,2,1,Batticaloa,21,1,6300000.0,Batticaloa,84.0,Batticaloa City
3500,4,1,Kandy,11,2,22500000.0,Kandy,58.0,Katugastota
1600,3,3,Gampaha,28,2,19000000.0,Gampaha,7.5,Negombo
1600,3,2,Gampaha,6,2,18000000.0,Gampaha,11.5,Negombo
1600,4,2,Colombo,2,2,14500000.0,Colombo,6.0,Piliyandala
5000,5,5,Colombo,41,2,100000000.0,Colombo,20.0,Talawatugoda
2700,5,4,Colombo,9,2,27000000.0,Colombo,10.0,Kottawa
1425,3,1,Gampaha,7,2,9900000.0,Gampaha,10.0,Negombo
2680,4,3,Colombo,12,2,25000000.0,Colombo,10.0,Kottawa
3000,5,4,Colombo,7,2,40000000.0,Colombo,10.0,Piliyandala
1250,3,2,Colombo,28,2,12800000.0,Colombo,6.5,Piliyandala
2900,4,4,Colombo,32,2,25500000.0,Colombo,7.0,Piliyandala
2900,4,4,Colombo,6,2,36000000.0,Colombo,8.5,Piliyandala
1250,3,3,Colombo,46,2,13000000.0,Colombo,6.2,Piliyandala
2000,4,1,Galle,21,2,10000000.0,Galle,80.0,Galle City
3250,4,3,Colombo,9,2,30500000.0,Colombo,7.5,Piliyandala
3000,6,4,Colombo,42,3,48500000.0,Colombo,14.0,Piliyandala
2200,4,3,Colombo,25,2,26000000.0,Colombo,7.0,Piliyandala
2500,4,4,Colombo,10,2,16000000.0,Colombo,10.0,Piliyandala
800,1,1,Colombo,7,1,11500000.0,Colombo,2.0,Kolonnawa
850,2,1,Galle,28,1,4000000.0,Galle,46.0,Galle City
3560,5,4,Colombo,1,2,52000000.0,Colombo,13.2,Nugegoda
2800,4,4,Colombo,8,2,27500000.0,Colombo,10.0,Malabe
1600,3,2,Gampaha,8,2,19000000.0,Gampaha,10.0,Negombo
1566,2,1,Colombo,40,1,11000000.0,Colombo,7.0,Homagama
1000,2,1,Colombo,12,1,8500000.0,Colombo,4.0,Wellampitiya
2750,4,2,Gampaha,7,2,13000000.0,Gampaha,11.0,Negombo
2040,4,1,Colombo,10,2,13000000.0,Colombo,12.3,Kottawa
3500,4,3,Gampaha,16,2,25000000.0,Gampaha,10.0,Negombo
3200,5,5,Colombo,7,2,18500000.0,Colombo,6.0,Piliyandala
2080,4,2,Colombo,4,2,11000000.0,Colombo,6.8,Piliyandala
1544,3,3,Colombo,21,2,18500000.0,Colombo,8.0,Piliyandala
3250,4,4,Colombo,7,2,23500000.0,Colombo,7.0,Piliyandala
1610,3,2,Gampaha,24,2,18000000.0,Gampaha,11.5,Negombo
3511,5,4,Colombo,10,2,50000000.0,Colombo,11.7,Battaramulla
1800,3,5,Colombo,2,2,18500000.0,Colombo,8.5,Piliyandala
2800,3,3,Colombo,30,2,35000000.0,Colombo,6.0,Battaramulla
3000,4,3,Colombo,15,2,42500000.0,Colombo,10.0,Battaramulla
1500,3,2,Gampaha,35,2,13500000.0,Gampaha,10.0,Negombo
3000,4,3,Colombo,23,2,27000000.0,Colombo,8.1,Ratmalana
3200,4,4,Colombo,1,2,30500000.0,Colombo,8.0,Piliyandala
1000,4,2,Colombo,10,2,13500000.0,Colombo,3.0,Ratmalana
1610,3,2,Gampaha,10,2,19000000.0,Gampaha,10.0,Negombo
4822,4,4,Colombo,3,2,46500000.0,Colombo,28.0,Piliyandala
3524,7,5,Colombo,35,4,31000000.0,Colombo,10.5,Piliyandala
3500,3,2,Gampaha,1,2,36500000.0,Gampaha,23.0,Negombo
3200,4,4,Colombo,5,2,23800000.0,Colombo,8.5,Piliyandala
4800,4,4,Colombo,22,2,46500000.0,Colombo,28.0,Boralesgamuwa
2200,4,4,Colombo,12,2,19500000.0,Colombo,11.5,Athurugiriya
2000,3,2,Colombo,24,2,50000000.0,Colombo,10.0,Dehiwala
2000,5,3,Colombo,12,2,48000000.0,Colombo,11.7,Nugegoda
3200,6,4,Colombo,13,3,48000000.0,Colombo,8.2,Dehiwala
1200,2,2,Colombo,23,1,16500000.0,Colombo,5.1,Dehiwala
2500,3,2,Colombo,5,2,42500000.0,Colombo,9.8,Dehiwala
2500,3,2,Colombo,47,2,38000000.0,Colombo,10.0,Dehiwala
800,2,1,Colombo,32,1,8800000.0,Colombo,2.25,Dehiwala
3000,6,3,Colombo,18,3,40000000.0,Colombo,7.8,Colombo 6
1500,3,2,Colombo,21,2,23000000.0,Colombo,6.0,Dehiwala
1000,3,3,Colombo,10,2,13500000.0,Colombo,2.0,Dehiwala
1500,5,4,Colombo,7,2,40000000.0,Colombo,6.0,Dehiwala
3470,5,3,Colombo,8,2,16500000.0,Colombo,10.2,Piliyandala
1200,3,2,Colombo,6,2,15500000.0,Colombo,3.6,Dehiwala
2000,3,3,Colombo,15,2,18500000.0,Colombo,9.0,Athurugiriya
5014,5,3,Colombo,10,2,40000000.0,Colombo,8.2,Boralesgamuwa
2850,4,3,Colombo,48,2,42500000.0,Colombo,10.0,Talawatugoda
1500,3,2,Colombo,16,2,36000000.0,Colombo,6.0,Nugegoda
2500,7,2,Colombo,26,4,27500000.0,Colombo,10.5,Pannipitiya
3600,4,3,Colombo,15,2,34000000.0,Colombo,8.0,Kottawa
2675,4,3,Colombo,22,2,49500000.0,Colombo,10.56,Kottawa
2000,3,2,Colombo,3,2,25000000.0,Colombo,8.42,Pannipitiya
7200,4,3,Colombo,25,2,80000000.0,Colombo,182.0,Padukka
5825,4,4,Colombo,17,2,165000000.0,Colombo,15.5,Colombo 8
2750,4,3,Gampaha,15,2,30000000.0,Gampaha,10.25,Kadawatha
2000,4,4,Colombo,13,2,17500000.0,Colombo,3.0,Nugegoda
3500,4,3,Gampaha,6,2,29500000.0,Gampaha,20.0,Negombo
3500,7,3,Kalutara,1,4,40000000.0,Kalutara,18.5,Panadura
900,2,1,Colombo,49,1,11500000.0,Colombo,3.15,Dehiwala
5000,5,3,Colombo,5,2,40000000.0,Colombo,8.2,Piliyandala
2800,4,2,Gampaha,3,2,23500000.0,Gampaha,19.5,Ja-Ela
2240,3,3,Galle,42,2,47250000.0,Galle,8.0,Galle City
2640,4,3,Colombo,4,2,36000000.0,Colombo,8.0,Athurugiriya
2616,3,3,Colombo,20,2,26500000.0,Colombo,10.0,Piliyandala
2300,5,2,Gampaha,10,2,36000000.0,Gampaha,10.0,Kandana
2517,4,4,Colombo,10,2,26000000.0,Colombo,8.5,Piliyandala
1500,3,3,Gampaha,2,2,23000000.0,Gampaha,15.0,Ja-Ela
2500,3,3,Colombo,30,2,24500000.0,Colombo,10.0,Malabe
5016,8,5,Colombo,45,4,42500000.0,Colombo,13.2,Nugegoda
2600,4,2,Gampaha,7,2,12500000.0,Gampaha,15.0,Ja-Ela
3516,5,3,Colombo,31,2,22500000.0,Colombo,10.0,Piliyandala
1540,5,2,Gampaha,12,2,20000000.0,Gampaha,7.0,Ja-Ela
1500,3,1,Gampaha,1,2,14500000.0,Gampaha,13.0,Ja-Ela
1400,3,2,Gampaha,2,2,9900000.0,Gampaha,10.0,Negombo
2680,4,4,Colombo,1,2,28000000.0,Colombo,10.0,Athurugiriya
2500,4,2,Colombo,9,2,30000000.0,Colombo,11.35,Maharagama
2300,7,3,Kurunegala,12,4,21000000.0,Kurunegala,20.0,Kurunegala City
2750,4,2,Gampaha,37,2,16800000.0,Gampaha,12.5,Ja-Ela
1800,3,2,Gampaha,6,2,11500000.0,Gampaha,11.7,Kandana
2300,5,3,Gampaha,1,2,17800000.0,Gampaha,6.5,Kandana
2200,4,2,Gampaha,18,2,15000000.0,Gampaha,10.5,Ja-Ela
5500,5,4,Gampaha,9,2,39000000.0,Gampaha,12.9,Negombo
2600,4,2,Kalutara,42,2,16500000.0,Kalutara,10.0,Panadura
1500,6,4,Colombo,42,3,28500000.0,Colombo,6.0,Kolonnawa
600,3,1,Colombo,40,2,6500000.0,Colombo,2.5,Kolonnawa
2000,3,1,Gampaha,3,2,15000000.0,Gampaha,18.0,Ja-Ela
900,3,2,Colombo,37,2,7500000.0,Colombo,3.25,Kolonnawa
1500,2,1,Colombo,22,1,4500000.0,Colombo,5.5,Kolonnawa
2875,4,4,Colombo,21,2,26000000.0,Colombo,8.0,Piliyandala
3145,5,4,Colombo,7,2,40000000.0,Colombo,10.0,Piliyandala
3415,5,4,Colombo,45,2,36700000.0,Colombo,11.5,Piliyandala
2879,4,4,Colombo,5,2,24800000.0,Colombo,6.0,Piliyandala
2865,4,4,Colombo,4,2,27000000.0,Colombo,7.0,Piliyandala
2865,4,4,Colombo,2,2,27500000.0,Colombo,7.5,Piliyandala
2985,4,4,Colombo,33,2,33000000.0,Colombo,10.0,Piliyandala
2451,3,3,Colombo,7,2,21500000.0,Colombo,9.5,Piliyandala
4000,4,4,Colombo,12,2,42000000.0,Colombo,8.0,Moratuwa
2985,5,4,Colombo,44,2,29000000.0,Colombo,7.0,Piliyandala
2685,4,4,Colombo,7,2,26000000.0,Colombo,7.0,Piliyandala
2986,4,5,Colombo,11,2,25500000.0,Colombo,7.0,Piliyandala
3102,4,4,Colombo,24,2,30500000.0,Colombo,8.5,Piliyandala
2874,4,4,Colombo,44,2,21500000.0,Colombo,9.0,Piliyandala
3145,5,4,Colombo,28,2,38000000.0,Colombo,8.0,Piliyandala
2875,4,4,Colombo,13,2,26500000.0,Colombo,8.0,Piliyandala
1658,3,3,Colombo,48,2,18500000.0,Colombo,8.0,Piliyandala
1652,3,3,Colombo,18,2,18500000.0,Colombo,11.0,Piliyandala
1584,3,2,Colombo,34,2,15000000.0,Colombo,7.5,Piliyandala
2874,3,3,Colombo,12,2,23000000.0,Colombo,7.0,Piliyandala
3012,5,3,Colombo,29,2,22500000.0,Colombo,8.0,Piliyandala
1985,4,3,Colombo,17,2,18500000.0,Colombo,6.5,Piliyandala
2415,3,3,Colombo,7,2,21500000.0,Colombo,7.0,Piliyandala
3000,4,4,Colombo,1,2,33000000.0,Colombo,8.5,Kottawa
1100,2,1,Colombo,10,1,9800000.0,Colombo,9.0,Piliyandala
3000,5,4,Colombo,10,2,40000000.0,Colombo,10.0,Piliyandala
2500,4,2,Colombo,49,2,60000000.0,Colombo,17.0,Malabe
3850,4,4,Colombo,10,2,33500000.0,Colombo,10.0,Piliyandala
1500,4,2,Colombo,9,2,17500000.0,Colombo,16.0,Wellampitiya
3000,4,2,Colombo,9,2,35000000.0,Colombo,10.0,Kolonnawa
2000,4,2,Colombo,43,2,12500000.0,Colombo,10.0,Wellampitiya
750,2,1,Colombo,17,1,7700000.0,Colombo,3.0,Wellampitiya
1300,2,2,Colombo,6,1,12000000.0,Colombo,6.5,Wellampitiya
1700,4,4,Colombo,6,2,34000000.0,Colombo,8.0,Dehiwala
500,1,2,Colombo,35,1,3600000.0,Colombo,1.0,Colombo 10
800,3,1,Colombo,9,2,4000000.0,Colombo,4.0,Wellampitiya
3000,4,4,Colombo,3,2,50000000.0,Colombo,6.0,Kolonnawa
1000,3,2,Colombo,4,2,6500000.0,Colombo,2.5,Kolonnawa
1500,5,2,Colombo,6,2,15000000.0,Colombo,3.0,Wellampitiya
2522,4,4,Colombo,11,2,26000000.0,Colombo,8.5,Piliyandala
1500,3,2,Colombo,31,2,7700000.0,Colombo,2.0,Wellampitiya
800,2,1,Colombo,1,1,28000000.0,Colombo,4.0,Kolonnawa
5000,5,3,Colombo,42,2,40000000.0,Colombo,9.5,Colombo 5
1600,3,2,Gampaha,16,2,19000000.0,Gampaha,10.0,Negombo
1600,3,2,Gampaha,34,2,18000000.0,Gampaha,11.5,Negombo
900,4,3,Colombo,44,2,9000000.0,Colombo,1.36,Colombo 9
2100,4,2,Colombo,47,2,14900000.0,Colombo,4.1,Wellampitiya
3000,5,3,Colombo,44,2,65000000.0,Colombo,10.0,Battaramulla
1632,4,2,Colombo,6,2,13500000.0,Colombo,6.0,Wellampitiya
1600,4,2,Colombo,26,2,13000000.0,Colombo,8.0,Wellampitiya
4000,7,6,Colombo,21,4,75000000.0,Colombo,14.25,Colombo 9
2500,3,3,Colombo,23,2,26500000.0,Colombo,10.0,Piliyandala
2995,5,3,Gampaha,2,2,30000000.0,Gampaha,11.0,Wattala
4000,5,4,Colombo,39,2,75000000.0,Colombo,14.0,Ratmalana
3000,3,3,Colombo,7,2,76715000.0,Colombo,23.0,Colombo 3
5500,6,6,Colombo,18,3,170000000.0,Colombo,8.8,Colombo 5
3500,5,5,Colombo,22,2,37500000.0,Colombo,9.5,Moratuwa
3200,4,2,Colombo,9,2,22500000.0,Colombo,10.0,Piliyandala
3500,5,5,Colombo,47,2,37500000.0,Colombo,9.5,Moratuwa
4200,4,4,Colombo,5,2,49500000.0,Colombo,10.0,Talawatugoda
2000,4,3,Colombo,24,2,26000000.0,Colombo,16.5,Athurugiriya
2800,4,2,Colombo,12,2,36000000.0,Colombo,14.25,Malabe
3500,4,3,Colombo,23,2,47000000.0,Colombo,10.0,Malabe
2200,5,2,Colombo,48,2,34000000.0,Colombo,40.0,Athurugiriya
3200,5,3,Colombo,22,2,75000000.0,Colombo,20.0,Nugegoda
926,2,1,Gampaha,12,1,3450000.0,Gampaha,12.5,Gampaha City
5800,6,6,Colombo,2,3,145000000.0,Colombo,15.0,Kotte
3700,5,3,Colombo,22,2,213000000.0,Colombo,13.7,Colombo 7
5000,5,5,Colombo,11,2,35000000.0,Colombo,7.6,Kotte
2895,4,4,Colombo,21,2,26500000.0,Colombo,8.0,Piliyandala
2875,4,4,Colombo,27,2,26500000.0,Colombo,8.0,Boralesgamuwa
5000,5,5,Colombo,34,2,35000000.0,Colombo,7.6,Kotte
1350,3,2,Colombo,1,2,7500000.0,Colombo,10.4,Kaduwela
4000,5,4,Colombo,24,2,55000000.0,Colombo,10.0,Malabe
3150,3,2,Gampaha,49,2,36500000.0,Gampaha,23.0,Negombo
1600,3,2,Gampaha,25,2,19000000.0,Gampaha,10.0,Negombo
5950,4,4,Colombo,34,2,98000000.0,Colombo,19.6,Malabe
3500,5,3,Colombo,5,2,101700000.0,Colombo,22.6,Nawala
700,2,1,Gampaha,23,1,6000000.0,Gampaha,10.0,Kadawatha
2000,3,3,Colombo,6,2,18000000.0,Colombo,8.0,Kottawa
3000,7,2,Kalutara,46,4,100000000.0,Kalutara,14.5,Kalutara City
2600,5,3,Colombo,11,2,19500000.0,Colombo,8.0,Athurugiriya
3200,8,3,Colombo,40,4,31500000.0,Colombo,23.6,Moratuwa
1610,3,2,Gampaha,30,2,19000000.0,Gampaha,10.0,Negombo
3500,3,2,Gampaha,2,2,36500000.0,Gampaha,23.0,Negombo
4500,6,3,Colombo,12,3,57000000.0,Colombo,24.5,Boralesgamuwa
2000,4,2,Kalutara,20,2,17000000.0,Kalutara,12.0,Panadura
2570,3,2,Colombo,50,2,25000000.0,Colombo,10.0,Athurugiriya
1200,3,2,Colombo,2,2,11500000.0,Colombo,9.9,Homagama
1200,3,2,Colombo,31,2,11500000.0,Colombo,9.9,Kottawa
1200,3,1,Gampaha,41,2,4800000.0,Gampaha,11.3,Ganemulla
2500,4,3,Colombo,20,2,25000000.0,Colombo,7.0,Boralesgamuwa
3000,4,4,Colombo,18,2,47500000.0,Colombo,8.2,Nugegoda
3100,4,3,Gampaha,14,2,26500000.0,Gampaha,10.5,Negombo
1600,3,2,Gampaha,25,2,19000000.0,Gampaha,10.0,Negombo
2000,4,3,Colombo,42,2,23500000.0,Colombo,6.0,Malabe
1200,4,2,Colombo,27,2,9800000.0,Colombo,8.0,Homagama
4000,5,5,Colombo,48,2,82500000.0,Colombo,16.0,Talawatugoda
2500,4,3,Gampaha,41,2,29500000.0,Gampaha,20.0,Negombo
2600,4,2,Colombo,13,2,17000000.0,Colombo,16.0,Kaduwela
4900,4,4,Gampaha,22,2,75000000.0,Gampaha,30.0,Wattala
1500,2,1,Colombo,10,1,13000000.0,Colombo,8.5,Battaramulla
2500,4,1,Ampara,8,2,6900000.0,Ampara,30.0,Ampara City
3000,4,3,Colombo,48,2,47500000.0,Colombo,10.0,Talawatugoda
4800,5,3,Colombo,2,2,77500000.0,Colombo,18.0,Battaramulla
2800,4,3,Colombo,44,2,28000000.0,Colombo,6.5,Malabe
1000,3,2,Colombo,15,2,16000000.0,Colombo,9.0,Kaduwela
4000,5,4,Colombo,4,2,65000000.0,Colombo,10.0,Malabe
2600,4,3,Colombo,7,2,29500000.0,Colombo,6.5,Malabe
1200,3,2,Gampaha,6,2,12500000.0,Gampaha,6.7,Ganemulla
3700,4,4,Colombo,26,2,47500000.0,Colombo,6.9,Kotte
1200,3,5,Colombo,38,2,14000000.0,Colombo,10.0,Homagama
6500,6,4,Colombo,15,3,120000000.0,Colombo,25.0,Nawala
3150,4,3,Gampaha,29,2,26500000.0,Gampaha,10.5,Negombo
1610,3,2,Gampaha,4,2,19000000.0,Gampaha,10.0,Negombo
4900,4,3,Gampaha,6,2,70000000.0,Gampaha,20.0,Kadawatha
2400,4,3,Colombo,35,2,22000000.0,Colombo,25.0,Maharagama
4500,5,4,Colombo,9,2,18500000.0,Colombo,7.8,Piliyandala
1600,4,1,Colombo,23,2,18000000.0,Colombo,20.5,Athurugiriya
3800,5,4,Colombo,20,2,37500000.0,Colombo,10.0,Pannipitiya
1600,5,4,Colombo,9,2,32000000.0,Colombo,4.2,Colombo 6
1800,4,2,Colombo,46,2,18000000.0,Colombo,15.0,Pannipitiya
1500,3,3,Colombo,43,2,14900000.0,Colombo,9.4,Kaduwela
5500,7,5,Gampaha,8,4,26000000.0,Gampaha,21.0,Kiribathgoda
2000,4,2,Gampaha,19,2,9500000.0,Gampaha,6.0,Ganemulla
1500,2,1,Matale,1,1,11000000.0,Matale,24.0,Matale City
5000,4,3,Colombo,23,2,130000000.0,Colombo,26.0,Dehiwala
1600,3,2,Gampaha,10,2,19000000.0,Gampaha,10.0,Negombo
1200,3,2,Gampaha,12,2,12500000.0,Gampaha,6.7,Kadawatha
4000,6,5,Kalutara,10,3,35000000.0,Kalutara,10.5,Panadura
7000,7,5,Colombo,45,4,58000000.0,Colombo,10.0,Dehiwala
1200,3,1,Kalutara,47,2,6500000.0,Kalutara,10.0,Kalutara City
2200,5,2,Colombo,9,2,18500000.0,Colombo,15.5,Moratuwa
5500,5,5,Colombo,24,2,82000000.0,Colombo,15.0,Battaramulla
2000,4,2,Kalutara,20,2,17000000.0,Kalutara,12.0,Panadura
1200,3,1,Kalutara,40,2,4800000.0,Kalutara,32.0,Kalutara City
1250,2,2,Gampaha,23,1,9500000.0,Gampaha,10.65,Ragama
1546,3,1,Colombo,15,2,13200000.0,Colombo,10.0,Kottawa
1200,2,1,Kalutara,12,1,6900000.0,Kalutara,15.0,Kalutara City
1200,3,1,Kalutara,12,2,5500000.0,Kalutara,7.0,Panadura
3100,4,3,Gampaha,2,2,26500000.0,Gampaha,10.5,Negombo
1600,3,2,Gampaha,5,2,19000000.0,Gampaha,10.0,Negombo
1600,3,2,Gampaha,24,2,19000000.0,Gampaha,7.5,Negombo
1200,3,2,Colombo,41,2,55000000.0,Colombo,0.0,Kotte
1000,1,1,Kandy,1,1,9000000.0,Kandy,43.0,Menikhinna
925,2,1,Kalutara,7,1,7000000.0,Kalutara,10.35,Panadura
1880,3,3,Colombo,32,2,19800000.0,Colombo,7.0,Athurugiriya
3300,4,4,Colombo,6,2,46000000.0,Colombo,6.0,Battaramulla
2800,4,4,Colombo,26,2,28000000.0,Colombo,10.0,Malabe
1100,3,1,Colombo,19,2,7600000.0,Colombo,9.0,Homagama
3500,3,2,Gampaha,6,2,36500000.0,Gampaha,23.5,Negombo
2300,5,2,Kalutara,2,2,21500000.0,Kalutara,14.0,Horana
3012,5,3,Colombo,3,2,49000000.0,Colombo,11.8,Kotte
1050,3,1,Colombo,7,2,8500000.0,Colombo,6.0,Piliyandala
3200,5,3,Gampaha,27,2,47000000.0,Gampaha,15.0,Kiribathgoda
1130,2,1,Colombo,15,1,9000000.0,Colombo,6.0,Kesbewa
2200,4,3,Colombo,19,2,90000000.0,Colombo,18.5,Nugegoda
1700,3,2,Colombo,9,2,15900000.0,Colombo,10.1,Kottawa
3800,3,2,Gampaha,19,2,35000000.0,Gampaha,23.5,Negombo
2800,4,3,Colombo,11,2,60000000.0,Colombo,7.0,Nawala
2500,4,3,Colombo,11,2,29500000.0,Colombo,9.9,Kottawa
1385,3,1,Colombo,37,2,14000000.0,Colombo,10.0,Pannipitiya
2600,4,2,Kalutara,21,2,32000000.0,Kalutara,22.0,Panadura
3544,5,3,Colombo,45,2,22500000.0,Colombo,10.0,Piliyandala
1850,3,2,Colombo,13,2,14900000.0,Colombo,6.0,Athurugiriya
1650,3,2,Kalutara,21,2,16800000.0,Kalutara,10.8,Panadura
3150,4,3,Gampaha,2,2,26500000.0,Gampaha,10.5,Negombo
1200,3,2,Gampaha,2,2,12500000.0,Gampaha,6.7,Kadawatha
1610,3,2,Gampaha,44,2,19000000.0,Gampaha,10.0,Negombo
3011,5,3,Colombo,7,2,38000000.0,Colombo,6.1,Boralesgamuwa
1610,3,2,Kalutara,18,2,8700000.0,Kalutara,10.0,Kalutara City
1600,3,2,Gampaha,35,2,18000000.0,Gampaha,11.5,Negombo
5016,8,5,Colombo,49,4,42500000.0,Colombo,13.2,Nugegoda
7200,4,3,Colombo,46,2,105000000.0,Colombo,50.2,Malabe
3000,6,2,Kalutara,10,3,34000000.0,Kalutara,38.0,Kalutara City
2300,4,4,Colombo,46,2,21500000.0,Colombo,9.0,Piliyandala
2900,4,4,Colombo,30,2,29500000.0,Colombo,6.5,Malabe
3350,4,4,Colombo,18,2,36000000.0,Colombo,10.2,Talawatugoda
1700,3,2,Colombo,34,2,15900000.0,Colombo,10.1,Homagama
1200,3,2,Gampaha,6,2,12500000.0,Gampaha,6.7,Kadawatha
1200,3,1,Gampaha,40,2,4800000.0,Gampaha,9.5,Ganemulla
3800,5,4,Kalutara,3,2,36000000.0,Kalutara,11.75,Kalutara City
2500,5,2,Colombo,24,2,22500000.0,Colombo,8.0,Piliyandala
3500,5,3,Kalutara,23,2,28000000.0,Kalutara,10.0,Panadura
4000,7,4,Colombo,46,4,55000000.0,Colombo,16.0,Mount Lavinia
2600,5,2,Gampaha,19,2,5500000.0,Gampaha,15.0,Divulapitiya
2600,4,4,Colombo,35,2,37500000.0,Colombo,9.5,Malabe
2000,4,4,Colombo,4,2,24000000.0,Colombo,6.0,Malabe
4000,5,3,Gampaha,5,2,40000000.0,Gampaha,10.0,Kiribathgoda
650,2,1,Mullativu,11,1,3700000.0,Mullativu,20.0,Mullativu City
4000,4,4,Colombo,2,2,49500000.0,Colombo,10.0,Battaramulla
2286,4,3,Gampaha,49,2,36000000.0,Gampaha,8.0,Kadawatha
4800,5,4,Colombo,27,2,115000000.0,Colombo,22.0,Talawatugoda
3300,4,3,Colombo,40,2,42500000.0,Colombo,11.0,Talawatugoda
3000,4,4,Colombo,5,2,60000000.0,Colombo,15.0,Talawatugoda
3100,3,2,Gampaha,8,2,36500000.0,Gampaha,23.0,Negombo
1800,4,2,Matale,21,2,37000000.0,Matale,12.0,Matale City
3500,5,5,Colombo,11,2,37500000.0,Colombo,9.5,Moratuwa
4000,4,3,Colombo,1,2,19800000.0,Colombo,10.0,Homagama
2200,4,3,Colombo,9,2,24000000.0,Colombo,6.0,Malabe
3200,5,3,Colombo,17,2,120000000.0,Colombo,7.5,Colombo 15
1200,3,1,Trincomalee,18,2,3000000.0,Trincomalee,10.0,Trincomalee City
3000,4,4,Colombo,14,2,60000000.0,Colombo,15.0,Talawatugoda
4000,3,2,Kalutara,29,2,9700000.0,Kalutara,15.7,Panadura
7200,4,3,Colombo,2,2,105000000.0,Colombo,50.2,Talawatugoda
1600,3,3,Colombo,24,2,18000000.0,Colombo,11.0,Kottawa
3000,4,4,Colombo,48,2,36000000.0,Colombo,10.0,Malabe
1334,3,1,Hambantota,7,2,7000000.0,Hambantota,40.0,Hambantota City
4000,4,4,Colombo,11,2,110000000.0,Colombo,50.17,Talawatugoda
3000,4,3,Colombo,5,2,36000000.0,Colombo,10.0,Talawatugoda
2400,4,2,Colombo,16,2,35000000.0,Colombo,10.0,Kottawa
3300,4,4,Colombo,5,2,55000000.0,Colombo,11.0,Battaramulla
1300,4,1,Gampaha,9,2,38000000.0,Gampaha,19.5,Wattala
1200,3,1,Colombo,9,2,6500000.0,Colombo,7.9,Padukka
1610,3,2,Gampaha,4,2,19000000.0,Gampaha,10.0,Negombo
2900,4,4,Colombo,23,2,36000000.0,Colombo,8.5,Piliyandala
2500,4,3,Colombo,29,2,26000000.0,Colombo,8.5,Piliyandala
1500,3,3,Colombo,22,2,18500000.0,Colombo,7.5,Malabe
1000,2,1,Galle,33,1,4000000.0,Galle,9.0,Batapola
1500,3,1,Kalutara,7,2,8500000.0,Kalutara,15.0,Horana
1200,3,1,Gampaha,5,2,7200000.0,Gampaha,9.0,Ganemulla
3000,4,4,Colombo,42,2,33000000.0,Colombo,10.0,Athurugiriya
1500,2,2,Gampaha,14,1,12500000.0,Gampaha,16.8,Negombo
1600,3,2,Gampaha,47,2,18000000.0,Gampaha,11.5,Negombo
1500,2,2,Colombo,31,1,24000000.0,Colombo,7.5,Ratmalana
1400,3,2,Colombo,41,2,14000000.0,Colombo,10.0,Malabe
2800,4,4,Colombo,9,2,28000000.0,Colombo,10.0,Malabe
3300,4,4,Colombo,40,2,55000000.0,Colombo,11.0,Talawatugoda
1300,3,1,Gampaha,3,2,9000000.0,Gampaha,11.0,Kelaniya
4000,5,4,Colombo,44,2,65000000.0,Colombo,10.0,Talawatugoda
3000,4,4,Colombo,37,2,60000000.0,Colombo,15.0,Talawatugoda
4500,5,4,Colombo,50,2,115000000.0,Colombo,22.0,Talawatugoda
2000,4,2,Colombo,7,2,250000000.0,Colombo,6.5,Boralesgamuwa
4000,5,4,Colombo,4,2,65000000.0,Colombo,12.5,Talawatugoda
1250,3,3,Colombo,16,2,16500000.0,Colombo,7.5,Malabe
3000,4,4,Colombo,3,2,60000000.0,Colombo,15.0,Talawatugoda
3000,4,3,Colombo,5,2,47500000.0,Colombo,10.0,Talawatugoda
3800,4,4,Colombo,50,2,55000000.0,Colombo,10.0,Talawatugoda
3000,4,4,Colombo,50,2,60000000.0,Colombo,15.0,Talawatugoda
3236,6,4,Colombo,25,3,65000000.0,Colombo,19.1,Kotte
1800,3,3,Colombo,10,2,21500000.0,Colombo,10.0,Piliyandala
2000,5,2,Colombo,20,2,38500000.0,Colombo,7.5,Nawala
2800,5,7,Colombo,10,2,64000000.0,Colombo,17.5,Talawatugoda
4000,4,4,Colombo,10,2,49500000.0,Colombo,10.0,Talawatugoda
4000,4,3,Colombo,1,2,40000000.0,Colombo,11.5,Talawatugoda
4500,5,4,Colombo,44,2,115000000.0,Colombo,22.0,Talawatugoda
2500,8,3,Colombo,1,4,31000000.0,Colombo,23.6,Moratuwa
3800,5,4,Colombo,4,2,45000000.0,Colombo,11.0,Talawatugoda
4000,4,4,Colombo,34,2,105000000.0,Colombo,50.17,Talawatugoda
3250,5,4,Colombo,38,2,37000000.0,Colombo,13.0,Piliyandala
1520,3,3,Colombo,14,2,19500000.0,Colombo,8.0,Kottawa
3000,4,3,Colombo,3,2,110000000.0,Colombo,50.2,Talawatugoda
2800,4,3,Colombo,28,2,27500000.0,Colombo,11.5,Malabe
1800,3,2,Colombo,1,2,32500000.0,Colombo,6.0,Moratuwa
1300,3,2,Colombo,45,2,7200000.0,Colombo,9.9,Homagama
1980,3,1,Hambantota,7,2,5500000.0,Hambantota,80.0,Beliatta
2500,4,3,Gampaha,8,2,29500000.0,Gampaha,20.0,Negombo
2500,4,2,Galle,50,2,13000000.0,Galle,11.0,Ambalangoda
1950,3,2,Gampaha,7,2,21500000.0,Gampaha,12.0,Negombo
3064,6,2,Gampaha,19,3,24000000.0,Gampaha,22.9,Kandana
1100,3,1,Galle,38,2,7000000.0,Galle,17.5,Ambalangoda
3100,4,3,Gampaha,23,2,26500000.0,Gampaha,10.5,Negombo
3150,4,3,Gampaha,2,2,26500000.0,Gampaha,10.5,Negombo
1450,3,1,Colombo,43,2,16500000.0,Colombo,12.8,Piliyandala
1425,3,1,Gampaha,48,2,9900000.0,Gampaha,10.0,Negombo
1540,3,2,Colombo,43,2,21500000.0,Colombo,13.5,Kottawa
1547,3,2,Kalutara,11,2,13500000.0,Kalutara,10.0,Horana
1000,3,1,Gampaha,26,2,4500000.0,Gampaha,12.0,Mirigama
1600,3,2,Gampaha,10,2,18000000.0,Gampaha,11.5,Negombo
1600,3,2,Colombo,20,2,18500000.0,Colombo,10.0,Piliyandala
2600,4,4,Colombo,48,2,26000000.0,Colombo,7.0,Piliyandala
3250,4,3,Colombo,49,2,30500000.0,Colombo,7.5,Piliyandala
2000,3,1,Gampaha,4,2,7500000.0,Gampaha,10.0,Ganemulla
4500,5,2,Monaragala,47,2,13500000.0,Monaragala,15.0,Monaragala City
2200,3,3,Colombo,3,2,24500000.0,Colombo,6.0,Pannipitiya
2400,4,3,Colombo,43,2,25500000.0,Colombo,6.0,Piliyandala
3000,6,4,Colombo,12,3,48500000.0,Colombo,14.0,Piliyandala
2200,4,3,Colombo,44,2,26000000.0,Colombo,7.0,Piliyandala
4000,4,2,Colombo,15,2,150000000.0,Colombo,52.0,Ratmalana
1610,3,2,Gampaha,17,2,18000000.0,Gampaha,11.5,Negombo
2400,4,2,Colombo,49,2,13500000.0,Colombo,6.0,Pannipitiya
1800,4,2,Gampaha,6,2,6500000.0,Gampaha,16.5,Kadawatha
1200,3,1,Colombo,49,2,9500000.0,Colombo,10.0,Piliyandala
1700,3,3,Colombo,14,2,18000000.0,Colombo,11.0,Piliyandala
1900,3,3,Colombo,15,2,16500000.0,Colombo,6.5,Piliyandala
2200,4,3,Colombo,39,2,26500000.0,Colombo,6.5,Malabe
2850,4,3,Colombo,40,2,42500000.0,Colombo,10.0,Talawatugoda
2448,4,4,Colombo,50,2,21500000.0,Colombo,9.0,Piliyandala
2600,4,4,Colombo,16,2,34000000.0,Colombo,9.0,Maharagama
2580,5,4,Colombo,50,2,45000000.0,Colombo,10.5,Kohuwala
3500,5,4,Colombo,9,2,50000000.0,Colombo,11.0,Maharagama
3600,5,4,Colombo,8,2,58500000.0,Colombo,7.1,Dehiwala
1100,2,1,Colombo,12,1,7000000.0,Colombo,6.8,Boralesgamuwa
3270,5,4,Colombo,2,2,27000000.0,Colombo,10.0,Kottawa
7200,6,4,Colombo,42,3,69000000.0,Colombo,20.0,Maharagama
3100,4,4,Colombo,25,2,37500000.0,Colombo,11.0,Kottawa
1610,3,2,Gampaha,6,2,19000000.0,Gampaha,10.0,Negombo
1377,2,1,Colombo,23,1,11000000.0,Colombo,7.21,Homagama
1200,3,3,Gampaha,46,2,9500000.0,Gampaha,10.0,Delgoda
4580,8,7,Colombo,21,4,57500000.0,Colombo,10.0,Dehiwala
4000,5,4,Colombo,9,2,35000000.0,Colombo,7.0,Malabe
5000,4,2,Gampaha,5,2,42000000.0,Gampaha,11.0,Ja-Ela
5000,5,4,Gampaha,5,2,31500000.0,Gampaha,27.4,Kadawatha
6000,4,5,Gampaha,7,2,55000000.0,Gampaha,10.05,Kandana
3200,4,2,Gampaha,4,2,54000000.0,Gampaha,10.0,Kiribathgoda
1875,3,2,Colombo,46,2,16500000.0,Colombo,6.5,Piliyandala
2874,3,3,Colombo,8,2,21500000.0,Colombo,9.5,Piliyandala
3120,5,4,Colombo,4,2,40000000.0,Colombo,10.0,Piliyandala
1350,3,2,Colombo,48,2,14400000.0,Colombo,10.0,Piliyandala
2986,5,4,Colombo,48,2,29000000.0,Colombo,7.0,Boralesgamuwa
2985,4,4,Colombo,34,2,27000000.0,Colombo,7.0,Piliyandala
2587,4,4,Colombo,13,2,26000000.0,Colombo,7.0,Piliyandala
2745,5,4,Colombo,1,2,36700000.0,Colombo,10.0,Piliyandala
2897,4,4,Colombo,7,2,27500000.0,Colombo,7.5,Piliyandala
3142,4,4,Colombo,40,2,28000000.0,Colombo,10.0,Piliyandala
2745,4,4,Colombo,35,2,31000000.0,Colombo,8.0,Piliyandala
2874,4,4,Colombo,38,2,21500000.0,Colombo,9.0,Piliyandala
1542,3,2,Colombo,13,2,14000000.0,Colombo,8.5,Piliyandala
1543,3,3,Colombo,42,2,18500000.0,Colombo,8.0,Piliyandala
1854,3,3,Colombo,34,2,18500000.0,Colombo,11.0,Piliyandala
2854,5,4,Colombo,29,2,38000000.0,Colombo,8.0,Piliyandala
2965,4,4,Colombo,45,2,30500000.0,Colombo,8.0,Piliyandala
2100,4,3,Colombo,40,2,18500000.0,Colombo,6.5,Piliyandala
2541,3,3,Colombo,5,2,23000000.0,Colombo,7.0,Piliyandala
2874,3,3,Colombo,43,2,21500000.0,Colombo,7.5,Piliyandala
1543,3,2,Colombo,7,2,15000000.0,Colombo,7.5,Piliyandala
1200,3,2,Galle,17,2,5600000.0,Galle,15.0,Galle City
1800,4,2,Colombo,21,2,18500000.0,Colombo,6.2,Kottawa
3350,5,3,Gampaha,2,2,30000000.0,Gampaha,10.0,Ja-Ela
3700,2,2,Colombo,26,1,115000000.0,Colombo,18.0,Colombo 8
4600,5,5,Colombo,29,2,180000000.0,Colombo,8.5,Colombo 5
2500,4,3,Colombo,9,2,80000000.0,Colombo,17.2,Kotte
3500,4,3,Colombo,15,2,78000000.0,Colombo,13.0,Battaramulla
4012,5,3,Colombo,5,2,120000000.0,Colombo,43.0,Battaramulla
3000,5,3,Colombo,46,2,60000000.0,Colombo,10.0,Kotte
3000,4,3,Kalutara,7,2,65000000.0,Kalutara,145.0,Panadura
4000,4,4,Colombo,1,2,120000000.0,Colombo,17.4,Battaramulla
3000,4,3,Colombo,4,2,36000000.0,Colombo,10.0,Malabe
2874,4,5,Colombo,17,2,25500000.0,Colombo,7.5,Piliyandala
2200,4,3,Galle,35,2,13000000.0,Galle,13.0,Galle City
3500,5,3,Colombo,45,2,24500000.0,Colombo,10.0,Piliyandala
2750,6,4,Colombo,3,3,37000000.0,Colombo,7.0,Nugegoda
3000,5,3,Colombo,16,2,32500000.0,Colombo,18.0,Boralesgamuwa
1600,3,2,Gampaha,13,2,18000000.0,Gampaha,11.5,Negombo
1425,3,1,Gampaha,17,2,9900000.0,Gampaha,10.0,Negombo
1600,3,2,Gampaha,9,2,19000000.0,Gampaha,10.0,Negombo
1800,3,1,Colombo,9,2,7500000.0,Colombo,6.5,Piliyandala
3000,4,4,Colombo,8,2,290000000.0,Colombo,27.0,Colombo 5
3000,4,3,Kandy,18,2,26500000.0,Kandy,20.0,Kandy City
3100,4,3,Gampaha,23,2,26500000.0,Gampaha,10.5,Negombo
2850,4,3,Colombo,6,2,35000000.0,Colombo,9.07,Maharagama
3000,4,3,Colombo,5,2,105000000.0,Colombo,50.17,Talawatugoda
4500,4,4,Colombo,13,2,95000000.0,Colombo,10.0,Kotte
2600,4,4,Colombo,9,2,37500000.0,Colombo,9.5,Malabe
1300,2,1,Colombo,36,1,25000000.0,Colombo,7.0,Wellampitiya
3000,4,4,Colombo,12,2,27500000.0,Colombo,7.5,Piliyandala
2400,4,3,Colombo,17,2,26000000.0,Colombo,7.0,Piliyandala
3850,4,4,Colombo,48,2,33000000.0,Colombo,10.0,Piliyandala
1500,4,1,Kurunegala,2,2,25000000.0,Kurunegala,34.5,Kurunegala City
2300,4,3,Gampaha,18,2,34500000.0,Gampaha,12.0,Kadawatha
5100,5,5,Kalutara,3,2,55000000.0,Kalutara,11.37,Panadura
4000,4,4,Colombo,17,2,75000000.0,Colombo,16.0,Kotte
1500,2,2,Gampaha,10,1,9000000.0,Gampaha,11.5,Ragama
900,2,2,Polonnaruwa,6,1,5500000.0,Polonnaruwa,61.0,Medirigiriya
640,4,2,Kalutara,8,2,120000000.0,Kalutara,4.0,Matugama
1200,3,2,Galle,24,2,27500000.0,Galle,40.0,Galle City
3000,4,3,Colombo,23,2,40000000.0,Colombo,13.0,Talawatugoda
2800,4,4,Colombo,14,2,28000000.0,Colombo,10.0,Malabe
2000,6,3,Colombo,5,3,27000000.0,Colombo,10.0,Kesbewa
3000,4,3,Colombo,11,2,35000000.0,Colombo,9.5,Pannipitiya
1150,2,2,Galle,9,1,15000000.0,Galle,11.0,Karapitiya
3000,6,4,Colombo,12,3,28000000.0,Colombo,8.66,Talawatugoda
1001,2,1,Kalutara,10,1,4000000.0,Kalutara,6.0,Panadura
2000,5,1,Kalutara,47,2,18000000.0,Kalutara,14.0,Panadura
4000,4,4,Colombo,32,2,95000000.0,Colombo,10.0,Kotte
1950,3,2,Gampaha,31,2,21500000.0,Gampaha,12.0,Negombo
3000,4,4,Colombo,36,2,53000000.0,Colombo,16.0,Talawatugoda
3236,6,4,Colombo,14,3,65000000.0,Colombo,19.1,Rajagiriya
2000,4,4,Colombo,19,2,24000000.0,Colombo,6.0,Malabe
1600,3,2,Gampaha,4,2,19000000.0,Gampaha,10.0,Negombo
1900,4,2,Colombo,47,2,19000000.0,Colombo,11.4,Malabe
4000,5,2,Colombo,23,2,66000000.0,Colombo,29.0,Rajagiriya
2500,3,2,Colombo,18,2,22000000.0,Colombo,6.8,Pannipitiya
4000,4,3,Colombo,20,2,85000000.0,Colombo,9.8,Nawala
3500,3,2,Gampaha,3,2,36500000.0,Gampaha,23.5,Negombo
2800,4,4,Colombo,49,2,28000000.0,Colombo,10.0,Malabe
1500,3,2,Gampaha,16,2,13500000.0,Gampaha,10.0,Negombo
2900,4,4,Colombo,4,2,29500000.0,Colombo,6.5,Malabe
1600,3,2,Gampaha,6,2,19000000.0,Gampaha,7.5,Negombo
500,1,1,Colombo,45,1,7000000.0,Colombo,2.0,Dehiwala
750,2,1,Gampaha,33,1,6300000.0,Gampaha,15.4,Ragama
1200,2,2,Colombo,47,1,11000000.0,Colombo,3.0,Wellampitiya
6500,7,4,Colombo,8,4,65000000.0,Colombo,18.0,Nugegoda
5000,4,3,Gampaha,3,2,69500000.0,Gampaha,35.0,Wattala
1700,3,1,Colombo,7,2,10800000.0,Colombo,6.0,Angoda
1600,3,2,Gampaha,4,2,19000000.0,Gampaha,10.0,Negombo
1425,3,1,Gampaha,28,2,9900000.0,Gampaha,10.0,Negombo
2650,5,4,Colombo,8,2,27000000.0,Colombo,10.5,Kottawa
1200,2,1,Colombo,24,1,18000000.0,Colombo,5.0,Dehiwala
1280,2,1,Colombo,40,1,16500000.0,Colombo,14.0,Kottawa
1200,3,3,Colombo,11,2,24000000.0,Colombo,4.4,Dehiwala
800,2,1,Colombo,46,1,24000000.0,Colombo,4.0,Dehiwala
4000,5,2,Colombo,44,2,9000000.0,Colombo,20.0,Athurugiriya
4000,4,3,Colombo,19,2,47500000.0,Colombo,8.2,Nugegoda
1350,3,1,Gampaha,2,2,9900000.0,Gampaha,10.0,Negombo
1800,4,2,Matara,5,2,30000000.0,Matara,28.0,Deniyaya
2000,3,1,Gampaha,41,2,9800000.0,Gampaha,19.0,Gampaha City
2600,4,1,Puttalam,5,2,12800000.0,Puttalam,13.5,Dankotuwa
3150,4,3,Gampaha,25,2,26500000.0,Gampaha,10.5,Negombo
1750,3,2,Gampaha,44,2,20000000.0,Gampaha,20.0,Kelaniya
1500,3,1,Colombo,8,2,8700000.0,Colombo,10.0,Padukka
4000,7,4,Colombo,4,4,221000000.0,Colombo,17.0,Colombo 7
1250,2,1,Kalutara,30,1,7200000.0,Kalutara,10.0,Panadura
1000,4,1,Gampaha,5,2,4250000.0,Gampaha,5.0,Gampaha City
1200,4,2,Colombo,18,2,23000000.0,Colombo,4.0,Pannipitiya
4000,4,3,Colombo,29,2,47500000.0,Colombo,8.2,Talawatugoda
1610,3,2,Gampaha,11,2,19000000.0,Gampaha,10.0,Negombo
4000,3,2,Colombo,44,2,55000000.0,Colombo,21.0,Battaramulla
550,4,4,Colombo,3,2,20000000.0,Colombo,1.5,Colombo 13
2000,4,2,Badulla,8,2,9500000.0,Badulla,31.4,Welimada
2000,4,2,Colombo,25,2,16000000.0,Colombo,17.0,Athurugiriya
5150,5,4,Gampaha,23,2,16500000.0,Gampaha,10.0,Kelaniya
1000,2,1,Colombo,4,1,28000000.0,Colombo,6.5,Kohuwala
2800,4,4,Colombo,8,2,28000000.0,Colombo,10.0,Malabe
1500,4,1,Ratnapura,32,2,6000000.0,Ratnapura,66.0,Pelmadulla
1200,1,1,Colombo,2,1,9500000.0,Colombo,1.0,Colombo 2
2572,6,3,Colombo,41,3,45000000.0,Colombo,6.8,Dehiwala
1700,3,2,Colombo,21,2,14500000.0,Colombo,10.0,Piliyandala
3100,4,3,Gampaha,6,2,26500000.0,Gampaha,10.5,Negombo
2500,4,2,Colombo,40,2,19500000.0,Colombo,6.5,Rajagiriya
1600,3,2,Gampaha,39,2,19000000.0,Gampaha,10.0,Negombo
1600,3,2,Gampaha,15,2,18000000.0,Gampaha,11.5,Negombo
2200,4,2,Colombo,27,2,17000000.0,Colombo,7.5,Kottawa
3500,5,2,Kalutara,47,2,30000000.0,Kalutara,480.0,Horana
2600,4,3,Colombo,9,2,19000000.0,Colombo,18.2,Athurugiriya
2500,4,1,Colombo,4,2,16000000.0,Colombo,10.4,Pannipitiya
815,2,2,Colombo,35,1,7800000.0,Colombo,3.0,Angoda
2800,4,4,Colombo,25,2,27500000.0,Colombo,11.5,Malabe
5200,5,3,Gampaha,24,2,45000000.0,Gampaha,43.0,Kiribathgoda
2100,3,3,Gampaha,15,2,9500000.0,Gampaha,15.8,Minuwangoda
3400,4,3,Colombo,9,2,47500000.0,Colombo,10.0,Talawatugoda
1500,4,2,Colombo,37,2,14500000.0,Colombo,26.0,Kaduwela
7000,5,3,Colombo,46,2,53500000.0,Colombo,21.0,Homagama
1800,2,1,Colombo,47,1,14000000.0,Colombo,10.0,Homagama
2200,4,4,Colombo,44,2,23000000.0,Colombo,7.0,Malabe
1550,3,2,Gampaha,9,2,17000000.0,Gampaha,11.0,Negombo
2400,4,3,Colombo,19,2,24800000.0,Colombo,6.0,Piliyandala
3500,6,4,Colombo,22,3,25000000.0,Colombo,20.0,Piliyandala
1600,3,2,Gampaha,13,2,19000000.0,Gampaha,10.0,Negombo
2700,6,4,Colombo,47,3,30000000.0,Colombo,16.4,Moratuwa
2300,4,4,Colombo,32,2,21500000.0,Colombo,9.5,Piliyandala
1800,3,3,Colombo,6,2,23500000.0,Colombo,8.0,Piliyandala
2800,5,7,Colombo,8,2,64000000.0,Colombo,17.5,Talawatugoda
2000,3,2,Colombo,40,2,21500000.0,Colombo,9.5,Piliyandala
1200,3,2,Colombo,49,2,18500000.0,Colombo,10.0,Piliyandala
4500,5,4,Colombo,16,2,115000000.0,Colombo,22.0,Talawatugoda
3000,4,4,Colombo,23,2,60000000.0,Colombo,15.0,Talawatugoda
2500,4,5,Colombo,17,2,25500000.0,Colombo,7.0,Piliyandala
2850,4,3,Colombo,27,2,49500000.0,Colombo,10.12,Malabe
3250,5,3,Colombo,17,2,23500000.0,Colombo,7.0,Piliyandala
2000,4,3,Colombo,44,2,19500000.0,Colombo,6.5,Piliyandala
1350,3,2,Colombo,3,2,14000000.0,Colombo,10.0,Athurugiriya
3700,5,4,Colombo,8,2,30500000.0,Colombo,8.0,Piliyandala
1500,3,3,Colombo,43,2,18500000.0,Colombo,7.5,Malabe
2900,4,4,Colombo,24,2,29500000.0,Colombo,6.5,Malabe
2800,5,2,Gampaha,31,2,16800000.0,Gampaha,8.0,Ragama
1600,3,2,Gampaha,34,2,19000000.0,Gampaha,10.0,Negombo
2500,4,2,Colombo,6,2,24900000.0,Colombo,34.0,Athurugiriya
1820,3,2,Colombo,37,2,13800000.0,Colombo,10.0,Homagama
1610,3,2,Gampaha,1,2,19000000.0,Gampaha,10.0,Negombo
3800,5,4,Colombo,45,2,45000000.0,Colombo,11.0,Talawatugoda
4500,4,4,Colombo,42,2,100000000.0,Colombo,10.0,Kotte
4200,4,4,Colombo,22,2,33000000.0,Colombo,10.0,Piliyandala
1500,3,1,Colombo,50,2,9500000.0,Colombo,10.0,Homagama
1900,3,1,Colombo,8,2,90000000.0,Colombo,10.5,Padukka
1610,3,2,Gampaha,23,2,18000000.0,Gampaha,11.5,Negombo
3000,4,4,Colombo,38,2,60000000.0,Colombo,15.0,Talawatugoda
3800,5,5,Colombo,6,2,37500000.0,Colombo,10.0,Talawatugoda
1200,2,1,Kurunegala,4,1,5500000.0,Kurunegala,63.0,Kuliyapitiya
1220,4,2,Colombo,42,2,20500000.0,Colombo,8.0,Kotte
4000,5,5,Colombo,45,2,42500000.0,Colombo,10.0,Talawatugoda
1200,3,2,Colombo,9,2,47000000.0,Colombo,10.5,Mount Lavinia
3000,4,4,Colombo,9,2,60000000.0,Colombo,15.0,Talawatugoda
4000,5,3,Colombo,3,2,65000000.0,Colombo,10.0,Battaramulla
2000,3,1,Kalutara,15,2,4500000.0,Kalutara,17.0,Horana
1000,3,1,Colombo,2,2,16800000.0,Colombo,15.5,Moratuwa
2500,3,2,Colombo,12,2,35000000.0,Colombo,20.0,Talawatugoda
2500,5,4,Colombo,19,2,25500000.0,Colombo,10.5,Malabe
3600,4,4,Colombo,9,2,36000000.0,Colombo,7.8,Malabe
1600,3,2,Gampaha,7,2,18000000.0,Gampaha,11.5,Negombo
2500,4,4,Colombo,45,2,27000000.0,Colombo,7.08,Pannipitiya
2425,6,3,Colombo,3,3,58000000.0,Colombo,9.5,Kohuwala
3200,4,3,Colombo,19,2,45000000.0,Colombo,10.0,Malabe
2800,4,3,Colombo,44,2,26500000.0,Colombo,6.5,Malabe
4000,4,4,Colombo,2,2,49500000.0,Colombo,10.0,Talawatugoda
4000,5,4,Colombo,9,2,65000000.0,Colombo,12.5,Malabe
2200,3,3,Colombo,30,2,25000000.0,Colombo,10.0,Athurugiriya
3200,4,4,Colombo,6,2,36000000.0,Colombo,10.0,Malabe
4000,4,4,Colombo,47,2,49500000.0,Colombo,10.0,Talawatugoda
3500,4,4,Colombo,13,2,60000000.0,Colombo,13.0,Kotte
3200,4,4,Colombo,14,2,95000000.0,Colombo,10.0,Kotte
4900,4,4,Colombo,2,2,75000000.0,Colombo,16.0,Kotte
2800,4,4,Colombo,9,2,27500000.0,Colombo,11.5,Malabe
1400,3,3,Gampaha,6,2,20650000.0,Gampaha,6.0,Wattala
1500,3,2,Colombo,42,2,16500000.0,Colombo,7.5,Athurugiriya
700,2,1,Colombo,13,1,8500000.0,Colombo,3.0,Athurugiriya
2400,4,4,Colombo,9,2,18500000.0,Colombo,7.0,Piliyandala
4163,4,4,Colombo,47,2,35000000.0,Colombo,10.0,Maharagama
3000,4,4,Colombo,21,2,33000000.0,Colombo,8.0,Kottawa
2250,4,2,Colombo,2,2,15000000.0,Colombo,7.2,Homagama
3100,4,3,Gampaha,35,2,26500000.0,Gampaha,10.5,Negombo
4000,4,3,Colombo,9,2,29500000.0,Colombo,8.0,Kottawa
3000,5,4,Colombo,20,2,75000000.0,Colombo,9.15,Battaramulla
3300,4,2,Colombo,1,2,55000000.0,Colombo,11.0,Battaramulla
4000,5,3,Colombo,5,2,65000000.0,Colombo,10.0,Battaramulla
4000,4,4,Colombo,21,2,49500000.0,Colombo,10.0,Talawatugoda
1500,4,6,Colombo,18,2,21000000.0,Colombo,10.0,Moratuwa
3300,4,4,Colombo,25,2,55000000.0,Colombo,11.0,Battaramulla
5500,4,4,Colombo,27,2,85000000.0,Colombo,12.0,Battaramulla
2865,4,3,Colombo,6,2,36000000.0,Colombo,8.0,Malabe
3350,5,4,Colombo,16,2,96000000.0,Colombo,13.5,Battaramulla
5500,4,2,Gampaha,3,2,39500000.0,Gampaha,55.0,Katunayake
4811,5,5,Colombo,3,2,46500000.0,Colombo,28.0,Piliyandala
3150,4,3,Gampaha,2,2,26500000.0,Gampaha,10.5,Negombo
4000,4,4,Colombo,20,2,38000000.0,Colombo,8.5,Nugegoda
2800,5,3,Colombo,6,2,28500000.0,Colombo,10.2,Homagama
3236,6,4,Colombo,50,3,65000000.0,Colombo,19.1,Kotte
1610,3,2,Gampaha,1,2,18000000.0,Gampaha,11.5,Negombo
900,3,1,Kegalle,23,2,7000000.0,Kegalle,40.0,Warakapola
2900,7,4,Colombo,38,4,35000000.0,Colombo,10.0,Malabe
1600,3,2,Gampaha,29,2,18000000.0,Gampaha,11.5,Negombo
1620,3,3,Kegalle,5,2,40000000.0,Kegalle,24.0,Kegalle City
1600,3,2,Gampaha,18,2,19000000.0,Gampaha,10.0,Negombo
900,2,2,Colombo,15,1,9500000.0,Colombo,13.2,Padukka
3517,5,3,Colombo,50,2,22500000.0,Colombo,10.0,Piliyandala
4500,4,3,Colombo,46,2,45000000.0,Colombo,12.0,Kottawa
1610,3,2,Gampaha,3,2,19000000.0,Gampaha,10.0,Negombo
1500,4,2,Colombo,12,2,7000000.0,Colombo,10.0,Malabe
1610,3,2,Gampaha,3,2,18000000.0,Gampaha,11.5,Negombo
1200,3,1,Gampaha,10,2,12500000.0,Gampaha,5.6,Wattala
1400,3,2,Colombo,9,2,74000000.0,Colombo,8.7,Colombo 6
3250,4,3,Colombo,20,2,26000000.0,Colombo,9.0,Piliyandala
1800,3,1,Colombo,16,2,11500000.0,Colombo,12.0,Kottawa
2600,4,4,Colombo,12,2,27000000.0,Colombo,8.5,Kottawa
2100,3,2,Gampaha,1,2,8500000.0,Gampaha,17.7,Kadawatha
1710,3,2,Colombo,2,2,15900000.0,Colombo,10.0,Homagama
3100,4,4,Colombo,8,2,37500000.0,Colombo,11.0,Kottawa
1220,3,1,Colombo,9,2,6900000.0,Colombo,12.0,Piliyandala
1200,3,1,Colombo,36,2,13200000.0,Colombo,10.0,Homagama
2600,4,4,Colombo,6,2,29000000.0,Colombo,10.0,Malabe
1390,3,3,Colombo,1,2,14000000.0,Colombo,9.0,Athurugiriya
2800,4,4,Colombo,25,2,28000000.0,Colombo,10.0,Malabe
1600,3,2,Gampaha,22,2,19000000.0,Gampaha,10.0,Negombo
2600,4,2,Puttalam,4,2,33000000.0,Puttalam,10.0,Wennappuwa
7000,3,3,Colombo,15,2,62000000.0,Colombo,13.75,Dehiwala
1500,4,2,Colombo,3,2,25000000.0,Colombo,11.0,Colombo 15
1000,2,1,Kalutara,8,1,8000000.0,Kalutara,10.0,Horana
1900,4,3,Colombo,1,2,19000000.0,Colombo,11.4,Malabe
3500,4,4,Colombo,47,2,85000000.0,Colombo,16.0,Battaramulla
2500,3,3,Colombo,3,2,21500000.0,Colombo,6.2,Piliyandala
2200,4,3,Colombo,47,2,22000000.0,Colombo,6.3,Malabe
2200,4,4,Colombo,25,2,26500000.0,Colombo,6.5,Malabe
3000,4,3,Colombo,9,2,110000000.0,Colombo,50.2,Talawatugoda
3000,4,4,Colombo,19,2,53000000.0,Colombo,16.0,Talawatugoda
1610,3,2,Gampaha,9,2,18000000.0,Gampaha,11.5,Negombo
1610,3,2,Gampaha,31,2,19000000.0,Gampaha,10.0,Negombo
2110,4,1,Colombo,8,2,13000000.0,Colombo,12.64,Kottawa
1600,3,2,Gampaha,38,2,18000000.0,Gampaha,11.5,Negombo
1500,3,2,Colombo,10,2,16000000.0,Colombo,23.0,Kaduwela
1600,3,2,Gampaha,6,2,19000000.0,Gampaha,7.5,Negombo
1500,4,2,Gampaha,23,2,25000000.0,Gampaha,11.1,Wattala
4000,4,4,Colombo,24,2,49500000.0,Colombo,10.0,Talawatugoda
2000,3,3,Colombo,1,2,19800000.0,Colombo,6.5,Athurugiriya
4000,5,3,Colombo,44,2,175000000.0,Colombo,26.0,Colombo 8
2600,6,2,Colombo,11,3,15000000.0,Colombo,11.5,Homagama
2500,4,2,Gampaha,9,2,33500000.0,Gampaha,17.0,Kadawatha
2067,5,4,Colombo,9,2,22000000.0,Colombo,6.0,Athurugiriya
2200,4,4,Colombo,24,2,23000000.0,Colombo,7.0,Athurugiriya
1250,3,2,Colombo,33,2,16500000.0,Colombo,7.5,Malabe
1000,2,1,Gampaha,20,1,8500000.0,Gampaha,6.5,Ragama
2000,4,4,Colombo,14,2,24000000.0,Colombo,7.0,Malabe
2000,4,2,Gampaha,13,2,26000000.0,Gampaha,48.0,Negombo
3150,4,3,Gampaha,50,2,26500000.0,Gampaha,10.5,Negombo
1610,3,2,Gampaha,1,2,18000000.0,Gampaha,11.5,Negombo
1000,2,1,Gampaha,15,1,8500000.0,Gampaha,6.5,Wattala
2500,7,3,Gampaha,4,4,18500000.0,Gampaha,42.0,Kelaniya
1300,3,2,Colombo,6,2,11500000.0,Colombo,10.0,Homagama
1300,4,1,Colombo,20,2,5200000.0,Colombo,10.0,Piliyandala
2400,4,3,Colombo,6,2,25500000.0,Colombo,6.0,Piliyandala
2900,4,4,Colombo,4,2,36000000.0,Colombo,8.5,Piliyandala
600,2,1,Trincomalee,5,1,3500000.0,Trincomalee,7.0,Trincomalee City
3000,6,4,Colombo,16,3,48500000.0,Colombo,14.0,Piliyandala
1700,4,3,Colombo,5,2,18000000.0,Colombo,6.08,Kottawa
3100,4,3,Gampaha,22,2,26500000.0,Gampaha,10.5,Negombo
1200,3,1,Colombo,40,2,5500000.0,Colombo,15.0,Homagama
1600,3,2,Gampaha,4,2,18000000.0,Gampaha,11.5,Negombo
1600,3,2,Gampaha,39,2,19000000.0,Gampaha,10.0,Negombo
1812,3,2,Gampaha,3,2,8400000.0,Gampaha,15.5,Gampaha City
1200,3,1,Gampaha,1,2,6100000.0,Gampaha,12.0,Ganemulla
2841,4,4,Colombo,13,2,25500000.0,Colombo,7.0,Piliyandala
4720,5,5,Colombo,13,2,39000000.0,Colombo,13.8,Piliyandala
2000,5,2,Gampaha,4,2,17500000.0,Gampaha,7.0,Negombo
2750,4,3,Colombo,43,2,24800000.0,Colombo,6.0,Piliyandala
1350,2,1,Gampaha,21,1,15000000.0,Gampaha,10.5,Negombo
1610,3,2,Gampaha,44,2,18000000.0,Gampaha,11.5,Negombo
1610,3,2,Gampaha,1,2,19000000.0,Gampaha,10.0,Negombo
2874,5,4,Colombo,45,2,29000000.0,Colombo,7.0,Piliyandala
2896,4,4,Colombo,31,2,27000000.0,Colombo,19.0,Piliyandala
3014,4,4,Colombo,9,2,30500000.0,Colombo,8.5,Piliyandala
2895,4,4,Colombo,16,2,27000000.0,Colombo,7.0,Piliyandala
3147,4,4,Colombo,18,2,38000000.0,Colombo,8.5,Piliyandala
2874,3,3,Colombo,3,2,23000000.0,Colombo,7.0,Piliyandala
3142,5,4,Colombo,20,2,40000000.0,Colombo,10.0,Piliyandala
4000,4,3,Colombo,40,2,47500000.0,Colombo,8.0,Nugegoda
2874,4,4,Colombo,2,2,26000000.0,Colombo,7.0,Piliyandala
3485,5,4,Colombo,36,2,33500000.0,Colombo,16.0,Piliyandala
2874,4,4,Colombo,40,2,25500000.0,Colombo,7.5,Piliyandala
2854,4,4,Colombo,25,2,24800000.0,Colombo,6.0,Piliyandala
2874,3,3,Colombo,48,2,21500000.0,Colombo,9.5,Piliyandala
2896,4,4,Colombo,22,2,25500000.0,Colombo,7.5,Piliyandala
3145,4,4,Colombo,31,2,33000000.0,Colombo,10.0,Piliyandala
1874,3,3,Colombo,34,2,18500000.0,Colombo,11.0,Piliyandala
1587,3,3,Colombo,49,2,18500000.0,Colombo,8.0,Piliyandala
3014,5,3,Colombo,3,2,22500000.0,Colombo,8.0,Piliyandala
2471,4,4,Colombo,23,2,21500000.0,Colombo,9.0,Piliyandala
2985,4,4,Colombo,2,2,31000000.0,Colombo,8.0,Piliyandala
1875,3,2,Colombo,4,2,16500000.0,Colombo,6.5,Piliyandala
1452,3,2,Colombo,24,2,150000000.0,Colombo,7.5,Piliyandala
1875,3,3,Colombo,30,2,21500000.0,Colombo,10.0,Piliyandala
1752,3,3,Colombo,7,2,18500000.0,Colombo,11.0,Piliyandala
1542,3,3,Colombo,15,2,14000000.0,Colombo,8.0,Piliyandala
2451,3,3,Colombo,20,2,21500000.0,Colombo,7.0,Piliyandala
2100,4,3,Colombo,14,2,18500000.0,Colombo,6.5,Piliyandala
3200,6,3,Gampaha,37,3,28500000.0,Gampaha,33.0,Gampaha City
3500,5,3,Gampaha,43,2,34500000.0,Gampaha,10.0,Gampaha City
1600,3,3,Gampaha,5,2,17000000.0,Gampaha,211.0,Nittambuwa
1645,5,4,Colombo,14,2,47000000.0,Colombo,19.81,Maharagama
4500,5,5,Colombo,2,2,28500000.0,Colombo,10.0,Kesbewa
2550,4,3,Colombo,2,2,29500000.0,Colombo,10.0,Athurugiriya
3900,4,3,Colombo,46,2,129800000.0,Colombo,22.2,Colombo 8
2500,4,2,Gampaha,14,2,13000000.0,Gampaha,32.0,Gampaha City
3600,5,4,Colombo,49,2,29000000.0,Colombo,7.5,Malabe
1120,2,1,Colombo,21,1,12870000.0,Colombo,6.0,Rajagiriya
700,3,1,Kandy,11,2,5400000.0,Kandy,3.0,Gampola
3600,5,4,Colombo,17,2,33500000.0,Colombo,16.0,Kottawa
2500,4,3,Colombo,50,2,26000000.0,Colombo,8.5,Piliyandala
3250,4,3,Colombo,13,2,30500000.0,Colombo,7.5,Piliyandala
3500,6,4,Colombo,41,3,65000000.0,Colombo,19.1,Kotte
1800,3,2,Colombo,8,2,12500000.0,Colombo,8.8,Piliyandala
3000,5,4,Colombo,44,2,40000000.0,Colombo,10.0,Piliyandala
2400,4,3,Colombo,42,2,25500000.0,Colombo,6.0,Piliyandala
3000,6,4,Colombo,17,3,48500000.0,Colombo,14.0,Piliyandala
2200,4,3,Colombo,10,2,26000000.0,Colombo,7.0,Piliyandala
2900,4,4,Colombo,27,2,36000000.0,Colombo,8.5,Piliyandala
3850,4,4,Colombo,2,2,33000000.0,Colombo,10.0,Piliyandala
2000,4,4,Colombo,47,2,23500000.0,Colombo,6.0,Malabe
2600,4,2,Colombo,4,2,15000000.0,Colombo,18.0,Meegoda
1600,3,2,Gampaha,14,2,19000000.0,Gampaha,10.0,Negombo
2000,4,3,Colombo,11,2,85000000.0,Colombo,6.0,Colombo 4
4200,4,3,Colombo,4,2,100000000.0,Colombo,22.5,Kotte
3200,4,4,Colombo,23,2,36000000.0,Colombo,10.0,Malabe
1600,3,2,Gampaha,14,2,19000000.0,Gampaha,10.0,Negombo
1200,3,1,Gampaha,11,2,6100000.0,Gampaha,12.0,Ganemulla
1600,3,2,Gampaha,27,2,19000000.0,Gampaha,10.0,Negombo
3500,4,3,Gampaha,44,2,26500000.0,Gampaha,10.0,Negombo
2200,5,2,Colombo,6,2,37500000.0,Colombo,10.0,Talawatugoda
950,2,2,Colombo,8,1,9500000.0,Colombo,3.5,Wellampitiya
3800,4,3,Colombo,9,2,55000000.0,Colombo,12.2,Battaramulla
1600,3,2,Gampaha,11,2,19000000.0,Gampaha,10.0,Negombo
4000,4,4,Colombo,4,2,95000000.0,Colombo,10.0,Battaramulla
1600,3,2,Gampaha,11,2,18000000.0,Gampaha,11.5,Negombo
1900,3,1,Colombo,3,2,18000000.0,Colombo,15.0,Boralesgamuwa
9500,8,7,Colombo,10,4,180000000.0,Colombo,24.0,Battaramulla
1350,5,2,Colombo,13,2,13000000.0,Colombo,10.0,Piliyandala
1600,2,1,Gampaha,11,1,7500000.0,Gampaha,12.1,Kadawatha
1300,2,3,Colombo,41,1,12500000.0,Colombo,7.7,Kottawa
4000,5,4,Colombo,13,2,65000000.0,Colombo,10.0,Talawatugoda
2000,4,3,Colombo,47,2,35000000.0,Colombo,9.5,Battaramulla
2500,3,2,Colombo,28,2,36000000.0,Colombo,6.0,Dehiwala
4000,5,4,Colombo,33,2,65000000.0,Colombo,10.0,Malabe
2500,4,3,Colombo,2,2,105000000.0,Colombo,21.62,Colombo 8
2000,4,1,Galle,39,2,5800000.0,Galle,10.0,Ambalangoda
8000,5,5,Colombo,8,2,165000000.0,Colombo,18.0,Kotte
2000,6,4,Colombo,12,3,18000000.0,Colombo,10.0,Wellampitiya
2500,4,3,Colombo,5,2,22500000.0,Colombo,4.0,Colombo 9
1500,2,2,Colombo,16,1,8000000.0,Colombo,3.4,Wellampitiya
800,2,1,Colombo,44,1,4000000.0,Colombo,4.0,Wellampitiya
1500,2,2,Colombo,46,1,13000000.0,Colombo,12.4,Kottawa
1610,3,2,Gampaha,10,2,19000000.0,Gampaha,10.0,Negombo
3000,5,4,Colombo,24,2,60000000.0,Colombo,13.0,Talawatugoda
2860,6,6,Gampaha,1,3,35000000.0,Gampaha,10.5,Kiribathgoda
2680,4,4,Colombo,44,2,27000000.0,Colombo,11.0,Kottawa
850,4,2,Galle,9,2,20000000.0,Galle,11.0,Galle City
1400,3,1,Anuradhapura,18,2,6000000.0,Anuradhapura,80.0,Eppawala
3500,4,3,Colombo,43,2,200000000.0,Colombo,12.37,Colombo 7
3150,4,3,Gampaha,5,2,26500000.0,Gampaha,10.5,Negombo
3750,4,4,Colombo,21,2,41000000.0,Colombo,8.0,Moratuwa
2900,3,2,Gampaha,29,2,23500000.0,Gampaha,15.0,Gampaha City
3500,5,4,Colombo,33,2,50000000.0,Colombo,7.0,Nugegoda
4500,4,4,Colombo,36,2,95000000.0,Colombo,10.0,Kotte
1400,3,3,Colombo,6,2,15000000.0,Colombo,10.0,Athurugiriya
6000,5,5,Colombo,9,2,150000000.0,Colombo,18.13,Kotte
1300,2,1,Colombo,19,1,13500000.0,Colombo,8.6,Rajagiriya
1750,3,2,Kandy,23,2,12000000.0,Kandy,25.0,Peradeniya
1610,3,2,Gampaha,5,2,18000000.0,Gampaha,11.5,Negombo
1610,3,2,Gampaha,26,2,19000000.0,Gampaha,10.0,Negombo
1500,2,1,Kalutara,5,1,8000000.0,Kalutara,8.0,Horana
9000,3,3,Colombo,50,2,24000000.0,Colombo,10.0,Malabe
2750,3,4,Gampaha,4,2,32000000.0,Gampaha,7.3,Wattala
1400,2,1,Gampaha,5,1,9800000.0,Gampaha,7.5,Negombo
1600,3,2,Gampaha,7,2,18000000.0,Gampaha,11.5,Negombo
1450,4,1,Colombo,25,2,34000000.0,Colombo,15.8,Talawatugoda
4500,4,4,Colombo,49,2,95000000.0,Colombo,10.0,Kotte
3800,7,4,Colombo,2,4,27000000.0,Colombo,10.0,Malabe
2300,4,3,Colombo,23,2,19500000.0,Colombo,10.65,Malabe
1425,3,1,Gampaha,10,2,9900000.0,Gampaha,10.0,Negombo
3500,4,3,Gampaha,24,2,26500000.0,Gampaha,10.0,Negombo
5100,5,2,Colombo,11,2,25000000.0,Colombo,20.0,Pannipitiya
3500,4,5,Colombo,5,2,33500000.0,Colombo,8.0,Malabe
2600,4,4,Colombo,17,2,23000000.0,Colombo,7.0,Malabe
2500,4,3,Colombo,1,2,21000000.0,Colombo,8.0,Pannipitiya
6000,8,4,Colombo,13,4,32000000.0,Colombo,9.5,Malabe
1400,3,2,Gampaha,25,2,9900000.0,Gampaha,10.0,Negombo
2150,3,3,Colombo,12,2,22000000.0,Colombo,6.7,Pannipitiya
4000,6,3,Gampaha,5,3,35000000.0,Gampaha,19.9,Wattala
5800,4,4,Colombo,14,2,45000000.0,Colombo,20.0,Homagama
2400,5,2,Colombo,50,2,27500000.0,Colombo,11.2,Maharagama
1610,3,2,Gampaha,12,2,18000000.0,Gampaha,11.5,Negombo
4000,4,3,Colombo,23,2,30000000.0,Colombo,13.5,Homagama
3000,7,3,Colombo,50,4,32000000.0,Colombo,16.0,Homagama
1600,3,2,Gampaha,19,2,18000000.0,Gampaha,11.5,Negombo
1400,3,1,Colombo,1,2,12500000.0,Colombo,20.0,Homagama
3600,5,4,Colombo,47,2,28000000.0,Colombo,10.0,Homagama
1610,3,2,Gampaha,10,2,19000000.0,Gampaha,10.0,Negombo
2750,4,3,Colombo,49,2,70000000.0,Colombo,14.0,Ratmalana
1425,3,1,Gampaha,10,2,9900000.0,Gampaha,10.0,Negombo
1600,3,2,Gampaha,3,2,19000000.0,Gampaha,10.0,Negombo
3100,4,3,Gampaha,23,2,265000004.0,Gampaha,10.5,Negombo
1400,3,2,Colombo,39,2,17500000.0,Colombo,9.0,Kaduwela
3800,5,4,Colombo,20,2,45000000.0,Colombo,11.0,Talawatugoda
4000,4,4,Colombo,33,2,60000000.0,Colombo,15.0,Talawatugoda
1600,3,2,Gampaha,2,2,19000000.0,Gampaha,10.0,Negombo
700,2,1,Gampaha,37,1,3200000.0,Gampaha,1.9,Kelaniya
2800,4,3,Colombo,47,2,26500000.0,Colombo,6.5,Malabe
1350,3,1,Gampaha,17,2,9900000.0,Gampaha,10.0,Negombo
2000,4,4,Colombo,40,2,24000000.0,Colombo,7.0,Malabe
4000,5,4,Colombo,6,2,65000000.0,Colombo,12.5,Malabe
1500,3,2,Gampaha,13,2,13500000.0,Gampaha,10.0,Negombo
1600,3,2,Gampaha,40,2,19000000.0,Gampaha,10.0,Negombo
1700,3,1,Gampaha,3,2,7800000.0,Gampaha,15.0,Delgoda
4000,4,3,Colombo,38,2,47500000.0,Colombo,8.2,Nugegoda
1250,5,2,Colombo,3,2,13000000.0,Colombo,10.0,Kottawa
4000,5,4,Colombo,43,2,75000000.0,Colombo,14.0,Battaramulla
2500,5,3,Colombo,44,2,25000000.0,Colombo,8.2,Kottawa
2800,4,4,Colombo,48,2,28000000.0,Colombo,10.0,Malabe
1500,2,1,Colombo,1,1,45000000.0,Colombo,5.5,Kolonnawa
1100,2,1,Colombo,11,1,6900000.0,Colombo,7.0,Kesbewa
3100,4,3,Gampaha,2,2,26500000.0,Gampaha,10.5,Negombo
3000,4,4,Colombo,45,2,33000000.0,Colombo,8.0,Kottawa
1600,3,2,Gampaha,37,2,19000000.0,Gampaha,10.0,Negombo
1610,3,2,Gampaha,24,2,19000000.0,Gampaha,10.0,Negombo
1500,2,2,Colombo,6,1,18000000.0,Colombo,6.8,Athurugiriya
1900,3,2,Colombo,7,2,19000000.0,Colombo,11.4,Malabe
4012,5,3,Colombo,47,2,120000000.0,Colombo,45.0,Battaramulla
1250,2,1,Gampaha,30,1,8000000.0,Gampaha,10.0,Minuwangoda
2000,4,1,Matara,3,2,18500000.0,Matara,10.0,Akuressa
700,1,1,Gampaha,25,1,3600000.0,Gampaha,10.0,Ganemulla
4500,4,4,Colombo,43,2,250000000.0,Colombo,9.9,Colombo 3
1350,2,1,Gampaha,4,1,23500000.0,Gampaha,29.0,Negombo
1250,2,1,Colombo,46,1,12000000.0,Colombo,5.0,Mount Lavinia
1950,3,2,Gampaha,25,2,27000000.0,Gampaha,12.0,Negombo
2000,3,2,Gampaha,43,2,28500000.0,Gampaha,6.0,Wattala
4200,5,5,Colombo,14,2,42500000.0,Colombo,10.0,Talawatugoda
2800,3,2,Gampaha,6,2,21000000.0,Gampaha,7.14,Wattala
1250,3,2,Colombo,11,2,16500000.0,Colombo,7.5,Malabe
2500,3,2,Colombo,4,2,13000000.0,Colombo,10.0,Piliyandala
3150,4,3,Gampaha,2,2,26500000.0,Gampaha,10.5,Negombo
2551,5,3,Gampaha,20,2,30000000.0,Gampaha,15.0,Kandana
2751,4,3,Gampaha,31,2,29500000.0,Gampaha,14.5,Kandana
4500,4,4,Colombo,26,2,100000000.0,Colombo,10.0,Kotte
1100,3,1,Gampaha,7,2,12500000.0,Gampaha,11.75,Kandana
2000,4,2,Gampaha,9,2,35000000.0,Gampaha,10.0,Kandana
2300,5,2,Gampaha,3,2,35000000.0,Gampaha,10.0,Kandana
1500,3,2,Gampaha,35,2,15000000.0,Gampaha,22.0,Negombo
3000,3,3,Gampaha,5,2,31000000.0,Gampaha,30.0,Kandana
4500,4,4,Colombo,26,2,52000000.0,Colombo,10.0,Talawatugoda
4100,4,2,Gampaha,15,2,22500000.0,Gampaha,15.5,Kadawatha
3000,4,3,Gampaha,10,2,29500000.0,Gampaha,8.0,Kandana
2000,4,1,Galle,8,2,7500000.0,Galle,32.8,Galle City
3450,4,2,Gampaha,32,2,23500000.0,Gampaha,12.5,Kadawatha
1520,4,2,Colombo,13,2,11000000.0,Colombo,18.5,Piliyandala
2400,4,4,Colombo,40,2,19500000.0,Colombo,7.0,Piliyandala
2200,4,2,Gampaha,9,2,35000000.0,Gampaha,15.5,Kadawatha
1350,3,2,Gampaha,9,2,12000000.0,Gampaha,6.87,Kadawatha
2800,3,3,Gampaha,9,2,21000000.0,Gampaha,10.0,Kadawatha
2000,4,2,Colombo,29,2,25500000.0,Colombo,21.8,Piliyandala
3842,4,3,Gampaha,12,2,40000000.0,Gampaha,10.0,Kadawatha
1700,3,2,Colombo,44,2,50000000.0,Colombo,17.5,Rajagiriya
1610,3,2,Gampaha,36,2,19000000.0,Gampaha,10.0,Negombo
1600,3,2,Gampaha,6,2,19000000.0,Gampaha,10.0,Negombo
2500,4,3,Colombo,49,2,25000000.0,Colombo,6.1,Kottawa
2000,5,4,Colombo,14,2,105000000.0,Colombo,8.0,Colombo 5
3200,5,2,Gampaha,4,2,29800000.0,Gampaha,48.5,Ja-Ela
1580,3,2,Gampaha,22,2,17000000.0,Gampaha,11.0,Negombo
1410,4,2,Gampaha,3,2,17800000.0,Gampaha,10.0,Ja-Ela
3000,4,2,Gampaha,45,2,27000000.0,Gampaha,10.0,Ja-Ela
1100,2,1,Gampaha,13,1,3800000.0,Gampaha,8.0,Mirigama
4000,4,2,Gampaha,33,2,26000000.0,Gampaha,10.5,Ja-Ela
3500,4,3,Kandy,2,2,55000000.0,Kandy,20.0,Digana
1500,4,1,Gampaha,4,2,15000000.0,Gampaha,15.0,Kadawatha
3000,5,2,Gampaha,9,2,49800000.0,Gampaha,27.0,Gampaha City
3500,3,2,Badulla,2,2,21000000.0,Badulla,16.5,Bandarawela
1610,3,2,Gampaha,38,2,18000000.0,Gampaha,11.5,Negombo
2000,4,3,Colombo,16,2,19500000.0,Colombo,6.5,Piliyandala
2000,3,1,Colombo,23,2,14800000.0,Colombo,6.8,Malabe
4000,4,3,Colombo,1,2,28000000.0,Colombo,15.0,Homagama
3000,4,3,Colombo,3,2,29500000.0,Colombo,12.0,Kottawa
3600,6,4,Colombo,30,3,33500000.0,Colombo,16.2,Kottawa
2400,4,3,Colombo,6,2,27000000.0,Colombo,7.0,Kottawa
2300,6,2,Matara,1,3,14000000.0,Matara,10.0,Kamburugamuwa
2150,4,3,Colombo,32,2,27000000.0,Colombo,12.0,Maharagama
2500,4,2,Colombo,30,2,36000000.0,Colombo,7.0,Maharagama
3300,6,4,Colombo,48,3,45000000.0,Colombo,10.0,Maharagama
4000,4,4,Colombo,15,2,120000000.0,Colombo,92.0,Maharagama
1500,4,3,Colombo,40,2,9000000.0,Colombo,32.0,Homagama
2000,3,2,Colombo,30,2,16000000.0,Colombo,6.0,Pannipitiya
2400,4,3,Colombo,9,2,24800000.0,Colombo,6.0,Piliyandala
3000,4,4,Colombo,50,2,27500000.0,Colombo,7.5,Piliyandala
3500,6,4,Colombo,36,3,25000000.0,Colombo,20.0,Piliyandala
800,2,1,Galle,1,1,5000000.0,Galle,22.0,Galle City
2500,4,3,Gampaha,2,2,29500000.0,Gampaha,20.0,Negombo
2300,4,4,Colombo,2,2,21500000.0,Colombo,9.5,Piliyandala
2200,3,1,Colombo,33,2,15500000.0,Colombo,10.0,Pannipitiya
1610,3,2,Gampaha,15,2,19000000.0,Gampaha,10.0,Negombo
3150,4,3,Gampaha,4,2,26500000.0,Gampaha,10.5,Negombo
1200,3,2,Colombo,19,2,18500000.0,Colombo,10.0,Piliyandala
4500,4,3,Gampaha,2,2,47000000.0,Gampaha,14.7,Negombo
1500,3,2,Colombo,10,2,33000000.0,Colombo,6.0,Nugegoda
3250,5,3,Colombo,20,2,23500000.0,Colombo,7.0,Piliyandala
1600,3,2,Gampaha,10,2,19000000.0,Gampaha,10.0,Negombo
2000,3,2,Colombo,8,2,160000000.0,Colombo,13.75,Colombo 6
3700,5,4,Colombo,29,2,30500000.0,Colombo,8.0,Piliyandala
2500,4,5,Colombo,48,2,25500000.0,Colombo,7.0,Piliyandala
1500,4,2,Gampaha,3,2,14500000.0,Gampaha,12.7,Kiribathgoda
3850,4,4,Colombo,27,2,33000000.0,Colombo,10.0,Piliyandala
1350,2,1,Colombo,15,1,6000000.0,Colombo,10.25,Padukka
1300,4,1,Colombo,4,2,10500000.0,Colombo,12.0,Homagama
3500,4,3,Colombo,31,2,67500000.0,Colombo,11.5,Wellampitiya
3300,4,3,Kurunegala,6,2,350000000.0,Kurunegala,15.0,Kurunegala City
1200,2,1,Colombo,9,1,16500000.0,Colombo,7.0,Boralesgamuwa
2500,3,2,Colombo,40,2,19000000.0,Colombo,17.0,Athurugiriya
1610,3,2,Gampaha,4,2,19000000.0,Gampaha,10.0,Negombo
700,3,1,Galle,39,2,3200000.0,Galle,30.0,Elpitiya
2200,4,2,Kandy,24,2,9000000.0,Kandy,29.0,Peradeniya
2200,3,1,Galle,20,2,9800000.0,Galle,13.5,Elpitiya
3500,4,3,Gampaha,10,2,29500000.0,Gampaha,20.0,Negombo
2500,4,3,Gampaha,14,2,48000000.0,Gampaha,12.38,Kelaniya
1500,4,2,Gampaha,3,2,14500000.0,Gampaha,12.7,Wattala
1600,3,2,Gampaha,15,2,19000000.0,Gampaha,10.0,Negombo
1600,3,2,Gampaha,11,2,18000000.0,Gampaha,11.5,Negombo
800,2,2,Colombo,7,1,9500000.0,Colombo,4.0,Kolonnawa
1361,3,2,Colombo,8,2,11900000.0,Colombo,5.0,Kolonnawa
1200,3,2,Gampaha,48,2,13000000.0,Gampaha,11.0,Seeduwa
1400,3,2,Colombo,46,2,16500000.0,Colombo,6.0,Kolonnawa
3000,8,5,Colombo,19,4,195000000.0,Colombo,12.5,Colombo 3
910,1,1,Kalutara,3,1,7000000.0,Kalutara,12.68,Bandaragama
2900,4,4,Colombo,23,2,29500000.0,Colombo,6.5,Malabe
2000,5,4,Colombo,44,2,28000000.0,Colombo,7.5,Boralesgamuwa
1584,3,1,Colombo,8,2,9000000.0,Colombo,11.65,Piliyandala
1500,3,3,Colombo,40,2,18500000.0,Colombo,7.5,Malabe
1610,3,2,Gampaha,4,2,19000000.0,Gampaha,10.0,Negombo
1000,4,2,Kurunegala,5,2,4800000.0,Kurunegala,48.0,Hettipola
4600,5,4,Colombo,14,2,180000000.0,Colombo,8.5,Colombo 5
1610,3,2,Gampaha,4,2,18000000.0,Gampaha,11.5,Negombo
3452,4,4,Colombo,41,2,33000000.0,Colombo,10.0,Piliyandala
3412,5,4,Colombo,8,2,335000000.0,Colombo,16.0,Piliyandala
3452,5,5,Colombo,4,2,36700000.0,Colombo,11.5,Piliyandala
3412,4,4,Colombo,26,2,38000000.0,Colombo,8.5,Piliyandala
2865,4,4,Colombo,8,2,27000000.0,Colombo,7.0,Piliyandala
1585,3,3,Colombo,41,2,18500000.0,Colombo,8.0,Piliyandala
2874,4,4,Colombo,6,2,27500000.0,Colombo,8.0,Piliyandala
2875,4,4,Colombo,43,2,26000000.0,Colombo,7.0,Piliyandala
2874,4,4,Colombo,9,2,24800000.0,Colombo,6.0,Piliyandala
2985,5,4,Colombo,41,2,29000000.0,Colombo,7.0,Piliyandala
3500,7,7,Colombo,2,4,67000000.0,Colombo,12.0,Mount Lavinia
2745,3,3,Colombo,7,2,21500000.0,Colombo,7.0,Piliyandala
1542,3,2,Colombo,2,2,15000000.0,Colombo,7.5,Piliyandala
1942,3,2,Colombo,8,2,16500000.0,Colombo,6.5,Piliyandala
2745,4,4,Colombo,12,2,21500000.0,Colombo,9.0,Piliyandala
1652,3,3,Colombo,6,2,18500000.0,Colombo,11.0,Piliyandala
2474,4,3,Colombo,50,2,18500000.0,Colombo,6.5,Piliyandala
3102,4,4,Colombo,10,2,31000000.0,Colombo,7.5,Piliyandala
2874,3,3,Colombo,19,2,23000000.0,Colombo,7.0,Piliyandala
3102,4,5,Colombo,11,2,25500000.0,Colombo,7.5,Piliyandala
1600,3,2,Gampaha,4,2,19000000.0,Gampaha,10.0,Negombo
1600,3,2,Gampaha,12,2,18000000.0,Gampaha,11.5,Negombo
9500,8,7,Colombo,17,4,180000000.0,Colombo,24.0,Battaramulla
3000,3,1,Colombo,39,2,23500000.0,Colombo,10.0,Homagama
1600,2,1,Gampaha,2,1,4800000.0,Gampaha,18.82,Ganemulla
2019,3,3,Colombo,41,2,23000000.0,Colombo,13.5,Kottawa
3300,6,4,Colombo,42,3,44000000.0,Colombo,10.0,Maharagama
3500,4,4,Colombo,44,2,55000000.0,Colombo,7.7,Talawatugoda
3000,4,4,Colombo,31,2,60000000.0,Colombo,15.0,Talawatugoda
3500,4,4,Colombo,10,2,150000000.0,Colombo,20.9,Dehiwala
2178,3,2,Gampaha,11,2,15000000.0,Gampaha,8.0,Ja-Ela
2400,4,2,Gampaha,46,2,48000000.0,Gampaha,36.0,Ja-Ela
1550,3,2,Gampaha,20,2,17000000.0,Gampaha,11.0,Negombo
800,2,1,Colombo,20,1,4000000.0,Colombo,2.5,Colombo 15
4000,5,4,Colombo,33,2,35000000.0,Colombo,7.0,Malabe
1610,3,2,Gampaha,3,2,18000000.0,Gampaha,11.5,Negombo
1750,3,1,Kalutara,22,2,11000000.0,Kalutara,11.5,Panadura
1600,2,2,Gampaha,19,1,10000000.0,Gampaha,14.0,Negombo
1200,2,1,Gampaha,7,1,12000000.0,Gampaha,40.0,Negombo
4000,4,4,Colombo,11,2,49500000.0,Colombo,10.0,Talawatugoda
1600,3,2,Gampaha,17,2,19000000.0,Gampaha,10.0,Negombo
1500,3,2,Gampaha,38,2,13500000.0,Gampaha,10.0,Negombo
2850,4,3,Colombo,8,2,28000000.0,Colombo,6.5,Malabe
4000,4,4,Colombo,22,2,95000000.0,Colombo,10.0,Kotte
1600,3,2,Gampaha,1,2,19000000.0,Gampaha,10.0,Negombo
4500,5,4,Colombo,31,2,65000000.0,Colombo,10.0,Malabe
1600,3,2,Gampaha,28,2,18000000.0,Gampaha,11.5,Negombo
2200,4,2,Colombo,41,2,32000000.0,Colombo,10.3,Battaramulla
1610,3,2,Gampaha,46,2,19000000.0,Gampaha,10.0,Negombo
1356,3,1,Gampaha,6,2,7800000.0,Gampaha,18.75,Nittambuwa
2750,4,4,Gampaha,6,2,32000000.0,Gampaha,7.3,Wattala
4500,5,5,Colombo,3,2,82500000.0,Colombo,16.0,Talawatugoda
3750,4,4,Colombo,7,2,90000000.0,Colombo,7.4,Colombo 5
3500,5,2,Gampaha,16,2,25000000.0,Gampaha,12.3,Kelaniya
4000,4,4,Colombo,2,2,75000000.0,Colombo,16.0,Rajagiriya
1600,3,2,Gampaha,48,2,19000000.0,Gampaha,10.0,Negombo
3300,4,4,Colombo,6,2,50000000.0,Colombo,10.0,Talawatugoda
3000,4,3,Colombo,11,2,110000000.0,Colombo,50.0,Talawatugoda
2228,6,3,Colombo,8,3,42500000.0,Colombo,9.6,Maharagama
3300,4,2,Colombo,49,2,55000000.0,Colombo,11.0,Talawatugoda
4500,5,4,Colombo,36,2,115000000.0,Colombo,22.0,Talawatugoda
1400,6,7,Colombo,33,3,170000000.0,Colombo,24.0,Talawatugoda
3000,4,4,Colombo,18,2,33000000.0,Colombo,8.0,Kottawa
2800,5,2,Gampaha,5,2,31000000.0,Gampaha,28.0,Gampaha City
4500,5,4,Colombo,50,2,115000000.0,Colombo,22.0,Battaramulla
1404,4,6,Colombo,44,2,22000000.0,Colombo,10.0,Moratuwa
2800,4,3,Colombo,48,2,26500000.0,Colombo,6.5,Malabe
2560,5,4,Colombo,7,2,26000000.0,Colombo,9.5,Moratuwa
2000,3,2,Colombo,19,2,19000000.0,Colombo,10.5,Malabe
1000,3,1,Ratnapura,6,2,5200000.0,Ratnapura,18.0,Balangoda
1600,4,1,Galle,13,2,8500000.0,Galle,100.0,Ambalangoda
1500,3,1,Kalutara,16,2,4500000.0,Kalutara,32.0,Horana
1400,3,2,Colombo,50,2,18500000.0,Colombo,7.9,Malabe
1070,3,2,Colombo,32,2,14200000.0,Colombo,7.6,Malabe
2500,4,3,Colombo,5,2,23500000.0,Colombo,6.0,Malabe
3600,4,3,Colombo,19,2,36000000.0,Colombo,7.8,Malabe
2500,6,2,Colombo,25,3,25500000.0,Colombo,10.0,Malabe
2400,4,3,Colombo,7,2,26000000.0,Colombo,10.5,Malabe
2200,5,4,Gampaha,1,2,37000000.0,Gampaha,10.5,Kadawatha
1800,3,3,Colombo,44,2,18500000.0,Colombo,10.0,Athurugiriya
2000,4,3,Colombo,23,2,19500000.0,Colombo,6.5,Piliyandala
3000,5,3,Colombo,16,2,65000000.0,Colombo,20.0,Homagama
2600,4,4,Colombo,5,2,27500000.0,Colombo,10.0,Athurugiriya
2200,5,2,Ratnapura,8,2,9700000.0,Ratnapura,20.0,Balangoda
1800,4,3,Colombo,12,2,14500000.0,Colombo,26.0,Kaduwela
3200,5,4,Colombo,40,2,75000000.0,Colombo,36.5,Talawatugoda
1900,3,3,Colombo,35,2,20000000.0,Colombo,6.5,Athurugiriya
3600,5,4,Colombo,4,2,35000000.0,Colombo,8.0,Malabe
1250,3,2,Colombo,17,2,26500000.0,Colombo,7.0,Malabe
2240,3,3,Galle,50,2,47250000.0,Galle,8.0,Galle City
5000,4,4,Gampaha,26,2,30000000.0,Gampaha,12.5,Kadawatha
1600,3,2,Gampaha,7,2,18000000.0,Gampaha,11.5,Negombo
1000,6,1,Kandy,2,3,16500000.0,Kandy,29.0,Gelioya
1500,2,1,Gampaha,2,1,8000000.0,Gampaha,6.0,Wattala
2100,4,4,Colombo,23,2,20000000.0,Colombo,6.0,Athurugiriya
1610,3,2,Gampaha,2,2,19000000.0,Gampaha,10.0,Negombo
1610,3,2,Gampaha,5,2,18000000.0,Gampaha,11.5,Negombo
1500,3,1,Colombo,48,2,18500000.0,Colombo,10.0,Piliyandala
3200,3,4,Colombo,3,2,36000000.0,Colombo,10.0,Athurugiriya
5445,3,1,Colombo,4,2,20000000.0,Colombo,20.0,Piliyandala
1600,3,2,Gampaha,19,2,19000000.0,Gampaha,10.0,Negombo
1600,3,2,Gampaha,10,2,18000000.0,Gampaha,11.5,Negombo
4290,5,4,Galle,44,2,65000000.0,Galle,23.5,Galle City
1590,3,2,Gampaha,8,2,17000000.0,Gampaha,10.0,Negombo
1215,3,1,Ampara,14,2,4300000.0,Ampara,80.0,Ampara City
1250,3,2,Galle,20,2,14500000.0,Galle,40.0,Galle City
2400,6,6,Galle,1,3,100000000.0,Galle,59.5,Galle City
4500,5,4,Gampaha,10,2,42500000.0,Gampaha,9.0,Gampaha City
2000,3,3,Galle,28,2,24000000.0,Galle,23.5,Galle City
2000,3,3,Galle,7,2,15000000.0,Galle,20.0,Galle City
1800,3,2,Colombo,11,2,15800000.0,Colombo,10.0,Homagama
1000,3,2,Gampaha,5,2,6000000.0,Gampaha,10.0,Nittambuwa
2850,5,2,Colombo,6,2,26000000.0,Colombo,10.0,Piliyandala
2500,6,6,Galle,44,3,55000000.0,Galle,26.0,Galle City
1550,3,2,Gampaha,2,2,17000000.0,Gampaha,11.0,Negombo
3000,4,4,Colombo,44,2,52500000.0,Colombo,15.0,Battaramulla
3000,4,4,Colombo,23,2,33000000.0,Colombo,8.0,Kottawa
3100,4,3,Gampaha,10,2,26500000.0,Gampaha,10.5,Negombo
1600,3,2,Gampaha,6,2,19000000.0,Gampaha,10.0,Negombo
1300,2,2,Colombo,32,1,16750000.0,Colombo,6.0,Angoda
6000,4,3,Colombo,18,2,338000000.0,Colombo,20.5,Colombo 7
1610,3,2,Gampaha,4,2,18000000.0,Gampaha,11.5,Negombo
2600,5,3,Colombo,11,2,30000000.0,Colombo,6.5,Dehiwala
1600,3,1,Gampaha,6,2,9500000.0,Gampaha,10.0,Gampaha City
1610,3,2,Gampaha,17,2,19000000.0,Gampaha,10.0,Negombo
2100,2,1,Gampaha,2,1,17500000.0,Gampaha,41.0,Veyangoda
1200,3,2,Colombo,25,2,6900000.0,Colombo,12.0,Piliyandala
3150,4,3,Gampaha,11,2,26500000.0,Gampaha,10.5,Negombo
1425,3,1,Gampaha,17,2,9900000.0,Gampaha,10.0,Negombo
1200,2,1,Gampaha,41,1,8800000.0,Gampaha,18.0,Mirigama
4000,5,3,Colombo,42,2,65000000.0,Colombo,10.0,Battaramulla
1350,3,1,Gampaha,3,2,9900000.0,Gampaha,10.0,Negombo
1000,2,1,Gampaha,2,1,28600000.0,Gampaha,11.0,Kiribathgoda
1900,4,2,Colombo,5,2,19000000.0,Colombo,11.4,Malabe
1600,3,2,Gampaha,16,2,19000000.0,Gampaha,10.0,Negombo
3500,4,6,Gampaha,29,2,36000000.0,Gampaha,15.0,Kiribathgoda
700,1,1,Gampaha,1,1,3600000.0,Gampaha,10.0,Ganemulla
1600,4,3,Gampaha,3,2,17500000.0,Gampaha,12.5,Kadawatha
2800,4,4,Gampaha,34,2,27000000.0,Gampaha,18.0,Kiribathgoda
4000,7,4,Kegalle,5,4,29500000.0,Kegalle,61.0,Yatiyantota
6600,5,5,Colombo,4,2,165000000.0,Colombo,38.4,Talawatugoda
1000,3,1,Colombo,13,2,12000000.0,Colombo,12.0,Homagama
2700,4,2,Colombo,43,2,26500000.0,Colombo,12.0,Angoda
700,3,2,Colombo,37,2,11500000.0,Colombo,4.0,Wellampitiya
1000,2,1,Gampaha,22,1,8800000.0,Gampaha,15.0,Mirigama
3600,4,4,Colombo,16,2,36000000.0,Colombo,7.8,Malabe
1600,4,1,Gampaha,2,2,16500000.0,Gampaha,16.0,Kadawatha
2400,4,4,Gampaha,6,2,20500000.0,Gampaha,16.0,Kadawatha
1610,3,2,Gampaha,44,2,19000000.0,Gampaha,10.0,Negombo
1600,4,3,Colombo,47,2,27500000.0,Colombo,6.0,Wellampitiya
2200,3,2,Gampaha,8,2,18500000.0,Gampaha,20.5,Kadawatha
1800,3,2,Colombo,40,2,23500000.0,Colombo,8.0,Malabe
2500,4,2,Gampaha,2,2,18000000.0,Gampaha,25.0,Mirigama
5500,5,3,Colombo,20,2,85000000.0,Colombo,12.9,Kotte
1200,2,1,Kandy,6,1,14000000.0,Kandy,12.5,Digana
3000,4,2,Colombo,43,2,18500000.0,Colombo,12.0,Homagama
7500,5,4,Colombo,2,2,150000000.0,Colombo,20.0,Nawala
545,1,1,Colombo,12,1,4000000.0,Colombo,2.0,Wellampitiya
3000,3,2,Gampaha,30,2,35000000.0,Gampaha,22.5,Negombo
2900,4,3,Colombo,29,2,33000000.0,Colombo,8.0,Kottawa
1200,2,1,Colombo,10,1,12000000.0,Colombo,4.0,Battaramulla
3600,6,5,Colombo,3,3,33500000.0,Colombo,16.0,Kottawa
7000,5,3,Colombo,23,2,53500000.0,Colombo,21.0,Homagama
2200,4,3,Colombo,4,2,24000000.0,Colombo,6.0,Malabe
2300,4,3,Gampaha,3,2,31500000.0,Gampaha,10.0,Ja-Ela
3050,5,4,Colombo,15,2,47000000.0,Colombo,11.7,Battaramulla
3000,5,4,Colombo,48,2,75000000.0,Colombo,9.15,Battaramulla
1610,3,2,Gampaha,2,2,18000000.0,Gampaha,11.5,Negombo
4800,6,6,Colombo,41,3,45000000.0,Colombo,10.1,Nugegoda
4000,6,6,Colombo,2,3,63000000.0,Colombo,12.0,Nugegoda
1600,3,2,Gampaha,44,2,18000000.0,Gampaha,10.0,Negombo
1600,3,1,Colombo,4,2,23000000.0,Colombo,34.68,Kottawa
2800,4,4,Colombo,50,2,27500000.0,Colombo,11.5,Malabe
2000,3,1,Puttalam,1,2,7200000.0,Puttalam,7.0,Chilaw
1350,3,2,Colombo,12,2,14000000.0,Colombo,10.0,Malabe
3100,4,3,Gampaha,2,2,26500000.0,Gampaha,10.5,Negombo
1384,3,2,Colombo,19,2,12000000.0,Colombo,5.0,Moratuwa
4500,5,4,Colombo,11,2,115000000.0,Colombo,22.0,Talawatugoda
1600,3,2,Gampaha,7,2,19000000.0,Gampaha,10.0,Negombo
3800,4,3,Colombo,9,2,40000000.0,Colombo,11.5,Talawatugoda
4000,5,4,Colombo,42,2,46000000.0,Colombo,10.0,Nugegoda
3600,5,4,Colombo,11,2,29000000.0,Colombo,7.5,Malabe
2600,4,4,Colombo,39,2,29000000.0,Colombo,10.0,Malabe
1500,3,3,Colombo,32,2,18500000.0,Colombo,7.5,Malabe
5200,4,4,Colombo,6,2,140000000.0,Colombo,30.0,Talawatugoda
5000,5,5,Colombo,5,2,60000000.0,Colombo,20.0,Battaramulla
4500,7,5,Colombo,22,4,55000000.0,Colombo,11.3,Nugegoda
3500,5,2,Colombo,8,2,26000000.0,Colombo,13.5,Malabe
4500,7,4,Colombo,21,4,45000000.0,Colombo,19.0,Nugegoda
4000,4,4,Colombo,6,2,120000000.0,Colombo,17.4,Battaramulla
5000,4,3,Colombo,4,2,22000000.0,Colombo,6.0,Mount Lavinia
3500,3,3,Colombo,46,2,80000000.0,Colombo,14.67,Kohuwala
5000,5,3,Colombo,15,2,175000000.0,Colombo,20.0,Colombo 8
3150,4,3,Gampaha,16,2,26500000.0,Gampaha,10.5,Negombo
1610,3,2,Gampaha,13,2,18000000.0,Gampaha,11.5,Negombo
850,2,2,Colombo,13,1,7200000.0,Colombo,4.0,Wellampitiya
1600,3,2,Gampaha,25,2,19000000.0,Gampaha,10.0,Negombo
1800,3,2,Colombo,6,2,13800000.0,Colombo,10.2,Homagama
1500,3,1,Colombo,20,2,18500000.0,Colombo,10.0,Piliyandala
3100,4,3,Gampaha,3,2,26500000.0,Gampaha,10.5,Negombo
3250,5,3,Colombo,42,2,23500000.0,Colombo,7.0,Piliyandala
3500,5,2,Colombo,4,2,45000000.0,Colombo,7.0,Kohuwala
4500,4,3,Colombo,4,2,45000000.0,Colombo,12.0,Kottawa
3100,4,4,Colombo,31,2,37500000.0,Colombo,11.0,Kottawa
5550,6,4,Colombo,5,3,48000000.0,Colombo,8.7,Mount Lavinia
3200,4,4,Colombo,13,2,30500000.0,Colombo,8.0,Piliyandala
5000,5,5,Colombo,3,2,140000000.0,Colombo,16.0,Kotte
1610,3,2,Gampaha,8,2,19000000.0,Gampaha,10.0,Negombo
1700,3,2,Colombo,16,2,23000000.0,Colombo,6.0,Dehiwala
4500,5,5,Colombo,28,2,46500000.0,Colombo,28.0,Piliyandala
2200,4,4,Colombo,9,2,23000000.0,Colombo,7.0,Malabe
1600,3,3,Colombo,6,2,18500000.0,Colombo,8.5,Piliyandala
2936,5,2,Colombo,12,2,21000000.0,Colombo,10.3,Homagama
3260,4,4,Colombo,9,2,23500000.0,Colombo,7.0,Piliyandala
1900,3,2,Colombo,50,2,19000000.0,Colombo,11.4,Malabe
1350,3,2,Colombo,34,2,14000000.0,Colombo,10.0,Malabe
1200,3,3,Colombo,5,2,13500000.0,Colombo,2.0,Dehiwala
3100,4,3,Gampaha,1,2,31000000.0,Gampaha,15.0,Negombo
1100,3,1,Colombo,12,2,6800000.0,Colombo,6.5,Piliyandala
1600,3,2,Gampaha,12,2,19000000.0,Gampaha,10.0,Negombo
4800,4,4,Colombo,22,2,90000000.0,Colombo,35.0,Talawatugoda
4200,4,3,Colombo,6,2,47500000.0,Colombo,8.0,Nugegoda
3000,4,3,Gampaha,7,2,22000000.0,Gampaha,10.0,Kadawatha
1610,3,2,Gampaha,25,2,19000000.0,Gampaha,10.0,Negombo
400,2,1,Galle,5,1,3500000.0,Galle,3.0,Galle City
2800,5,7,Colombo,43,2,64000000.0,Colombo,17.5,Talawatugoda
1600,3,2,Gampaha,8,2,19000000.0,Gampaha,10.0,Negombo
2400,4,3,Colombo,17,2,31000000.0,Colombo,9.5,Malabe
5000,6,5,Colombo,39,3,50000000.0,Colombo,27.5,Talawatugoda
2200,4,3,Colombo,45,2,22000000.0,Colombo,6.3,Malabe
3000,5,3,Colombo,47,2,37500000.0,Colombo,16.0,Malabe
4500,6,6,Colombo,18,3,97500000.0,Colombo,20.0,Malabe
3500,6,4,Colombo,1,3,70000000.0,Colombo,7.55,Colombo 8
1500,3,2,Colombo,6,2,15800000.0,Colombo,10.0,Piliyandala
5500,6,4,Colombo,9,3,49000000.0,Colombo,14.5,Piliyandala
3150,4,3,Gampaha,1,2,26500000.0,Gampaha,10.5,Negombo
1600,2,2,Gampaha,9,1,10000000.0,Gampaha,14.0,Negombo
2400,4,3,Colombo,9,2,27000000.0,Colombo,7.0,Piliyandala
2400,4,3,Colombo,18,2,24800000.0,Colombo,6.0,Piliyandala
1800,3,2,Colombo,4,2,12000000.0,Colombo,17.75,Piliyandala
2300,4,4,Colombo,40,2,215000000.0,Colombo,9.5,Piliyandala
2000,3,2,Colombo,49,2,21500000.0,Colombo,9.5,Piliyandala
1200,3,2,Colombo,44,2,18500000.0,Colombo,10.0,Piliyandala
2000,4,3,Colombo,36,2,19500000.0,Colombo,6.5,Piliyandala
2200,4,3,Colombo,46,2,26500000.0,Colombo,6.5,Malabe
3850,4,4,Colombo,44,2,33000000.0,Colombo,10.0,Piliyandala
2500,5,3,Colombo,33,2,17500000.0,Colombo,10.0,Kottawa
1800,4,4,Colombo,5,2,17500000.0,Colombo,7.5,Kottawa
1600,3,3,Colombo,2,2,18000000.0,Colombo,8.0,Kottawa
3800,6,4,Colombo,4,3,29500000.0,Colombo,13.0,Kottawa
1200,3,3,Colombo,47,2,14500000.0,Colombo,6.0,Athurugiriya
2000,4,2,Colombo,8,2,16000000.0,Colombo,17.0,Athurugiriya
2900,4,4,Gampaha,19,2,58000000.0,Gampaha,55.0,Ja-Ela
3500,4,4,Colombo,7,2,40000000.0,Colombo,8.25,Dehiwala
4200,4,4,Colombo,31,2,49500000.0,Colombo,10.0,Talawatugoda
1400,3,3,Colombo,9,2,15000000.0,Colombo,10.0,Athurugiriya
2000,3,3,Colombo,42,2,19800000.0,Colombo,6.5,Athurugiriya
1150,3,1,Colombo,7,2,7800000.0,Colombo,10.0,Homagama
3000,4,3,Colombo,23,2,110000000.0,Colombo,50.0,Talawatugoda
3150,4,3,Gampaha,21,2,31000000.0,Gampaha,15.0,Negombo
3800,5,4,Colombo,34,2,45000000.0,Colombo,11.0,Talawatugoda
2344,4,1,Gampaha,30,2,18500000.0,Gampaha,20.0,Kadawatha
4000,4,4,Colombo,1,2,60000000.0,Colombo,15.0,Talawatugoda
1610,3,2,Gampaha,47,2,18000000.0,Gampaha,11.5,Negombo
3300,4,4,Colombo,16,2,50000000.0,Colombo,10.0,Talawatugoda
2675,4,3,Colombo,17,2,48000000.0,Colombo,10.12,Malabe
2800,4,3,Colombo,49,2,26500000.0,Colombo,6.5,Malabe
3200,4,4,Colombo,15,2,36000000.0,Colombo,10.0,Malabe
4000,5,4,Colombo,1,2,65000000.0,Colombo,12.5,Malabe
3100,5,3,Colombo,10,2,37500000.0,Colombo,9.0,Malabe
1600,3,2,Gampaha,15,2,18000000.0,Gampaha,11.5,Negombo
1520,3,3,Colombo,49,2,13900000.0,Colombo,8.0,Piliyandala
3500,4,4,Colombo,50,2,60000000.0,Colombo,13.0,Kotte
4900,4,4,Colombo,31,2,75000000.0,Colombo,16.0,Kotte
4000,4,3,Colombo,44,2,29500000.0,Colombo,8.0,Kottawa
2000,4,2,Colombo,2,2,20000000.0,Colombo,4.5,Boralesgamuwa
3000,4,4,Colombo,23,2,33000000.0,Colombo,8.0,Kottawa
2500,3,2,Colombo,48,2,35000000.0,Colombo,20.0,Pannipitiya
2500,5,7,Colombo,40,2,64000000.0,Colombo,17.5,Pannipitiya
7100,6,5,Colombo,48,3,170000000.0,Colombo,27.0,Nugegoda
1800,3,1,Galle,14,2,6500000.0,Galle,75.0,Galle City
2800,4,4,Colombo,47,2,28000000.0,Colombo,10.0,Malabe
2600,4,4,Colombo,16,2,29000000.0,Colombo,10.0,Malabe
1700,3,2,Colombo,18,2,14500000.0,Colombo,10.0,Kesbewa
2500,5,4,Colombo,1,2,25500000.0,Colombo,10.5,Malabe
1250,3,2,Colombo,13,2,16500000.0,Colombo,7.5,Malabe
3000,4,3,Colombo,18,2,120000000.0,Colombo,50.2,Talawatugoda
1600,3,2,Gampaha,32,2,19000000.0,Gampaha,10.0,Negombo
1610,3,2,Gampaha,8,2,19000000.0,Gampaha,10.0,Negombo
2800,4,2,Gampaha,2,2,25000000.0,Gampaha,10.0,Kelaniya
4000,4,4,Colombo,5,2,49500000.0,Colombo,10.0,Talawatugoda
2865,4,5,Colombo,43,2,25500000.0,Colombo,7.0,Piliyandala
2896,4,4,Colombo,26,2,27000000.0,Colombo,7.0,Piliyandala
3014,4,4,Colombo,1,2,33000000.0,Colombo,10.0,Piliyandala
2854,3,3,Colombo,9,2,21500000.0,Colombo,9.5,Piliyandala
1563,3,3,Colombo,39,2,18500000.0,Colombo,8.0,Piliyandala
7000,6,5,Colombo,2,3,170000000.0,Colombo,27.0,Nugegoda
2741,4,4,Colombo,46,2,21500000.0,Colombo,9.0,Piliyandala
2574,5,4,Colombo,19,2,22500000.0,Colombo,8.0,Piliyandala
1547,3,2,Colombo,12,2,15000000.0,Colombo,7.5,Piliyandala
2415,4,3,Colombo,1,2,18500000.0,Colombo,6.5,Piliyandala
1574,3,2,Colombo,44,2,18500000.0,Colombo,11.0,Piliyandala
3800,5,4,Kalutara,3,2,38500000.0,Kalutara,10.0,Kalutara City
3800,5,4,Colombo,14,2,45000000.0,Colombo,11.0,Talawatugoda
3000,4,4,Colombo,13,2,33000000.0,Colombo,8.0,Kottawa
2500,4,2,Matara,22,2,11700000.0,Matara,49.0,Matara City
1300,3,2,Colombo,9,2,26000000.0,Colombo,6.0,Dehiwala
2600,4,4,Colombo,11,2,37500000.0,Colombo,9.5,Malabe
2000,4,4,Colombo,6,2,24000000.0,Colombo,6.0,Malabe
2900,4,4,Colombo,24,2,29500000.0,Colombo,6.5,Malabe
4000,4,4,Colombo,39,2,49500000.0,Colombo,10.0,Talawatugoda
1600,3,2,Gampaha,11,2,19000000.0,Gampaha,10.0,Negombo
5000,4,3,Gampaha,6,2,42000000.0,Gampaha,11.0,Ja-Ela
2509,4,4,Colombo,5,2,35000000.0,Colombo,8.5,Piliyandala
1600,3,2,Gampaha,1,2,30000000.0,Gampaha,41.0,Ja-Ela
1183,2,1,Colombo,7,1,14000000.0,Colombo,10.0,Homagama
3000,4,4,Colombo,34,2,18500000.0,Colombo,12.0,Homagama
2250,3,2,Colombo,33,2,12000000.0,Colombo,12.0,Homagama
3250,4,4,Colombo,49,2,18000000.0,Colombo,7.0,Piliyandala
1600,3,2,Gampaha,7,2,19000000.0,Gampaha,10.0,Negombo
1610,3,2,Gampaha,10,2,18000000.0,Gampaha,11.5,Negombo
3150,4,3,Gampaha,14,2,26500000.0,Gampaha,10.5,Negombo
1610,3,2,Gampaha,13,2,19000000.0,Gampaha,10.0,Negombo
7000,6,4,Colombo,1,3,135000000.0,Colombo,12.0,Talawatugoda
2000,4,2,Colombo,36,2,15000000.0,Colombo,7.0,Homagama
2600,5,2,Kalutara,16,2,28000000.0,Kalutara,10.0,Panadura
4500,4,4,Colombo,4,2,125000000.0,Colombo,27.0,Battaramulla
2200,4,1,Kandy,6,2,14500000.0,Kandy,17.0,Kandy City
1500,3,1,Gampaha,44,2,7000000.0,Gampaha,16.0,Ragama
2000,3,1,Ratnapura,41,2,16500000.0,Ratnapura,15.0,Balangoda
1500,3,2,Gampaha,42,2,18000000.0,Gampaha,11.5,Negombo
3800,5,5,Colombo,5,2,38500000.0,Colombo,10.0,Moratuwa
1800,3,1,Colombo,35,2,12500000.0,Colombo,15.0,Piliyandala
800,3,1,Colombo,26,2,12000000.0,Colombo,6.6,Kesbewa
1000,3,1,Gampaha,10,2,3300000.0,Gampaha,8.0,Gampaha City
4500,5,4,Colombo,13,2,115000000.0,Colombo,22.0,Talawatugoda
4000,4,4,Colombo,41,2,49500000.0,Colombo,10.0,Talawatugoda
1800,4,1,Ratnapura,10,2,7800000.0,Ratnapura,20.0,Balangoda
3000,4,4,Colombo,1,2,33000000.0,Colombo,8.0,Kottawa
2600,4,2,Gampaha,10,2,22000000.0,Gampaha,10.0,Negombo
4000,4,3,Colombo,7,2,60000000.0,Colombo,12.0,Nugegoda
2975,4,2,Gampaha,19,2,29500000.0,Gampaha,20.0,Negombo
2350,4,4,Colombo,12,2,27000000.0,Colombo,10.5,Pannipitiya
3548,5,3,Colombo,4,2,22500000.0,Colombo,10.0,Piliyandala
3800,5,4,Colombo,7,2,45000000.0,Colombo,11.0,Talawatugoda
1000,3,1,Anuradhapura,36,2,9500000.0,Anuradhapura,12.0,Anuradhapura City
1950,5,3,Colombo,2,2,54800000.0,Colombo,7.31,Boralesgamuwa
2000,4,2,Colombo,7,2,20000000.0,Colombo,4.5,Boralesgamuwa
2500,4,4,Colombo,13,2,38500000.0,Colombo,8.0,Boralesgamuwa
4000,4,4,Colombo,5,2,49500000.0,Colombo,10.0,Talawatugoda
4500,4,5,Colombo,17,2,37500000.0,Colombo,14.5,Kottawa
2400,4,3,Colombo,44,2,27000000.0,Colombo,7.0,Kottawa
3600,6,4,Colombo,28,3,33500000.0,Colombo,16.2,Kottawa
1300,3,2,Colombo,47,2,23500000.0,Colombo,6.2,Kottawa
4120,4,2,Colombo,28,2,40000000.0,Colombo,10.3,Maharagama
3000,4,2,Colombo,14,2,22000000.0,Colombo,15.4,Piliyandala
2400,4,3,Colombo,26,2,24800000.0,Colombo,6.0,Piliyandala
1200,3,1,Gampaha,38,2,6800000.0,Gampaha,10.0,Ja-Ela
1500,4,2,Gampaha,9,2,14500000.0,Gampaha,12.7,Wattala
2000,3,2,Colombo,11,2,15000000.0,Colombo,7.0,Piliyandala
1900,3,2,Colombo,44,2,29100000.0,Colombo,13.0,Nugegoda
3200,5,3,Colombo,5,2,42500000.0,Colombo,6.5,Nugegoda
1300,4,2,Colombo,47,2,14300000.0,Colombo,18.0,Piliyandala
1600,3,2,Gampaha,11,2,18000000.0,Gampaha,10.0,Negombo
2550,4,3,Colombo,9,2,25500000.0,Colombo,7.5,Piliyandala
3000,4,4,Colombo,2,2,27500000.0,Colombo,7.5,Piliyandala
3500,6,4,Colombo,44,3,25000000.0,Colombo,20.0,Piliyandala
2300,4,4,Colombo,2,2,21500000.0,Colombo,9.5,Piliyandala
1800,3,3,Colombo,5,2,23500000.0,Colombo,8.0,Piliyandala
2400,4,3,Colombo,8,2,26000000.0,Colombo,7.0,Piliyandala
1800,3,1,Colombo,2,2,14500000.0,Colombo,10.0,Piliyandala
2000,3,2,Colombo,41,2,21500000.0,Colombo,9.5,Piliyandala
1200,3,2,Colombo,5,2,18500000.0,Colombo,10.0,Piliyandala
3000,4,3,Colombo,5,2,35000000.0,Colombo,19.0,Piliyandala
3100,4,4,Colombo,39,2,40000000.0,Colombo,10.0,Piliyandala
3250,5,3,Colombo,3,2,23500000.0,Colombo,7.0,Piliyandala
1200,3,3,Colombo,50,2,14000000.0,Colombo,12.0,Piliyandala
4000,5,4,Colombo,6,2,40000000.0,Colombo,10.0,Maharagama
2000,4,3,Colombo,1,2,19500000.0,Colombo,6.5,Piliyandala
3700,5,4,Colombo,23,2,30500000.0,Colombo,8.0,Piliyandala
2500,4,5,Colombo,32,2,25500000.0,Colombo,7.0,Piliyandala
3850,4,4,Colombo,2,2,33000000.0,Colombo,10.0,Piliyandala
1500,3,2,Colombo,25,2,14500000.0,Colombo,10.0,Kesbewa
4000,5,4,Colombo,2,2,40000000.0,Colombo,10.0,Maharagama
2650,4,3,Colombo,16,2,20000000.0,Colombo,20.0,Kesbewa
2500,5,4,Colombo,36,2,25500000.0,Colombo,10.5,Malabe
3211,4,4,Colombo,4,2,25500000.0,Colombo,7.5,Piliyandala
2800,4,4,Colombo,13,2,26000000.0,Colombo,8.5,Piliyandala
5864,5,5,Colombo,43,2,130000000.0,Colombo,62.0,Malabe
2400,3,1,Kurunegala,25,2,5200000.0,Kurunegala,160.0,Kurunegala City
3200,4,4,Colombo,18,2,95000000.0,Colombo,10.0,Kotte
1600,3,1,Colombo,23,2,8000000.0,Colombo,9.5,Kaduwela
1300,3,1,Colombo,1,2,6400000.0,Colombo,6.0,Athurugiriya
3300,4,2,Colombo,36,2,55000000.0,Colombo,11.0,Battaramulla
2800,4,1,Matale,29,2,29500000.0,Matale,19.0,Palapathwela
1500,4,1,Kalutara,3,2,7000000.0,Kalutara,7.0,Alutgama
1870,3,2,Colombo,48,2,12500000.0,Colombo,11.0,Homagama
1527,3,1,Kalutara,28,2,6500000.0,Kalutara,10.0,Wadduwa
1527,3,1,Kalutara,10,2,6500000.0,Kalutara,10.0,Wadduwa
1400,4,1,Colombo,48,2,14000000.0,Colombo,10.0,Kaduwela
1800,4,3,Jaffna,13,2,34500000.0,Jaffna,20.0,Jaffna City
1610,3,2,Gampaha,8,2,18000000.0,Gampaha,11.5,Negombo
1610,3,2,Gampaha,10,2,19000000.0,Gampaha,10.0,Negombo
1480,2,2,Colombo,20,1,13500000.0,Colombo,10.0,Piliyandala
1425,3,1,Gampaha,7,2,9900000.0,Gampaha,10.0,Negombo
1600,3,2,Gampaha,35,2,19000000.0,Gampaha,10.0,Negombo
3150,4,3,Gampaha,7,2,26500000.0,Gampaha,10.5,Negombo
1000,1,1,Matale,38,1,6000000.0,Matale,44.0,Matale City
2000,3,2,Colombo,16,2,15900000.0,Colombo,10.0,Piliyandala
7099,5,6,Colombo,13,2,150000000.0,Colombo,27.0,Nugegoda
3100,4,4,Colombo,13,2,23000000.0,Colombo,10.0,Malabe
1720,3,2,Colombo,25,2,15900000.0,Colombo,10.0,Homagama
500,3,1,Kandy,1,2,35000000.0,Kandy,95.0,Ampitiya
4000,4,3,Colombo,49,2,47500000.0,Colombo,8.0,Nugegoda
4500,6,5,Colombo,34,3,47000000.0,Colombo,20.0,Kaduwela
3300,5,4,Colombo,4,2,110000000.0,Colombo,5.5,Colombo 5
3500,3,2,Kandy,17,2,15000000.0,Kandy,10.0,Gampola
3000,3,2,Gampaha,8,2,260000000.0,Gampaha,20.0,Negombo
3150,4,3,Gampaha,27,2,31000000.0,Gampaha,15.0,Negombo
2500,4,2,Colombo,41,2,25000000.0,Colombo,10.0,Kottawa
6534,3,1,Badulla,6,2,7500000.0,Badulla,24.0,Bandarawela
1610,3,2,Gampaha,39,2,19000000.0,Gampaha,10.0,Negombo
3000,5,4,Kandy,10,2,14900000.0,Kandy,60.0,Peradeniya
1600,3,2,Gampaha,9,2,19000000.0,Gampaha,10.0,Negombo
2300,4,2,Colombo,8,2,15000000.0,Colombo,7.2,Homagama
1800,3,2,Colombo,42,2,8400000.0,Colombo,15.3,Meegoda
1581,3,1,Kurunegala,34,2,6800000.0,Kurunegala,15.0,Polgahawela
700,2,1,Colombo,39,1,8500000.0,Colombo,3000.0,Athurugiriya
2800,4,4,Colombo,18,2,27500000.0,Colombo,11.5,Malabe
3000,4,4,Colombo,16,2,36000000.0,Colombo,10.0,Malabe
2200,4,3,Colombo,24,2,22000000.0,Colombo,6.3,Malabe
1480,3,1,Gampaha,12,2,47000000.0,Gampaha,15.0,Wattala
1610,3,2,Gampaha,5,2,18000000.0,Gampaha,11.5,Negombo
3000,4,4,Colombo,48,2,33000000.0,Colombo,8.0,Kottawa
3000,4,3,Colombo,25,2,110000000.0,Colombo,50.2,Pannipitiya
3150,4,3,Gampaha,15,2,26500000.0,Gampaha,10.5,Negombo
5320,3,3,Matara,21,2,20000000.0,Matara,19.7,Matara City
2000,3,1,Gampaha,8,2,3600000.0,Gampaha,12.5,Nittambuwa
3300,4,4,Colombo,15,2,55000000.0,Colombo,11.0,Battaramulla
2000,4,2,Colombo,4,2,32000000.0,Colombo,10.5,Battaramulla
2500,2,1,Gampaha,21,1,6000000.0,Gampaha,52.0,Nittambuwa
2500,4,1,Gampaha,3,2,4300000.0,Gampaha,40.0,Nittambuwa
2000,2,1,Gampaha,2,1,4800000.0,Gampaha,16.0,Veyangoda
2500,4,2,Gampaha,46,2,9500000.0,Gampaha,18.5,Gampaha City
3000,7,4,Colombo,11,4,32000000.0,Colombo,8.0,Boralesgamuwa
4250,4,3,Colombo,20,2,36500000.0,Colombo,11.0,Moratuwa
3280,4,4,Colombo,10,2,31000000.0,Colombo,7.5,Piliyandala
2800,3,3,Colombo,4,2,21500000.0,Colombo,9.5,Piliyandala
2722,3,1,Galle,33,2,3950000.0,Galle,10.0,Galle City
1900,4,2,Colombo,31,2,19000000.0,Colombo,11.4,Malabe
2500,1,1,Gampaha,40,1,13500000.0,Gampaha,10.0,Veyangoda
499,1,1,Jaffna,21,1,3500000.0,Jaffna,6.0,Nallur
2800,4,4,Colombo,10,2,28000000.0,Colombo,10.0,Malabe
1500,3,2,Gampaha,25,2,19000000.0,Gampaha,7.0,Negombo
2500,5,3,Colombo,16,2,17500000.0,Colombo,10.0,Kottawa
2200,4,4,Colombo,42,2,23000000.0,Colombo,7.0,Malabe
2500,3,1,Gampaha,22,2,7900000.0,Gampaha,15.0,Nittambuwa
2900,4,4,Colombo,10,2,29500000.0,Colombo,6.5,Malabe
4500,3,2,Gampaha,1,2,20000000.0,Gampaha,12.4,Nittambuwa
1610,3,2,Gampaha,33,2,19000000.0,Gampaha,10.0,Negombo
3522,7,5,Colombo,8,4,31000000.0,Colombo,10.5,Piliyandala
7200,6,4,Colombo,17,3,69000000.0,Colombo,20.0,Maharagama
3500,5,4,Colombo,1,2,50000000.0,Colombo,11.6,Maharagama
2600,4,4,Colombo,44,2,34000000.0,Colombo,9.0,Maharagama
3250,4,3,Colombo,33,2,30500000.0,Colombo,7.5,Piliyandala
3850,4,4,Colombo,3,2,33000000.0,Colombo,10.0,Piliyandala
3000,5,4,Colombo,46,2,40000000.0,Colombo,10.0,Piliyandala
1500,4,2,Gampaha,18,2,14500000.0,Gampaha,12.9,Ja-Ela
1300,3,2,Colombo,49,2,23500000.0,Colombo,6.2,Kottawa
1750,3,3,Colombo,37,2,35000000.0,Colombo,6.0,Battaramulla
2600,4,3,Colombo,7,2,35000000.0,Colombo,14.0,Kotte
1600,3,2,Gampaha,29,2,19000000.0,Gampaha,10.0,Negombo
3000,4,4,Colombo,31,2,60000000.0,Colombo,15.0,Talawatugoda
1600,3,2,Gampaha,22,2,18000000.0,Gampaha,10.0,Negombo
1300,3,1,Kegalle,24,2,13500000.0,Kegalle,16.0,Ruwanwella
816,2,2,Colombo,28,1,7000000.0,Colombo,3.0,Wellampitiya
4750,5,5,Colombo,4,2,82500000.0,Colombo,16.0,Battaramulla
2800,4,4,Colombo,16,2,28000000.0,Colombo,10.0,Athurugiriya
4500,6,3,Colombo,8,3,311800000.0,Colombo,22.27,Colombo 7
5000,5,4,Gampaha,6,2,31500000.0,Gampaha,27.4,Kadawatha
1400,3,1,Gampaha,2,2,11000000.0,Gampaha,20.0,Ganemulla
2500,4,2,Galle,40,2,35000000.0,Galle,14.0,Galle City
3600,6,5,Colombo,40,3,33500000.0,Colombo,16.0,Kottawa
1610,3,2,Gampaha,26,2,18000000.0,Gampaha,11.5,Negombo
5250,4,5,Colombo,16,2,55000000.0,Colombo,14.0,Kottawa
3100,4,4,Colombo,16,2,37500000.0,Colombo,11.0,Kottawa
1500,3,2,Gampaha,3,2,18000000.0,Gampaha,11.5,Negombo
1500,3,3,Colombo,36,2,19500000.0,Colombo,10.3,Piliyandala
1400,3,3,Colombo,47,2,18000000.0,Colombo,8.0,Athurugiriya
1200,3,3,Colombo,45,2,14500000.0,Colombo,6.0,Athurugiriya
3500,5,2,Gampaha,49,2,25000000.0,Gampaha,17.5,Ja-Ela
2800,4,3,Colombo,23,2,25500000.0,Colombo,6.1,Piliyandala
950,3,2,Colombo,17,2,18500000.0,Colombo,3.0,Athurugiriya
3750,6,5,Colombo,24,3,49500000.0,Colombo,14.0,Maharagama
1900,1,1,Colombo,16,1,17000000.0,Colombo,15.0,Athurugiriya
3458,4,4,Colombo,6,2,31000000.0,Colombo,7.5,Piliyandala
1200,3,1,Hambantota,42,2,4800000.0,Hambantota,25.0,Tissamaharama
3000,4,3,Colombo,7,2,110000000.0,Colombo,50.2,Talawatugoda
3000,4,4,Colombo,39,2,60000000.0,Colombo,15.0,Talawatugoda
1600,3,2,Gampaha,16,2,19000000.0,Gampaha,10.0,Negombo
1200,2,2,Colombo,22,1,16700000.0,Colombo,7.2,Dehiwala
2000,5,2,Gampaha,25,2,17500000.0,Gampaha,7.0,Negombo
3468,5,4,Colombo,44,2,29000000.0,Colombo,6.5,Piliyandala
1500,3,2,Gampaha,7,2,13500000.0,Gampaha,10.0,Negombo
1600,3,2,Gampaha,12,2,19000000.0,Gampaha,10.0,Negombo
1500,3,3,Colombo,2,2,18500000.0,Colombo,7.5,Malabe
1250,3,2,Colombo,22,2,16500000.0,Colombo,7.5,Malabe
2000,4,4,Colombo,13,2,24000000.0,Colombo,6.0,Malabe
2622,4,4,Colombo,30,2,24800000.0,Colombo,10.0,Piliyandala
3100,4,3,Gampaha,19,2,26500000.0,Gampaha,10.5,Negombo
1562,3,2,Kalutara,8,2,8700000.0,Kalutara,10.0,Bandaragama
9000,5,5,Colombo,21,2,120000000.0,Colombo,16.0,Talawatugoda
3150,4,3,Gampaha,19,2,26500000.0,Gampaha,10.5,Negombo
1350,3,1,Gampaha,16,2,9900000.0,Gampaha,10.0,Negombo
2400,4,3,Colombo,13,2,24800000.0,Colombo,6.0,Piliyandala
5026,5,3,Colombo,1,2,40000000.0,Colombo,8.2,Boralesgamuwa
3000,6,4,Colombo,15,3,48500000.0,Colombo,14.0,Piliyandala
2200,4,3,Colombo,1,2,26000000.0,Colombo,7.0,Piliyandala
2900,4,4,Colombo,5,2,36000000.0,Colombo,8.5,Piliyandala
1450,5,5,Colombo,33,2,33000000.0,Colombo,5.5,Colombo 14
750,2,1,Gampaha,17,1,7500000.0,Gampaha,7.0,Ragama
700,3,1,Colombo,48,2,13000000.0,Colombo,10.0,Kottawa
3600,5,4,Colombo,43,2,110000000.0,Colombo,16.89,Rajagiriya
3566,7,4,Colombo,2,4,40000000.0,Colombo,18.5,Piliyandala
3542,5,3,Colombo,44,2,22500000.0,Colombo,10.0,Piliyandala
2500,4,3,Gampaha,41,2,29500000.0,Gampaha,20.0,Negombo
850,1,1,Colombo,3,1,7000000.0,Colombo,12.6,Kesbewa
1542,3,3,Colombo,5,2,18500000.0,Colombo,11.0,Piliyandala
2865,5,3,Colombo,15,2,22500000.0,Colombo,8.0,Piliyandala
4000,4,4,Colombo,25,2,49500000.0,Colombo,10.0,Pannipitiya
4000,7,5,Colombo,2,4,56000000.0,Colombo,10.0,Rajagiriya
2458,4,3,Colombo,6,2,18500000.0,Colombo,7.0,Piliyandala
2500,3,2,Colombo,20,2,38000000.0,Colombo,9.8,Mount Lavinia
2700,4,4,Colombo,32,2,25500000.0,Colombo,7.0,Piliyandala
1600,3,2,Gampaha,47,2,19000000.0,Gampaha,10.0,Negombo
1600,3,2,Gampaha,47,2,19000000.0,Gampaha,10.0,Negombo
2300,4,3,Colombo,34,2,24800000.0,Colombo,6.21,Piliyandala
2800,3,3,Colombo,12,2,21500000.0,Colombo,9.5,Piliyandala
3500,4,4,Colombo,10,2,30500000.0,Colombo,8.0,Piliyandala
1425,3,2,Colombo,23,2,15000000.0,Colombo,7.5,Piliyandala
2800,4,3,Colombo,43,2,24800000.0,Colombo,6.5,Piliyandala
2560,4,3,Colombo,42,2,24800000.0,Colombo,6.5,Piliyandala
1850,3,3,Colombo,14,2,18500000.0,Colombo,8.5,Piliyandala
1610,3,2,Gampaha,14,2,18000000.0,Gampaha,11.5,Negombo
1610,3,2,Gampaha,36,2,19000000.0,Gampaha,10.0,Negombo
1400,3,2,Gampaha,22,2,9900000.0,Gampaha,10.0,Negombo
3150,4,3,Gampaha,9,2,26500000.0,Gampaha,10.5,Negombo
1500,3,2,Gampaha,12,2,13500000.0,Gampaha,10.0,Negombo
1600,3,2,Gampaha,13,2,19000000.0,Gampaha,10.0,Negombo
2200,4,2,Colombo,15,2,13500000.0,Colombo,12.0,Piliyandala
4350,5,5,Colombo,5,2,39000000.0,Colombo,14.0,Piliyandala
3500,3,2,Gampaha,9,2,36500000.0,Gampaha,22.5,Negombo
3500,4,3,Gampaha,11,2,29500000.0,Gampaha,20.0,Negombo
1300,2,1,Colombo,19,1,11000000.0,Colombo,10.0,Homagama
2985,5,4,Colombo,12,2,29000000.0,Colombo,7.0,Piliyandala
1571,3,2,Kalutara,16,2,13500000.0,Kalutara,10.11,Horana
1511,3,2,Colombo,15,2,13500000.0,Colombo,10.44,Piliyandala
1432,3,1,Colombo,15,2,9000000.0,Colombo,11.49,Piliyandala
4200,5,5,Colombo,41,2,53000000.0,Colombo,11.0,Moratuwa
2000,3,3,Colombo,5,2,18500000.0,Colombo,8.5,Athurugiriya
2800,5,2,Colombo,13,2,25000000.0,Colombo,9.7,Malabe
1000,2,1,Colombo,6,1,7500000.0,Colombo,8.25,Angoda
400,1,1,Gampaha,6,1,9000000.0,Gampaha,6.0,Kadawatha
2600,5,2,Gampaha,39,2,16800000.0,Gampaha,8.5,Ragama
2000,4,2,Gampaha,8,2,27500000.0,Gampaha,43.0,Ja-Ela
4000,2,2,Gampaha,41,1,60000000.0,Gampaha,20.0,Wattala
1400,3,1,Colombo,16,2,10500000.0,Colombo,6.4,Battaramulla
7000,5,3,Gampaha,21,2,47000000.0,Gampaha,25.0,Kiribathgoda
2550,4,3,Kandy,44,2,26500000.0,Kandy,12.0,Kandy City
1600,3,2,Gampaha,16,2,19000000.0,Gampaha,10.0,Negombo
1200,5,4,Anuradhapura,39,2,28500000.0,Anuradhapura,44.0,Anuradhapura City
1300,7,1,Colombo,21,4,25000000.0,Colombo,37.0,Avissawella
1500,3,2,Colombo,3,2,21000000.0,Colombo,5.0,Mount Lavinia
1400,3,3,Colombo,46,2,22000000.0,Colombo,8.0,Malabe
1800,4,2,Colombo,7,2,23000000.0,Colombo,4.5,Boralesgamuwa
1600,3,2,Gampaha,28,2,19000000.0,Gampaha,10.0,Negombo
3980,4,4,Colombo,1,2,34000000.0,Colombo,8.5,Piliyandala
3509,4,4,Colombo,29,2,30500000.0,Colombo,8.0,Piliyandala
2000,5,1,Kalutara,23,2,9500000.0,Kalutara,165.0,Horana
5000,6,6,Colombo,11,3,52500000.0,Colombo,12.9,Dehiwala
1880,3,3,Colombo,42,2,19800000.0,Colombo,7.0,Athurugiriya
1475,3,1,Gampaha,2,2,6800000.0,Gampaha,11.0,Kadawatha
2180,4,3,Colombo,23,2,19500000.0,Colombo,6.5,Athurugiriya
4000,4,4,Colombo,46,2,49500000.0,Colombo,10.0,Talawatugoda
4000,4,4,Colombo,1,2,95000000.0,Colombo,10.0,Kotte
4100,4,5,Kandy,5,2,44500000.0,Kandy,10.0,Kandy City
1600,2,2,Gampaha,33,1,10000000.0,Gampaha,14.0,Negombo
1750,3,1,Colombo,20,2,18000000.0,Colombo,6.0,Nugegoda
4000,4,4,Colombo,20,2,95000000.0,Colombo,10.0,Kotte
2000,4,3,Colombo,5,2,18500000.0,Colombo,7.0,Nugegoda
4000,3,3,Colombo,35,2,16500000.0,Colombo,6.5,Ratmalana
2680,4,3,Colombo,11,2,25000000.0,Colombo,10.0,Kottawa
3800,5,5,Colombo,14,2,37500000.0,Colombo,9.5,Moratuwa
1000,3,1,Gampaha,35,2,8500000.0,Gampaha,20.0,Delgoda
2500,5,4,Colombo,25,2,146250000.0,Colombo,19.5,Colombo 6
1800,4,1,Gampaha,31,2,6500000.0,Gampaha,16.5,Kadawatha
3785,6,4,Colombo,8,3,172000000.0,Colombo,17.7,Nawala
2900,5,4,Colombo,3,2,39000000.0,Colombo,10.0,Malabe
2400,4,3,Colombo,15,2,24800000.0,Colombo,6.0,Piliyandala
2750,4,4,Colombo,48,2,32000000.0,Colombo,7.3,Colombo 15
2300,4,4,Colombo,41,2,21500000.0,Colombo,9.5,Piliyandala
3700,5,4,Colombo,19,2,30500000.0,Colombo,8.0,Piliyandala
2500,4,5,Colombo,43,2,25500000.0,Colombo,7.0,Piliyandala
3850,4,4,Colombo,11,2,33000000.0,Colombo,10.0,Piliyandala
3000,4,4,Colombo,2,2,33000000.0,Colombo,8.0,Kottawa
3000,5,4,Colombo,17,2,60000000.0,Colombo,13.0,Kotte
3500,5,3,Colombo,50,2,32000000.0,Colombo,20.0,Colombo 15
1610,3,2,Gampaha,15,2,19000000.0,Gampaha,10.0,Negombo
5000,6,6,Gampaha,37,3,47500000.0,Gampaha,18.8,Wattala
3800,4,4,Colombo,22,2,38500000.0,Colombo,10.0,Talawatugoda
4500,5,4,Colombo,5,2,115000000.0,Colombo,22.0,Talawatugoda
4000,5,4,Colombo,3,2,65000000.0,Colombo,12.5,Talawatugoda
2500,5,7,Colombo,3,2,64000000.0,Colombo,17.5,Talawatugoda
4000,4,4,Colombo,7,2,75000000.0,Colombo,16.0,Kotte
3800,5,4,Colombo,46,2,45000000.0,Colombo,11.0,Talawatugoda
3000,4,3,Colombo,42,2,110000000.0,Colombo,50.0,Talawatugoda
3200,4,4,Colombo,3,2,36000000.0,Colombo,10.0,Malabe
3200,4,4,Colombo,6,2,95000000.0,Colombo,10.0,Kotte
3500,4,4,Colombo,21,2,60000000.0,Colombo,13.0,Kotte
1900,3,2,Colombo,48,2,27500000.0,Colombo,10.0,Malabe
4000,5,3,Gampaha,1,2,32000000.0,Gampaha,20.0,Wattala
4900,4,4,Colombo,43,2,80000000.0,Colombo,16.0,Kotte
7900,7,7,Colombo,2,4,65000000.0,Colombo,22.0,Moratuwa
4000,4,4,Colombo,44,2,75000000.0,Colombo,16.0,Kotte
1500,3,1,Gampaha,19,2,19000000.0,Gampaha,32.0,Ganemulla
1300,3,1,Colombo,17,2,9000000.0,Colombo,8.0,Angoda
1750,3,2,Colombo,48,2,9800000.0,Colombo,7.0,Piliyandala
1500,3,3,Colombo,14,2,14900000.0,Colombo,9.4,Kaduwela
3150,4,3,Gampaha,5,2,26500000.0,Gampaha,10.5,Negombo
1600,3,2,Gampaha,45,2,19000000.0,Gampaha,10.0,Negombo
3012,5,4,Colombo,26,2,33500000.0,Colombo,16.0,Piliyandala
1542,3,3,Colombo,50,2,18500000.0,Colombo,8.0,Kesbewa
2417,4,4,Colombo,36,2,21500000.0,Colombo,9.0,Piliyandala
1400,3,3,Colombo,50,2,33900000.0,Colombo,9.8,Mount Lavinia
2985,4,5,Colombo,39,2,25500000.0,Colombo,7.0,Piliyandala
2895,4,4,Colombo,12,2,24800000.0,Colombo,6.0,Piliyandala
2415,4,3,Colombo,6,2,18500000.0,Colombo,6.5,Piliyandala
1600,5,2,Gampaha,43,2,16000000.0,Gampaha,14.9,Seeduwa
2541,4,3,Colombo,48,2,23000000.0,Colombo,7.0,Piliyandala
3675,5,3,Colombo,4,2,27000000.0,Colombo,10.5,Kottawa
2800,4,3,Colombo,5,2,70000000.0,Colombo,11.0,Battaramulla
3241,5,3,Colombo,17,2,22500000.0,Colombo,8.0,Piliyandala
1522,3,2,Colombo,41,2,15000000.0,Colombo,7.5,Piliyandala
1600,4,1,Kandy,10,2,13000000.0,Kandy,25.7,Digana
3700,5,3,Colombo,1,2,19000000.0,Colombo,7.5,Boralesgamuwa
1000,5,4,Colombo,19,2,95000000.0,Colombo,52.0,Malabe
1630,3,2,Gampaha,33,2,19000000.0,Gampaha,10.0,Negombo
3000,4,3,Colombo,46,2,32000000.0,Colombo,5.5,Colombo 9
2262,3,3,Gampaha,6,2,27000000.0,Gampaha,18.0,Kiribathgoda
2000,5,2,Gampaha,45,2,17500000.0,Gampaha,7.0,Negombo
3150,4,3,Gampaha,43,2,26500000.0,Gampaha,10.5,Negombo
3000,4,3,Gampaha,15,2,17000000.0,Gampaha,10.0,Ganemulla
1500,3,2,Colombo,4,2,66960000.0,Colombo,18.6,Ratmalana
1240,3,1,Colombo,2,2,13200000.0,Colombo,10.0,Homagama
1950,3,2,Gampaha,33,2,27000000.0,Gampaha,12.0,Negombo
1610,3,2,Gampaha,36,2,18000000.0,Gampaha,11.5,Negombo
1600,3,2,Gampaha,4,2,19000000.0,Gampaha,10.0,Negombo
3000,4,1,Gampaha,4,2,6000000.0,Gampaha,42.0,Nittambuwa
2500,3,3,Colombo,10,2,19500000.0,Colombo,11.0,Piliyandala
1400,5,2,Matale,20,2,6500000.0,Matale,13.0,Galewela
2750,5,1,Ampara,29,2,15000000.0,Ampara,14.0,Kalmunai
2500,4,3,Gampaha,38,2,29500000.0,Gampaha,20.0,Negombo
3000,3,1,Gampaha,29,2,6800000.0,Gampaha,15.0,Nittambuwa
2000,4,3,Gampaha,46,2,28000000.0,Gampaha,7.05,Ja-Ela
1600,3,2,Gampaha,8,2,19000000.0,Gampaha,10.0,Negombo
3450,4,3,Gampaha,14,2,31000000.0,Gampaha,15.0,Negombo
1700,3,1,Gampaha,7,2,21000000.0,Gampaha,27.0,Ja-Ela
2700,5,3,Gampaha,1,2,30000000.0,Gampaha,15.0,Kandana
3000,5,3,Colombo,28,2,29000000.0,Colombo,8.0,Malabe
1630,3,2,Gampaha,46,2,19000000.0,Gampaha,10.0,Negombo
3100,4,3,Gampaha,42,2,26500000.0,Gampaha,10.5,Negombo
1610,3,2,Gampaha,7,2,18000000.0,Gampaha,11.5,Negombo
1680,4,4,Gampaha,16,2,18500000.0,Gampaha,6.0,Wattala
2000,3,1,Ratnapura,17,2,4000000.0,Ratnapura,18.0,Ratnapura City
1700,3,3,Colombo,43,2,17500000.0,Colombo,6.0,Kottawa
3000,4,3,Gampaha,23,2,30000000.0,Gampaha,12.5,Gampaha City
2000,3,1,Gampaha,2,2,12000000.0,Gampaha,7.0,Ragama
2650,4,3,Colombo,42,2,29000000.0,Colombo,10.0,Homagama
1580,3,2,Gampaha,8,2,17000000.0,Gampaha,11.0,Negombo
3000,4,4,Kurunegala,32,2,35000000.0,Kurunegala,28.0,Kurunegala City
1600,3,2,Gampaha,25,2,19000000.0,Gampaha,10.0,Negombo
2600,4,3,Colombo,1,2,19000000.0,Colombo,18.2,Athurugiriya
3150,4,3,Gampaha,7,2,26500000.0,Gampaha,10.5,Negombo
3150,4,3,Gampaha,41,2,31000000.0,Gampaha,15.0,Negombo
1610,3,2,Gampaha,13,2,19000000.0,Gampaha,10.0,Negombo
3000,4,4,Colombo,45,2,33000000.0,Colombo,8.0,Talawatugoda
1500,5,1,Kandy,8,2,13000000.0,Kandy,22.0,Kandy City
2500,5,4,Colombo,8,2,55000000.0,Colombo,12.0,Battaramulla
3000,4,3,Colombo,33,2,36000000.0,Colombo,10.0,Malabe
4356,2,1,Kurunegala,9,1,5000000.0,Kurunegala,16.0,Narammala
2900,4,4,Colombo,9,2,29500000.0,Colombo,7.8,Piliyandala
1300,3,1,Kalutara,39,2,6500000.0,Kalutara,16.5,Panadura
2586,3,3,Colombo,6,2,21500000.0,Colombo,9.5,Piliyandala
2200,4,4,Colombo,47,2,23000000.0,Colombo,7.0,Athurugiriya
3000,4,3,Colombo,6,2,29500000.0,Colombo,8.0,Moratuwa
1400,3,3,Colombo,24,2,15000000.0,Colombo,10.0,Athurugiriya
1088,5,3,Colombo,25,2,20000000.0,Colombo,4.0,Wellampitiya
1900,4,3,Colombo,31,2,19000000.0,Colombo,11.4,Athurugiriya
2900,4,4,Colombo,9,2,34000000.0,Colombo,8.5,Piliyandala
3800,5,5,Kalutara,14,2,37500000.0,Kalutara,10.0,Panadura
4500,4,4,Colombo,17,2,95000000.0,Colombo,10.0,Kotte
2900,4,4,Colombo,35,2,29500000.0,Colombo,6.5,Malabe
2500,5,2,Kalutara,41,2,22500000.0,Kalutara,28.0,Bandaragama
1070,3,2,Colombo,23,2,14200000.0,Colombo,7.6,Malabe
2500,4,2,Matara,28,2,32500000.0,Matara,15.5,Matara City
3877,5,4,Gampaha,4,2,45000000.0,Gampaha,20.0,Kandana
1566,3,1,Colombo,40,2,13280000.0,Colombo,10.0,Homagama
6750,5,5,Colombo,3,2,187000000.0,Colombo,20.0,Colombo 5
2500,4,3,Colombo,47,2,23500000.0,Colombo,6.0,Malabe
1400,3,2,Colombo,47,2,18500000.0,Colombo,7.9,Malabe
1900,3,2,Colombo,8,2,19000000.0,Colombo,11.4,Malabe
2400,4,3,Colombo,11,2,26000000.0,Colombo,8.9,Malabe
1950,4,3,Colombo,50,2,22500000.0,Colombo,6.4,Malabe
2400,4,3,Colombo,2,2,26000000.0,Colombo,10.5,Malabe
2200,4,3,Colombo,31,2,26500000.0,Colombo,6.0,Malabe
1950,3,4,Colombo,15,2,25000000.0,Colombo,8.1,Piliyandala
3600,4,3,Colombo,20,2,36000000.0,Colombo,7.8,Malabe
2800,4,3,Colombo,8,2,27500000.0,Colombo,11.5,Malabe
3100,4,3,Gampaha,9,2,31000000.0,Gampaha,15.0,Negombo
3500,5,6,Colombo,11,2,50000000.0,Colombo,15.0,Maharagama
2500,5,4,Colombo,47,2,26000000.0,Colombo,10.5,Malabe
2700,4,4,Colombo,40,2,40000000.0,Colombo,7.0,Maharagama
3600,4,4,Colombo,12,2,36000000.0,Colombo,7.8,Malabe
4100,5,2,Gampaha,7,2,20000000.0,Gampaha,10.0,Kadawatha
1610,3,2,Gampaha,7,2,19000000.0,Gampaha,10.0,Negombo
3200,4,4,Colombo,20,2,35000000.0,Colombo,11.2,Boralesgamuwa
3854,5,4,Colombo,44,2,49000000.0,Colombo,15.0,Boralesgamuwa
1600,3,2,Gampaha,6,2,19000000.0,Gampaha,10.0,Negombo
2800,3,2,Colombo,42,2,33000000.0,Colombo,7.5,Boralesgamuwa
3800,5,5,Colombo,1,2,37500000.0,Colombo,9.5,Moratuwa
5500,5,5,Colombo,41,2,60000000.0,Colombo,10.5,Boralesgamuwa
3000,6,4,Colombo,2,3,70000000.0,Colombo,8.0,Dehiwala
2800,4,4,Colombo,32,2,42500000.0,Colombo,10.0,Boralesgamuwa
5000,4,4,Colombo,10,2,69000000.0,Colombo,15.21,Boralesgamuwa
3500,6,4,Colombo,14,3,48000000.0,Colombo,8.5,Boralesgamuwa
3500,4,3,Colombo,9,2,93000000.0,Colombo,18.6,Colombo 5
4800,5,5,Colombo,34,2,82500000.0,Colombo,16.0,Talawatugoda
3000,4,2,Gampaha,32,2,19000000.0,Gampaha,18.0,Kandana
1550,3,2,Gampaha,45,2,17000000.0,Gampaha,11.0,Negombo
4500,5,4,Colombo,47,2,65000000.0,Colombo,10.0,Talawatugoda
1250,2,1,Kalutara,44,1,4800000.0,Kalutara,9.7,Bandaragama
3500,5,5,Colombo,25,2,89000000.0,Colombo,14.0,Nugegoda
1200,3,3,Colombo,46,2,29500000.0,Colombo,16.5,Malabe
7000,7,7,Colombo,50,4,97500000.0,Colombo,23.0,Talawatugoda
3600,5,4,Colombo,19,2,35000000.0,Colombo,8.0,Malabe
1350,3,1,Gampaha,44,2,9900000.0,Gampaha,10.0,Negombo
1250,3,2,Colombo,5,2,26500000.0,Colombo,7.0,Malabe
2000,3,1,Colombo,15,2,14800000.0,Colombo,6.8,Malabe
1300,3,2,Colombo,25,2,17000000.0,Colombo,7.5,Malabe
2300,5,3,Gampaha,7,2,17500000.0,Gampaha,10.0,Kandana
1500,4,2,Gampaha,49,2,19000000.0,Gampaha,8.0,Kandana
4500,5,4,Colombo,9,2,115000000.0,Colombo,22.0,Talawatugoda
3500,5,5,Colombo,35,2,42500000.0,Colombo,10.0,Talawatugoda
3800,5,4,Colombo,19,2,45000000.0,Colombo,11.0,Talawatugoda
1900,3,3,Colombo,47,2,20500000.0,Colombo,6.5,Homagama
1600,3,2,Gampaha,45,2,18000000.0,Gampaha,11.5,Negombo
1425,3,1,Gampaha,32,2,9900000.0,Gampaha,10.0,Negombo
1800,3,1,Kurunegala,33,2,13500000.0,Kurunegala,15.0,Kurunegala City
4000,4,3,Colombo,6,2,28000000.0,Colombo,15.0,Homagama
2800,3,2,Colombo,13,2,24500000.0,Colombo,18.0,Athurugiriya
2100,4,4,Colombo,12,2,20500000.0,Colombo,6.0,Athurugiriya
2750,4,3,Colombo,50,2,35000000.0,Colombo,10.0,Athurugiriya
2000,4,2,Colombo,12,2,24500000.0,Colombo,7.0,Athurugiriya
4000,4,4,Colombo,18,2,95000000.0,Colombo,10.0,Kotte
1900,4,4,Colombo,3,2,80000000.0,Colombo,16.0,Kotte
1800,3,3,Colombo,23,2,18500000.0,Colombo,10.0,Athurugiriya
3300,5,4,Colombo,50,2,31500000.0,Colombo,10.0,Athurugiriya
1150,3,2,Colombo,2,2,11000000.0,Colombo,8.0,Athurugiriya
2900,4,3,Colombo,18,2,25000000.0,Colombo,10.0,Athurugiriya
3250,5,5,Colombo,40,2,85000000.0,Colombo,7.5,Colombo 5
2000,4,4,Colombo,25,2,24000000.0,Colombo,6.0,Malabe
3000,4,4,Colombo,5,2,36000000.0,Colombo,10.0,Malabe
4500,4,3,Colombo,2,2,45000000.0,Colombo,12.0,Rajagiriya
1100,3,2,Colombo,9,2,10000000.0,Colombo,6.0,Athurugiriya
3500,4,3,Gampaha,25,2,31000000.0,Gampaha,15.0,Negombo
3100,4,3,Gampaha,16,2,26500000.0,Gampaha,10.5,Negombo
2600,4,4,Colombo,40,2,29000000.0,Colombo,10.0,Malabe
2200,4,4,Colombo,50,2,22000000.0,Colombo,6.3,Malabe
1600,3,2,Gampaha,7,2,19000000.0,Gampaha,10.0,Negombo
2874,4,4,Colombo,12,2,24800000.0,Colombo,6.0,Piliyandala
3150,5,3,Gampaha,8,2,31000000.0,Gampaha,15.0,Negombo
3000,4,3,Colombo,2,2,45000000.0,Colombo,8.0,Talawatugoda
2895,4,4,Colombo,5,2,26000000.0,Colombo,7.0,Piliyandala
2400,4,3,Colombo,42,2,27000000.0,Colombo,7.0,Kottawa
2750,3,3,Colombo,28,2,23000000.0,Colombo,6.2,Piliyandala
1100,3,2,Colombo,8,2,14200000.0,Colombo,7.86,Malabe
3000,6,5,Colombo,5,3,33500000.0,Colombo,16.0,Kottawa
2000,3,2,Colombo,46,2,67200000.0,Colombo,14.0,Kotte
2400,4,3,Colombo,22,2,24800000.0,Colombo,6.0,Piliyandala
2700,4,2,Colombo,24,2,56250000.0,Colombo,18.75,Nugegoda
2300,4,4,Colombo,7,2,21500000.0,Colombo,9.5,Piliyandala
2600,5,2,Colombo,39,2,25000000.0,Colombo,10.0,Kottawa
3100,4,4,Colombo,35,2,39800000.0,Colombo,11.0,Kottawa
2700,5,3,Colombo,36,2,27000000.0,Colombo,7.5,Piliyandala
4000,4,4,Colombo,43,2,29000000.0,Colombo,10.08,Kottawa
1874,3,3,Colombo,6,2,18500000.0,Colombo,11.0,Piliyandala
1800,4,4,Colombo,47,2,17500000.0,Colombo,7.5,Kottawa
1800,3,1,Colombo,28,2,14500000.0,Colombo,10.0,Piliyandala
2000,3,2,Colombo,25,2,21500000.0,Colombo,9.5,Piliyandala
3100,4,4,Colombo,13,2,40000000.0,Colombo,10.0,Piliyandala
1600,3,2,Gampaha,5,2,18000000.0,Gampaha,11.5,Negombo
2800,5,4,Colombo,46,2,29500000.0,Colombo,11.0,Boralesgamuwa
3250,5,3,Colombo,10,2,23500000.0,Colombo,7.0,Piliyandala
2400,4,3,Colombo,32,2,30000000.0,Colombo,11.0,Talawatugoda
800,1,1,Colombo,2,1,6000000.0,Colombo,6.0,Piliyandala
3000,4,3,Colombo,10,2,35000000.0,Colombo,19.0,Piliyandala
3474,4,4,Colombo,15,2,33000000.0,Colombo,10.0,Piliyandala
1400,3,3,Colombo,5,2,15800000.0,Colombo,10.0,Kottawa
3700,5,4,Colombo,46,2,30500000.0,Colombo,8.0,Piliyandala
1250,3,2,Colombo,33,2,16500000.0,Colombo,7.5,Malabe
3150,4,3,Gampaha,8,2,26500000.0,Gampaha,10.5,Negombo
2875,4,4,Colombo,6,2,21500000.0,Colombo,9.0,Piliyandala
2500,4,5,Colombo,34,2,25500000.0,Colombo,7.0,Piliyandala
1600,3,2,Gampaha,45,2,19000000.0,Gampaha,10.0,Negombo
3516,5,3,Colombo,7,2,22500000.0,Colombo,10.5,Piliyandala
3850,4,4,Colombo,39,2,33000000.0,Colombo,10.0,Piliyandala
2000,3,3,Colombo,10,2,19800000.0,Colombo,6.5,Athurugiriya
1200,3,3,Colombo,29,2,14500000.0,Colombo,6.0,Athurugiriya
1600,3,2,Gampaha,38,2,19000000.0,Gampaha,10.0,Negombo
3100,4,3,Gampaha,49,2,26500000.0,Gampaha,10.5,Negombo
2500,3,2,Colombo,10,2,35000000.0,Colombo,20.0,Talawatugoda
2800,5,7,Colombo,48,2,64000000.0,Colombo,17.5,Talawatugoda
3000,4,3,Colombo,5,2,110000000.0,Colombo,50.2,Talawatugoda
2500,5,7,Colombo,8,2,64000000.0,Colombo,17.5,Talawatugoda
1496,3,3,Colombo,25,2,15000000.0,Colombo,7.5,Piliyandala
3300,4,2,Colombo,33,2,55000000.0,Colombo,11.0,Talawatugoda
1300,3,1,Kurunegala,46,2,4100000.0,Kurunegala,20.0,Galgamuwa
3500,4,4,Colombo,29,2,85000000.0,Colombo,16.0,Talawatugoda
3800,4,4,Colombo,33,2,45000000.0,Colombo,7.0,Talawatugoda
1400,3,3,Galle,23,2,14000000.0,Galle,15.0,Karapitiya
2800,4,3,Colombo,37,2,24800000.0,Colombo,6.5,Piliyandala
4500,5,4,Colombo,25,2,115000000.0,Colombo,22.0,Talawatugoda
4500,5,5,Colombo,12,2,46500000.0,Colombo,28.0,Piliyandala
3500,4,3,Gampaha,34,2,26500000.0,Gampaha,10.0,Negombo
1500,3,3,Colombo,47,2,18500000.0,Colombo,7.5,Malabe
4200,4,4,Colombo,41,2,49500000.0,Colombo,10.0,Talawatugoda
3800,5,5,Colombo,24,2,38500000.0,Colombo,10.0,Moratuwa
3000,4,3,Colombo,10,2,110000000.0,Colombo,20.0,Talawatugoda
3300,4,4,Colombo,46,2,50000000.0,Colombo,10.0,Talawatugoda
3800,5,4,Colombo,8,2,45000000.0,Colombo,11.0,Talawatugoda
3800,5,4,Colombo,20,2,45000000.0,Colombo,11.0,Nugegoda
3430,4,3,Colombo,4,2,40000000.0,Colombo,12.6,Colombo 1
4000,4,4,Colombo,5,2,60000000.0,Colombo,15.0,Talawatugoda
4000,4,4,Colombo,44,2,60000000.0,Colombo,15.0,Nugegoda
2900,4,3,Colombo,40,2,27000000.0,Colombo,7.0,Kottawa
4000,6,6,Colombo,23,3,63000000.0,Colombo,12.0,Nugegoda
2568,4,4,Colombo,41,2,24800000.0,Colombo,6.0,Piliyandala
2800,4,3,Colombo,26,2,26500000.0,Colombo,6.5,Malabe
3200,4,4,Colombo,9,2,36000000.0,Colombo,10.0,Malabe
4000,5,4,Colombo,4,2,65000000.0,Colombo,12.5,Malabe
3000,5,3,Colombo,37,2,40000000.0,Colombo,14.0,Kohuwala
3524,7,5,Colombo,21,4,31000000.0,Colombo,10.5,Piliyandala
5600,5,5,Colombo,14,2,130000000.0,Colombo,62.0,Malabe
4000,4,4,Colombo,9,2,49500000.0,Colombo,10.0,Talawatugoda
4500,4,3,Colombo,8,2,65000000.0,Colombo,11.2,Kotte
3150,4,3,Gampaha,5,2,31000000.0,Gampaha,15.0,Negombo
3100,4,3,Kandy,44,2,70000000.0,Kandy,31.0,Katugastota
3200,4,3,Colombo,42,2,45000000.0,Colombo,10.0,Malabe
3100,5,3,Colombo,18,2,37500000.0,Colombo,9.0,Malabe
5000,4,2,Colombo,47,2,25000000.0,Colombo,12.5,Athurugiriya
4500,5,4,Colombo,44,2,65000000.0,Colombo,10.0,Talawatugoda
2675,4,3,Colombo,7,2,48000000.0,Colombo,10.12,Malabe
1800,3,2,Colombo,3,2,12500000.0,Colombo,8.8,Piliyandala
1600,4,2,Colombo,6,2,14500000.0,Colombo,6.0,Piliyandala
1000,3,1,Kandy,40,2,3650000.0,Kandy,9.5,Gampola
3000,4,4,Colombo,1,2,33000000.0,Colombo,8.0,Kottawa
3250,4,3,Colombo,47,2,30500000.0,Colombo,7.5,Piliyandala
5500,4,4,Colombo,10,2,85000000.0,Colombo,12.0,Battaramulla
2400,4,3,Colombo,28,2,25500000.0,Colombo,6.0,Piliyandala
2880,3,3,Colombo,4,2,21500000.0,Colombo,9.5,Piliyandala
4000,5,3,Colombo,39,2,65000000.0,Colombo,10.0,Battaramulla
3000,5,3,Colombo,7,2,57000000.0,Colombo,14.8,Kohuwala
1850,3,2,Colombo,12,2,17000000.0,Colombo,12.8,Talawatugoda
1590,3,2,Colombo,2,2,14000000.0,Colombo,10.0,Piliyandala
2900,4,3,Colombo,3,2,27000000.0,Colombo,7.0,Talawatugoda
3300,4,2,Colombo,46,2,55000000.0,Colombo,11.0,Battaramulla
4500,5,4,Colombo,24,2,115000000.0,Colombo,22.0,Battaramulla
3508,4,4,Colombo,50,2,30500000.0,Colombo,8.0,Piliyandala
3000,5,4,Colombo,49,2,40000000.0,Colombo,10.0,Piliyandala
3000,6,4,Colombo,47,3,48500000.0,Colombo,14.0,Piliyandala
4700,5,5,Colombo,41,2,82500000.0,Colombo,16.0,Battaramulla
2200,4,3,Colombo,1,2,26000000.0,Colombo,7.0,Piliyandala
2900,4,4,Colombo,3,2,36000000.0,Colombo,8.5,Piliyandala
2400,6,3,Colombo,20,3,33000000.0,Colombo,15.1,Maharagama
3850,4,4,Colombo,30,2,33000000.0,Colombo,10.0,Piliyandala
1610,3,2,Gampaha,8,2,19000000.0,Gampaha,10.0,Negombo
3000,4,4,Colombo,9,2,60000000.0,Colombo,15.0,Talawatugoda
2300,4,3,Colombo,21,2,17000000.0,Colombo,11.5,Talawatugoda
4200,4,4,Colombo,16,2,33000000.0,Colombo,10.0,Piliyandala
3450,4,3,Gampaha,6,2,31000000.0,Gampaha,15.0,Negombo
2250,4,2,Gampaha,15,2,15000000.0,Gampaha,7.5,Negombo
3625,4,4,Colombo,4,2,27500000.0,Colombo,8.5,Piliyandala
3152,4,3,Gampaha,7,2,26500000.0,Gampaha,10.5,Negombo
1600,3,2,Gampaha,50,2,19000000.0,Gampaha,10.0,Negombo
3300,4,3,Colombo,14,2,42500000.0,Colombo,11.0,Talawatugoda
2963,4,4,Colombo,7,2,30500000.0,Colombo,9.0,Piliyandala
2784,4,4,Colombo,40,2,27000000.0,Colombo,7.0,Piliyandala
2722,4,3,Colombo,10,2,26000000.0,Colombo,8.5,Piliyandala
2874,3,3,Colombo,2,2,21500000.0,Colombo,9.5,Piliyandala
1874,3,3,Colombo,23,2,18500000.0,Colombo,11.0,Piliyandala
3250,5,4,Colombo,14,2,25500000.0,Colombo,10.0,Piliyandala
750,2,1,Colombo,41,1,8500000.0,Colombo,3.0,Nugegoda
4500,4,4,Colombo,27,2,95000000.0,Colombo,10.0,Battaramulla
1500,3,2,Gampaha,44,2,13500000.0,Gampaha,10.0,Negombo
2500,4,3,Colombo,49,2,17500000.0,Colombo,8.0,Piliyandala
3300,4,4,Colombo,20,2,55000000.0,Colombo,11.0,Talawatugoda
4000,4,4,Colombo,7,2,110000000.0,Colombo,50.17,Talawatugoda
3800,4,3,Colombo,11,2,55000000.0,Colombo,10.0,Talawatugoda
3000,4,4,Colombo,3,2,60000000.0,Colombo,13.0,Talawatugoda
3300,4,4,Colombo,6,2,55000000.0,Colombo,11.0,Talawatugoda
4500,4,4,Colombo,4,2,95000000.0,Colombo,10.0,Talawatugoda
1600,3,2,Gampaha,4,2,19000000.0,Gampaha,10.0,Negombo
3500,4,3,Gampaha,37,2,29500000.0,Gampaha,20.0,Negombo
1700,3,2,Gampaha,20,2,20500000.0,Gampaha,12.5,Negombo
1610,3,2,Gampaha,8,2,18000000.0,Gampaha,10.0,Negombo
2750,4,4,Colombo,39,2,47000000.0,Colombo,6.0,Dehiwala
2500,4,2,Kandy,9,2,19500000.0,Kandy,15.0,Kandy City
3100,4,3,Gampaha,13,2,26500000.0,Gampaha,10.5,Negombo
2089,5,3,Gampaha,9,2,27000000.0,Gampaha,13.5,Wattala
4500,6,4,Colombo,23,3,84500000.0,Colombo,20.0,Dehiwala
3150,4,3,Gampaha,16,2,26500000.0,Gampaha,10.5,Negombo
3524,5,3,Colombo,21,2,22500000.0,Colombo,10.5,Piliyandala
1610,3,2,Gampaha,8,2,18000000.0,Gampaha,11.5,Negombo
1350,3,1,Gampaha,47,2,9900000.0,Gampaha,10.0,Negombo
1630,3,2,Gampaha,2,2,19000000.0,Gampaha,10.0,Negombo
2500,4,3,Gampaha,2,2,29500000.0,Gampaha,20.0,Negombo
1950,3,2,Gampaha,20,2,27000000.0,Gampaha,12.0,Negombo
2500,4,2,Colombo,36,2,16000000.0,Colombo,10.4,Pannipitiya
4200,4,3,Colombo,13,2,47500000.0,Colombo,8.0,Nugegoda
5016,5,3,Colombo,16,2,40000000.0,Colombo,8.2,Nugegoda
5445,5,1,Galle,48,2,6500000.0,Galle,20.0,Ahangama
2800,4,4,Colombo,49,2,28000000.0,Colombo,10.0,Malabe
2900,4,4,Colombo,3,2,29500000.0,Colombo,6.5,Malabe
3150,4,3,Gampaha,20,2,31000000.0,Gampaha,15.0,Negombo
2000,4,4,Colombo,14,2,24000000.0,Colombo,6.0,Malabe
1550,3,2,Gampaha,27,2,17000000.0,Gampaha,11.0,Negombo
1610,3,2,Gampaha,17,2,19000000.0,Gampaha,10.0,Negombo
5500,5,6,Colombo,8,2,85000000.0,Colombo,33.0,Boralesgamuwa
3150,4,3,Gampaha,10,2,26500000.0,Gampaha,10.5,Negombo
2600,4,4,Colombo,14,2,37500000.0,Colombo,9.5,Malabe
1400,1,1,Gampaha,1,1,7000000.0,Gampaha,13.25,Ragama
2822,5,3,Colombo,43,2,27000000.0,Colombo,7.5,Piliyandala
1500,3,2,Gampaha,11,2,19000000.0,Gampaha,10.0,Negombo
1300,3,3,Ratnapura,29,2,5000000.0,Ratnapura,44.0,Balangoda
3000,4,3,Colombo,41,2,105000000.0,Colombo,21.5,Nugegoda
3800,5,5,Colombo,25,2,37500000.0,Colombo,9.5,Moratuwa
4000,4,4,Colombo,30,2,49500000.0,Colombo,10.0,Talawatugoda
2500,3,2,Kalutara,5,2,12500000.0,Kalutara,15.0,Kalutara City
2600,4,3,Colombo,6,2,24000000.0,Colombo,6.5,Nugegoda
4500,4,4,Colombo,12,2,95000000.0,Colombo,10.0,Kotte
4500,4,4,Colombo,15,2,95000000.0,Colombo,10.0,Battaramulla
4500,5,4,Colombo,43,2,65000000.0,Colombo,10.0,Malabe
1500,3,2,Gampaha,21,2,13500000.0,Gampaha,10.0,Negombo
2800,4,3,Colombo,10,2,29500000.0,Colombo,6.5,Malabe
5000,5,5,Colombo,11,2,140000000.0,Colombo,16.0,Nugegoda
1600,3,2,Gampaha,6,2,19000000.0,Gampaha,10.0,Negombo
2200,5,4,Gampaha,8,2,15000000.0,Gampaha,14.2,Ja-Ela
7300,6,5,Kalutara,2,3,80000000.0,Kalutara,20.0,Bandaragama
3000,5,4,Colombo,11,2,42000000.0,Colombo,20.5,Piliyandala
3000,4,4,Colombo,13,2,60000000.0,Colombo,15.0,Talawatugoda
1300,3,1,Colombo,10,2,17600000.0,Colombo,12.9,Piliyandala
3700,4,3,Colombo,7,2,55000000.0,Colombo,10.0,Talawatugoda
1200,6,1,Colombo,43,3,9500000.0,Colombo,7.0,Maharagama
500,2,1,Colombo,5,1,7000000.0,Colombo,3.5,Maharagama
1500,2,1,Colombo,46,1,18000000.0,Colombo,5.25,Dehiwala
3000,4,4,Colombo,46,2,33000000.0,Colombo,8.0,Malabe
800,2,2,Colombo,50,1,4800000.0,Colombo,2.0,Colombo 15
950,3,2,Gampaha,32,2,15000000.0,Gampaha,9.5,Wattala
800,4,2,Colombo,1,2,13500000.0,Colombo,3.0,Moratuwa
3000,4,4,Colombo,22,2,33000000.0,Colombo,8.0,Kottawa
1300,3,2,Colombo,19,2,15000000.0,Colombo,3.7,Nugegoda
1600,3,2,Gampaha,12,2,19000000.0,Gampaha,10.0,Negombo
2000,3,3,Colombo,12,2,29000000.0,Colombo,10.4,Pannipitiya
2000,5,2,Gampaha,20,2,17500000.0,Gampaha,7.0,Negombo
1950,3,2,Gampaha,37,2,27000000.0,Gampaha,12.0,Negombo
1600,3,2,Gampaha,5,2,19000000.0,Gampaha,10.0,Negombo
3500,4,2,Colombo,23,2,34000000.0,Colombo,11.9,Rajagiriya
1600,3,2,Gampaha,50,2,19000000.0,Gampaha,10.0,Negombo
2500,5,3,Colombo,39,2,90080000.0,Colombo,22.52,Nugegoda
4500,4,4,Colombo,2,2,100000000.0,Colombo,10.0,Nugegoda
3200,5,2,Colombo,9,2,21000000.0,Colombo,11.0,Maharagama
1425,3,1,Gampaha,43,2,9900000.0,Gampaha,10.0,Negombo
1600,3,2,Gampaha,9,2,19000000.0,Gampaha,10.0,Negombo
1300,2,1,Colombo,40,1,14700000.0,Colombo,7.85,Kaduwela
1350,3,1,Gampaha,8,2,9900000.0,Gampaha,10.0,Negombo
1610,3,2,Gampaha,48,2,19000000.0,Gampaha,10.0,Negombo
2500,4,3,Gampaha,42,2,29500000.0,Gampaha,20.0,Negombo
3150,4,3,Gampaha,5,2,26500000.0,Gampaha,10.5,Negombo
1600,3,1,Colombo,4,2,48950000.0,Colombo,17.8,Nugegoda
2000,6,4,Gampaha,2,3,48500000.0,Gampaha,9.0,Kelaniya
1600,3,2,Gampaha,1,2,19000000.0,Gampaha,10.0,Negombo
1580,3,2,Gampaha,18,2,17000000.0,Gampaha,11.0,Negombo
1600,3,2,Gampaha,5,2,18000000.0,Gampaha,11.5,Negombo
3250,4,3,Gampaha,15,2,31000000.0,Gampaha,15.0,Negombo
1200,3,1,Kalutara,11,2,7500000.0,Kalutara,24.91,Matugama
3100,4,3,Gampaha,7,2,26500000.0,Gampaha,10.5,Negombo
1100,2,1,Colombo,20,1,10500000.0,Colombo,6.22,Piliyandala
2100,4,2,Colombo,28,2,11000000.0,Colombo,6.8,Piliyandala
1350,3,2,Colombo,47,2,14000000.0,Colombo,10.0,Malabe
3000,4,3,Colombo,11,2,36000000.0,Colombo,10.0,Malabe
5000,5,4,Colombo,12,2,55000000.0,Colombo,11.0,Nugegoda
7000,5,3,Colombo,42,2,55000000.0,Colombo,21.0,Homagama
1180,2,3,Colombo,7,1,14000000.0,Colombo,8.0,Boralesgamuwa
7000,5,3,Colombo,4,2,55000000.0,Colombo,21.0,Godagama
2200,4,3,Colombo,10,2,22000000.0,Colombo,6.3,Malabe
2500,7,3,Gampaha,10,4,8000000.0,Gampaha,9.65,Delgoda
2900,4,4,Colombo,8,2,29500000.0,Colombo,6.5,Malabe
1900,4,2,Colombo,28,2,18500000.0,Colombo,11.4,Athurugiriya
1000,2,1,Kandy,49,1,6500000.0,Kandy,22.08,Digana
2000,4,4,Colombo,14,2,24000000.0,Colombo,6.0,Malabe
3800,7,4,Colombo,11,4,27000000.0,Colombo,10.0,Malabe
2200,4,3,Colombo,13,2,26500000.0,Colombo,6.5,Malabe
2900,4,4,Colombo,17,2,29500000.0,Colombo,6.5,Malabe
3150,4,3,Gampaha,19,2,31000000.0,Gampaha,15.0,Negombo
1610,3,2,Gampaha,31,2,19000000.0,Gampaha,10.0,Negombo
1950,3,2,Gampaha,4,2,27000000.0,Gampaha,12.0,Negombo
1905,4,3,Colombo,43,2,24000000.0,Colombo,12.0,Dehiwala
1610,3,2,Gampaha,6,2,18000000.0,Gampaha,11.5,Negombo
3159,4,3,Gampaha,18,2,26500000.0,Gampaha,10.5,Negombo
1250,3,2,Colombo,9,2,7800000.0,Colombo,7.0,Piliyandala
1550,3,2,Gampaha,1,2,17000000.0,Gampaha,11.0,Negombo
3153,4,3,Gampaha,19,2,26500000.0,Gampaha,10.5,Negombo
2000,4,2,Colombo,12,2,16000000.0,Colombo,17.0,Athurugiriya
2800,4,4,Colombo,27,2,28000000.0,Colombo,10.0,Athurugiriya
1600,3,3,Colombo,15,2,18000000.0,Colombo,8.0,Kottawa
1500,2,1,Colombo,17,1,9500000.0,Colombo,7.0,Piliyandala
4599,5,4,Colombo,5,2,49500000.0,Colombo,14.5,Boralesgamuwa
2600,5,3,Colombo,4,2,36000000.0,Colombo,9.0,Mount Lavinia
7000,5,3,Colombo,26,2,53500000.0,Colombo,21.0,Godagama
7000,5,3,Colombo,10,2,53500000.0,Colombo,21.0,Homagama
5625,5,4,Colombo,21,2,170000000.0,Colombo,27.5,Piliyandala
3412,5,4,Colombo,8,2,29000000.0,Colombo,6.5,Boralesgamuwa
2000,3,3,Colombo,42,2,19800000.0,Colombo,6.5,Athurugiriya
1250,3,2,Colombo,6,2,16500000.0,Colombo,7.5,Malabe
4050,6,5,Colombo,15,3,50000000.0,Colombo,8.1,Colombo 5
1000,3,1,Colombo,6,2,7900000.0,Colombo,16.8,Avissawella
3000,6,3,Colombo,42,3,30000000.0,Colombo,6.1,Ratmalana
2800,4,4,Colombo,41,2,27500000.0,Colombo,11.5,Malabe
2200,4,3,Colombo,14,2,26500000.0,Colombo,6.5,Malabe
1400,3,3,Colombo,47,2,18000000.0,Colombo,8.0,Athurugiriya
1100,2,1,Colombo,37,1,9400000.0,Colombo,7.0,Piliyandala
5200,4,4,Colombo,34,2,100000000.0,Colombo,10.0,Kotte
2000,4,4,Colombo,10,2,24000000.0,Colombo,7.0,Malabe
1200,4,2,Kandy,1,2,20000000.0,Kandy,4.4,Kandy City
1200,3,1,Colombo,47,2,7500000.0,Colombo,10.0,Homagama
5000,5,4,Colombo,49,2,40000000.0,Colombo,8.2,Boralesgamuwa
1600,3,2,Gampaha,15,2,19000000.0,Gampaha,10.0,Negombo
1600,3,2,Gampaha,21,2,19000000.0,Gampaha,10.0,Negombo
4000,5,3,Colombo,12,2,65000000.0,Colombo,10.0,Battaramulla
600,1,1,Colombo,9,1,11500000.0,Colombo,2.0,Kolonnawa
2000,4,2,Colombo,9,2,32000000.0,Colombo,10.5,Battaramulla
3000,4,4,Colombo,4,2,53000000.0,Colombo,16.0,Talawatugoda
3000,4,3,Colombo,50,2,110000000.0,Colombo,50.2,Talawatugoda
1100,3,1,Colombo,45,2,6800000.0,Colombo,6.5,Kesbewa
1500,3,1,Gampaha,10,2,5200000.0,Gampaha,10.0,Gampaha City
2900,4,4,Colombo,40,2,29500000.0,Colombo,6.5,Malabe
3100,4,4,Colombo,45,2,39800000.0,Colombo,11.0,Kottawa
1000,3,1,Kalutara,24,2,7000000.0,Kalutara,12.0,Kalutara City
900,2,1,Kalutara,24,1,5800000.0,Kalutara,5.0,Panadura
5000,3,1,Colombo,34,2,16000000.0,Colombo,12.0,Kaduwela
1500,3,3,Colombo,9,2,16500000.0,Colombo,7.5,Athurugiriya
1400,3,3,Colombo,15,2,18000000.0,Colombo,8.0,Athurugiriya
1200,3,3,Colombo,2,2,14500000.0,Colombo,6.0,Athurugiriya
2000,3,1,Gampaha,3,2,13000000.0,Gampaha,15.0,Kadawatha
3500,4,4,Colombo,49,2,100000000.0,Colombo,10.0,Kotte
2067,5,4,Colombo,20,2,22000000.0,Colombo,6.0,Athurugiriya
3400,6,4,Colombo,9,3,36000000.0,Colombo,15.0,Piliyandala
2600,4,4,Colombo,45,2,25000000.0,Colombo,8.0,Piliyandala
3750,4,4,Colombo,49,2,41000000.0,Colombo,8.0,Moratuwa
2800,6,3,Colombo,15,3,24000000.0,Colombo,8.5,Moratuwa
1750,3,2,Colombo,1,2,24000000.0,Colombo,10.0,Boralesgamuwa
2800,5,3,Colombo,7,2,27000000.0,Colombo,8.6,Moratuwa
950,2,1,Gampaha,11,1,11600000.0,Gampaha,6.0,Ja-Ela
1900,4,3,Colombo,1,2,19000000.0,Colombo,11.4,Malabe
3300,7,4,Colombo,5,4,27000000.0,Colombo,11.06,Moratuwa
3400,4,3,Gampaha,9,2,31000000.0,Gampaha,15.0,Negombo
1500,3,3,Colombo,19,2,18500000.0,Colombo,7.5,Malabe
1500,3,2,Colombo,20,2,55000000.0,Colombo,4.0,Colombo 5
1600,3,2,Colombo,45,2,18500000.0,Colombo,10.0,Piliyandala
1950,3,2,Gampaha,15,2,27000000.0,Gampaha,12.0,Negombo
2000,3,3,Colombo,31,2,15500000.0,Colombo,12.0,Talawatugoda
2000,5,2,Gampaha,29,2,17500000.0,Gampaha,7.0,Negombo
2800,4,4,Colombo,9,2,28000000.0,Colombo,10.0,Malabe
3250,4,3,Colombo,46,2,30500000.0,Colombo,7.5,Piliyandala
3014,5,3,Colombo,49,2,38000000.0,Colombo,6.1,Kohuwala
1450,3,2,Colombo,45,2,14000000.0,Colombo,8.0,Piliyandala
3500,5,4,Colombo,49,2,33500000.0,Colombo,8.0,Malabe
2448,4,4,Colombo,17,2,21500000.0,Colombo,9.0,Kesbewa
1400,2,2,Gampaha,2,1,9200000.0,Gampaha,5.0,Ragama
4000,6,4,Ratnapura,6,3,65000000.0,Ratnapura,22.0,Ratnapura City
4000,5,4,Colombo,38,2,165000000.0,Colombo,15.8,Colombo 5
2100,4,3,Gampaha,7,2,25000000.0,Gampaha,8.2,Kandana
1500,3,1,Gampaha,3,2,11500000.0,Gampaha,19.0,Gampaha City
2300,4,3,Gampaha,3,2,31500000.0,Gampaha,10.0,Kandana
1000,2,1,Colombo,23,1,9800000.0,Colombo,10.0,Kaduwela
1400,3,3,Colombo,7,2,15000000.0,Colombo,10.0,Athurugiriya
2900,4,3,Colombo,23,2,33000000.0,Colombo,8.0,Kottawa
2000,3,3,Colombo,6,2,19800000.0,Colombo,6.5,Athurugiriya
1500,3,2,Colombo,46,2,23000000.0,Colombo,6.0,Dehiwala
3000,4,4,Colombo,35,2,33000000.0,Colombo,8.0,Kottawa
2491,4,4,Colombo,23,2,24800000.0,Colombo,6.5,Piliyandala
4000,4,3,Colombo,3,2,29500000.0,Colombo,8.0,Kottawa
2400,4,3,Colombo,15,2,27000000.0,Colombo,7.0,Kottawa
1275,3,2,Gampaha,6,2,12500000.0,Gampaha,7.0,Kadawatha
3000,6,4,Kandy,27,3,35000000.0,Kandy,11.3,Kandy City
2900,4,3,Colombo,20,2,248000000.0,Colombo,6.5,Piliyandala
7200,5,6,Colombo,23,2,70000000.0,Colombo,17.0,Talawatugoda
2650,6,3,Colombo,22,3,35000000.0,Colombo,14.2,Angoda
1275,3,2,Gampaha,16,2,12500000.0,Gampaha,7.1,Kadawatha
2700,5,3,Colombo,4,2,27000000.0,Colombo,7.5,Piliyandala
2400,4,3,Colombo,7,2,24800000.0,Colombo,6.0,Piliyandala
540,2,1,Colombo,6,1,5500000.0,Colombo,2.0,Colombo 5
3000,4,4,Colombo,31,2,27500000.0,Colombo,7.5,Piliyandala
2300,4,4,Colombo,18,2,21500000.0,Colombo,9.5,Piliyandala
2000,4,3,Colombo,49,2,19500000.0,Colombo,6.5,Piliyandala
2500,4,5,Colombo,49,2,25500000.0,Colombo,7.0,Piliyandala
3850,4,4,Colombo,7,2,33000000.0,Colombo,10.0,Piliyandala
2800,4,1,Colombo,1,2,30000000.0,Colombo,9.7,Boralesgamuwa
1980,2,2,Gampaha,26,1,37500000.0,Gampaha,12.38,Wattala
3300,4,2,Colombo,19,2,55000000.0,Colombo,11.0,Talawatugoda
3000,4,3,Colombo,45,2,110000000.0,Colombo,50.0,Talawatugoda
3800,5,4,Colombo,14,2,45000000.0,Colombo,11.0,Talawatugoda
1500,3,1,Colombo,1,2,7500000.0,Colombo,10.0,Piliyandala
4000,4,4,Colombo,43,2,60000000.0,Colombo,15.0,Malabe
2700,5,3,Colombo,16,2,27500000.0,Colombo,11.2,Maharagama
5000,7,7,Gampaha,35,4,60000000.0,Gampaha,20.0,Wattala
2400,4,3,Colombo,18,2,35000000.0,Colombo,11.0,Boralesgamuwa
3000,4,3,Gampaha,2,2,29500000.0,Gampaha,8.0,Kandana
2800,4,3,Colombo,8,2,26500000.0,Colombo,6.5,Malabe
2600,4,3,Gampaha,36,2,45000000.0,Gampaha,30.0,Negombo
4000,5,4,Colombo,13,2,65000000.0,Colombo,12.5,Malabe
1250,3,3,Colombo,10,2,12800000.0,Colombo,6.5,Kottawa
4900,4,4,Colombo,14,2,80000000.0,Colombo,16.0,Kotte
2675,4,3,Colombo,45,2,48000000.0,Colombo,10.12,Malabe
2458,3,2,Colombo,41,2,19000000.0,Colombo,18.0,Piliyandala
3200,4,4,Colombo,48,2,95000000.0,Colombo,10.0,Kotte
3500,4,4,Colombo,10,2,60000000.0,Colombo,13.0,Kotte
1350,3,1,Gampaha,2,2,9900000.0,Gampaha,10.0,Negombo
5500,4,2,Colombo,34,2,35000000.0,Colombo,12.0,Kaduwela
1400,3,2,Colombo,34,2,16500000.0,Colombo,6.0,Kolonnawa
2450,4,3,Colombo,22,2,110000000.0,Colombo,9.09,Colombo 5
2000,5,1,Badulla,32,2,16500000.0,Badulla,10.0,Bandarawela
4500,4,4,Colombo,30,2,95000000.0,Colombo,10.0,Kotte
545,2,1,Colombo,5,1,4500000.0,Colombo,2.0,Moratuwa
2600,3,2,Colombo,25,2,13000000.0,Colombo,10.0,Piliyandala
1906,3,1,Ratnapura,9,2,3200000.0,Ratnapura,7.0,Balangoda
2682,4,1,Colombo,27,2,13000000.0,Colombo,12.71,Kottawa
3000,4,4,Colombo,45,2,60000000.0,Colombo,15.0,Talawatugoda
1200,5,1,Kurunegala,21,2,8000000.0,Kurunegala,10.0,Polgahawela
1524,3,2,Colombo,17,2,26000000.0,Colombo,8.0,Piliyandala
1523,3,3,Colombo,36,2,13500000.0,Colombo,9.0,Piliyandala
1610,3,2,Gampaha,16,2,19000000.0,Gampaha,10.0,Negombo
3700,5,4,Kandy,23,2,25000000.0,Kandy,30.0,Kandy City
3000,4,3,Gampaha,14,2,27000000.0,Gampaha,59.0,Seeduwa
2500,4,3,Gampaha,11,2,29500000.0,Gampaha,20.0,Negombo
3000,5,4,Colombo,31,2,40000000.0,Colombo,10.0,Piliyandala
1850,4,3,Colombo,4,2,22600000.0,Colombo,6.0,Dehiwala
3000,6,4,Colombo,2,3,48500000.0,Colombo,14.0,Piliyandala
3780,5,5,Colombo,20,2,54000000.0,Colombo,15.1,Talawatugoda
2000,3,3,Colombo,47,2,15800000.0,Colombo,10.5,Piliyandala
2750,4,2,Gampaha,20,2,28000000.0,Gampaha,16.0,Kadawatha
1700,3,2,Colombo,43,2,14500000.0,Colombo,10.0,Kesbewa
3150,4,3,Gampaha,36,2,31000000.0,Gampaha,15.0,Negombo
4731,5,5,Colombo,35,2,39000000.0,Colombo,14.0,Piliyandala
3150,4,3,Gampaha,2,2,26500000.0,Gampaha,10.5,Negombo
921,1,1,Kalutara,36,1,7000000.0,Kalutara,12.7,Bandaragama
3000,4,2,Galle,13,2,19500000.0,Galle,40.0,Galle City
1500,4,2,Colombo,49,2,19500000.0,Colombo,5.0,Boralesgamuwa
2400,4,3,Colombo,21,2,24800000.0,Colombo,6.0,Piliyandala
954,1,1,Colombo,2,1,7000000.0,Colombo,12.44,Piliyandala
1550,2,1,Gampaha,10,1,19000000.0,Gampaha,10.0,Kandana
2200,4,3,Colombo,5,2,26000000.0,Colombo,7.0,Piliyandala
2900,4,4,Colombo,2,2,36000000.0,Colombo,8.5,Piliyandala
1950,3,2,Gampaha,12,2,27000000.0,Gampaha,12.0,Negombo
1800,3,2,Colombo,5,2,15800000.0,Colombo,10.0,Homagama
2000,5,2,Gampaha,6,2,17500000.0,Gampaha,7.0,Negombo
3511,5,4,Colombo,23,2,35000000.0,Colombo,8.0,Malabe
1350,2,2,Colombo,49,1,34000000.0,Colombo,12.0,Moratuwa
1436,2,1,Colombo,1,1,11000000.0,Colombo,7.21,Homagama
4800,5,4,Colombo,44,2,115000000.0,Colombo,22.0,Talawatugoda
3300,4,4,Colombo,25,2,55000000.0,Colombo,11.0,Battaramulla
1200,2,2,Colombo,12,1,6900000.0,Colombo,10.0,Homagama
1500,3,2,Colombo,44,2,11500000.0,Colombo,4.2,Boralesgamuwa
5500,5,5,Colombo,19,2,100000000.0,Colombo,20.0,Talawatugoda
1800,4,4,Colombo,2,2,25000000.0,Colombo,20.0,Kottawa
2622,4,4,Colombo,8,2,25500000.0,Colombo,7.0,Piliyandala
3500,6,4,Colombo,49,3,55000000.0,Colombo,10.0,Nugegoda
4800,5,4,Colombo,14,2,55000000.0,Colombo,11.0,Moratuwa
2000,3,3,Colombo,40,2,36600000.0,Colombo,6.0,Dehiwala
2800,4,3,Colombo,9,2,24800000.0,Colombo,6.0,Piliyandala
3500,5,4,Colombo,25,2,53000000.0,Colombo,15.0,Battaramulla
4000,8,7,Gampaha,2,4,28000000.0,Gampaha,21.0,Ganemulla
3900,5,4,Colombo,44,2,73000000.0,Colombo,15.6,Battaramulla
3300,4,4,Colombo,3,2,55000000.0,Colombo,11.0,Talawatugoda
2400,4,2,Gampaha,10,2,15000000.0,Gampaha,7.5,Negombo
1400,4,2,Colombo,3,2,11000000.0,Colombo,18.5,Kesbewa
3100,4,3,Gampaha,49,2,26500000.0,Gampaha,10.5,Negombo
2700,4,2,Colombo,6,2,26500000.0,Colombo,9.5,Nugegoda
1536,3,2,Colombo,26,2,13500000.0,Colombo,10.32,Piliyandala
1563,3,1,Kalutara,35,2,13500000.0,Kalutara,10.0,Bandaragama
3000,5,6,Colombo,44,2,40000000.0,Colombo,6.0,Dehiwala
1544,3,2,Kalutara,3,2,13500000.0,Kalutara,10.22,Horana
1000,2,1,Gampaha,4,1,6200000.0,Gampaha,14.0,Gampaha City
1520,3,3,Colombo,40,2,18000000.0,Colombo,8.0,Kottawa
2100,4,2,Gampaha,6,2,13500000.0,Gampaha,10.0,Ganemulla
1440,4,1,Kalutara,38,2,14000000.0,Kalutara,25.72,Panadura
2000,4,2,Colombo,24,2,22000000.0,Colombo,15.0,Boralesgamuwa
2000,4,2,Colombo,49,2,22000000.0,Colombo,15.0,Piliyandala
900,2,1,Colombo,7,1,5800000.0,Colombo,6.0,Kesbewa
3000,4,3,Colombo,35,2,33000000.0,Colombo,8.0,Kottawa
3600,5,4,Colombo,39,2,36000000.0,Colombo,9.0,Piliyandala
3500,5,4,Colombo,17,2,33500000.0,Colombo,8.0,Malabe
3012,4,4,Colombo,21,2,31000000.0,Colombo,10.0,Piliyandala
2865,4,4,Colombo,21,2,26000000.0,Colombo,7.0,Piliyandala
1600,3,2,Colombo,23,2,23000000.0,Colombo,34.68,Kottawa
3451,4,4,Colombo,46,2,34000000.0,Colombo,9.0,Piliyandala
2874,4,4,Colombo,33,2,21500000.0,Colombo,9.0,Piliyandala
1800,3,1,Gampaha,4,2,17500000.0,Gampaha,30.0,Gampaha City
3485,4,4,Colombo,6,2,33000000.0,Colombo,10.0,Piliyandala
2800,4,3,Colombo,43,2,27500000.0,Colombo,6.5,Malabe
2963,4,5,Colombo,43,2,25500000.0,Colombo,7.0,Piliyandala
1100,3,1,Colombo,32,2,9500000.0,Colombo,10.0,Kesbewa
2895,3,3,Colombo,14,2,18500000.0,Colombo,8.0,Piliyandala
2875,4,4,Colombo,47,2,24800000.0,Colombo,6.0,Piliyandala
2875,4,4,Colombo,49,2,27000000.0,Colombo,7.0,Piliyandala
3000,4,3,Colombo,12,2,49500000.0,Colombo,10.12,Malabe
2900,4,3,Colombo,19,2,28000000.0,Colombo,6.5,Malabe
3852,5,5,Colombo,50,2,36700000.0,Colombo,11.5,Piliyandala
2475,3,3,Colombo,3,2,21500000.0,Colombo,9.5,Piliyandala
1600,3,2,Gampaha,5,2,19000000.0,Gampaha,10.0,Negombo
3102,4,4,Colombo,47,2,27500000.0,Colombo,7.5,Piliyandala
1547,3,3,Colombo,28,2,18000000.0,Colombo,11.0,Piliyandala
1000,3,2,Gampaha,24,2,4500000.0,Gampaha,15.0,Gampaha City
2200,4,3,Colombo,2,2,21000000.0,Colombo,6.7,Malabe
2200,4,3,Colombo,18,2,22000000.0,Colombo,6.85,Malabe
7500,6,5,Colombo,1,3,37000000.0,Colombo,18.0,Athurugiriya
2900,4,3,Colombo,35,2,29500000.0,Colombo,6.5,Malabe
2000,4,3,Colombo,50,2,23500000.0,Colombo,6.0,Malabe
7000,6,6,Colombo,18,3,135000000.0,Colombo,12.0,Talawatugoda
3800,5,4,Colombo,2,2,47500000.0,Colombo,14.8,Talawatugoda
3800,5,4,Colombo,19,2,55000000.0,Colombo,10.0,Talawatugoda
2900,4,3,Colombo,6,2,27000000.0,Colombo,7.0,Homagama
2700,6,4,Colombo,4,3,30000000.0,Colombo,16.4,Moratuwa
9000,6,5,Colombo,43,3,120000000.0,Colombo,16.0,Talawatugoda
3600,5,4,Colombo,41,2,29000000.0,Colombo,7.5,Malabe
3000,4,3,Colombo,50,2,27000000.0,Colombo,7.0,Piliyandala
2900,4,3,Colombo,47,2,27000000.0,Colombo,7.0,Kottawa
2900,4,3,Colombo,17,2,27000000.0,Colombo,2900.0,Pannipitiya
3000,4,4,Colombo,8,2,60000000.0,Colombo,13.0,Nugegoda
3500,4,3,Colombo,28,2,105000000.0,Colombo,50.17,Talawatugoda
4500,4,4,Colombo,10,2,95000000.0,Colombo,10.0,Rajagiriya
4000,5,4,Colombo,16,2,65000000.0,Colombo,10.0,Malabe
2750,4,2,Gampaha,8,2,13000000.0,Gampaha,11.0,Negombo
1240,3,1,Colombo,35,2,13200000.0,Colombo,10.0,Godagama
4000,5,2,Colombo,15,2,66000000.0,Colombo,29.0,Battaramulla
3400,4,4,Colombo,47,2,34000000.0,Colombo,8.5,Piliyandala
3506,4,4,Colombo,9,2,30500000.0,Colombo,8.0,Piliyandala
4000,5,5,Colombo,46,2,46500000.0,Colombo,28.0,Piliyandala
1580,3,2,Colombo,4,2,14000000.0,Colombo,10.0,Piliyandala
1600,2,1,Colombo,12,1,9000000.0,Colombo,7.5,Piliyandala
3800,4,3,Colombo,10,2,36000000.0,Colombo,25.0,Moratuwa
3600,4,3,Colombo,11,2,36000000.0,Colombo,7.8,Malabe
2500,3,2,Colombo,22,2,35000000.0,Colombo,20.0,Talawatugoda
2500,5,7,Colombo,44,2,64000000.0,Colombo,17.5,Talawatugoda
3000,4,3,Colombo,1,2,110000000.0,Colombo,50.0,Talawatugoda
4200,4,4,Colombo,5,2,49500000.0,Colombo,10.0,Talawatugoda
3300,4,4,Colombo,32,2,50000000.0,Colombo,10.0,Talawatugoda
4500,5,4,Colombo,32,2,115000000.0,Colombo,22.0,Talawatugoda
3300,4,2,Colombo,29,2,55000000.0,Colombo,11.0,Talawatugoda
4000,5,4,Colombo,44,2,65000000.0,Colombo,12.5,Malabe
3200,4,4,Colombo,42,2,36000000.0,Colombo,10.0,Malabe
2800,4,3,Colombo,48,2,26500000.0,Colombo,6.5,Malabe
3000,5,4,Colombo,5,2,56000000.0,Colombo,10.2,Rajagiriya
1400,3,1,Monaragala,42,2,4000000.0,Monaragala,35.0,Wellawaya
4000,4,3,Kandy,2,2,16500000.0,Kandy,23.0,Kundasale
4000,5,4,Colombo,11,2,65000000.0,Colombo,12.5,Battaramulla
3300,4,2,Colombo,13,2,55000000.0,Colombo,11.0,Battaramulla
3800,4,4,Colombo,16,2,45000000.0,Colombo,7.0,Battaramulla
4000,4,4,Colombo,34,2,150000000.0,Colombo,6.62,Colombo 4
1800,3,3,Colombo,22,2,99750000.0,Colombo,10.5,Colombo 5
3000,4,3,Colombo,11,2,95000000.0,Colombo,10.0,Kotte
4500,5,4,Colombo,46,2,55000000.0,Colombo,12.5,Moratuwa
2814,4,3,Colombo,38,2,24800000.0,Colombo,6.0,Piliyandala
3522,7,3,Kalutara,5,4,40000000.0,Kalutara,18.5,Panadura
1556,3,2,Colombo,34,2,8700000.0,Colombo,10.0,Dehiwala
2450,3,3,Colombo,25,2,34000000.0,Colombo,6.3,Malabe
3216,4,4,Colombo,14,2,25500000.0,Colombo,7.5,Piliyandala
3014,4,4,Colombo,3,2,33000000.0,Colombo,8.0,Kottawa
3000,4,4,Colombo,40,2,33000000.0,Colombo,8.5,Kottawa
5500,5,5,Colombo,8,2,41000000.0,Colombo,16.0,Kottawa
3200,5,3,Colombo,46,2,27000000.0,Colombo,7.5,Kottawa
2300,3,3,Colombo,40,2,19500000.0,Colombo,11.0,Athurugiriya
3522,5,3,Colombo,19,2,22500000.0,Colombo,10.0,Piliyandala
1522,3,1,Colombo,11,2,13200000.0,Colombo,10.0,Kottawa
2622,4,3,Colombo,43,2,25500000.0,Colombo,6.1,Kottawa
1200,3,1,Colombo,35,2,9500000.0,Colombo,6.5,Maharagama
1600,3,2,Gampaha,8,2,19000000.0,Gampaha,10.0,Negombo
3500,3,2,Gampaha,32,2,36500000.0,Gampaha,22.5,Negombo
3500,4,3,Gampaha,6,2,29500000.0,Gampaha,20.0,Negombo
2577,4,2,Gampaha,25,2,30000000.0,Gampaha,10.5,Ja-Ela
2150,3,3,Gampaha,7,2,19500000.0,Gampaha,15.0,Negombo
5000,6,6,Colombo,12,3,55000000.0,Colombo,27.5,Talawatugoda
2300,3,3,Colombo,33,2,55000000.0,Colombo,8.6,Colombo 6
2150,3,3,Gampaha,46,2,9900000.0,Gampaha,15.0,Negombo
1200,2,2,Colombo,47,1,6500000.0,Colombo,7.5,Piliyandala
1200,3,2,Colombo,1,2,11500000.0,Colombo,10.0,Homagama
1600,3,2,Colombo,23,2,15800000.0,Colombo,10.0,Kottawa
1600,3,2,Colombo,20,2,15800000.0,Colombo,10.0,Homagama
4000,6,7,Gampaha,23,3,25000000.0,Gampaha,28.0,Ganemulla
2300,4,1,Colombo,1,2,13000000.0,Colombo,12.6,Piliyandala
2200,2,1,Gampaha,9,1,7950000.0,Gampaha,15.0,Divulapitiya
1275,3,2,Gampaha,20,2,12500000.0,Gampaha,7.1,Kadawatha
1800,3,1,Colombo,8,2,14000000.0,Colombo,16.5,Hanwella
3680,4,4,Colombo,4,2,27000000.0,Colombo,8.0,Kottawa
3300,4,4,Colombo,30,2,55000000.0,Colombo,11.0,Battaramulla
1200,3,1,Kalutara,1,2,4500000.0,Kalutara,160.0,Matugama
1275,3,2,Gampaha,9,2,12500000.0,Gampaha,7.1,Kadawatha
5600,5,5,Colombo,20,2,100000000.0,Colombo,20.0,Talawatugoda
1880,4,1,Colombo,36,2,12500000.0,Colombo,12.5,Kottawa
3500,4,3,Gampaha,19,2,31000000.0,Gampaha,15.0,Negombo
4500,4,4,Colombo,3,2,95000000.0,Colombo,10.0,Kotte
6000,5,4,Colombo,1,2,250000000.0,Colombo,37.0,Battaramulla
1610,3,2,Gampaha,40,2,19000000.0,Gampaha,10.0,Negombo
1600,3,2,Gampaha,23,2,19000000.0,Gampaha,10.0,Negombo
2800,5,1,Kalutara,18,2,13000000.0,Kalutara,144.0,Matugama
1500,3,2,Gampaha,3,2,13500000.0,Gampaha,10.0,Negombo
750,2,1,Kandy,32,1,7800000.0,Kandy,5.0,Kandy City
1200,3,1,Colombo,28,2,8500000.0,Colombo,14.87,Piliyandala
3300,4,3,Colombo,2,2,55000000.0,Colombo,11.0,Battaramulla
4000,4,4,Colombo,14,2,64000000.0,Colombo,18.0,Talawatugoda
3000,3,3,Gampaha,24,2,17500000.0,Gampaha,26.0,Nittambuwa
2000,5,2,Colombo,10,2,26000000.0,Colombo,10.0,Piliyandala
4500,7,6,Colombo,22,4,75000000.0,Colombo,8.3,Colombo 5
1950,3,2,Gampaha,9,2,27000000.0,Gampaha,12.0,Negombo
1500,4,2,Colombo,5,2,12000000.0,Colombo,6.5,Piliyandala
400,2,1,Colombo,49,1,4800000.0,Colombo,1.2,Rajagiriya
2500,4,3,Gampaha,10,2,29500000.0,Gampaha,20.0,Negombo
3000,4,3,Colombo,48,2,110000000.0,Colombo,50.0,Talawatugoda
1800,4,2,Colombo,15,2,9500000.0,Colombo,5.8,Angoda
2000,5,3,Colombo,5,2,9500000.0,Colombo,17.0,Homagama
1800,3,1,Colombo,7,2,16500000.0,Colombo,20.0,Athurugiriya
2300,4,4,Colombo,1,2,21500000.0,Colombo,9.5,Piliyandala
3850,4,4,Colombo,17,2,33000000.0,Colombo,10.0,Piliyandala
2400,4,3,Colombo,49,2,24800000.0,Colombo,6.0,Piliyandala
3150,4,3,Gampaha,2,2,26500000.0,Gampaha,10.5,Negombo
2200,4,2,Colombo,29,2,52500000.0,Colombo,10.8,Dehiwala
1500,2,1,Colombo,5,1,6500000.0,Colombo,6.5,Piliyandala
3060,7,3,Colombo,43,4,38500000.0,Colombo,15.0,Boralesgamuwa
1600,3,3,Colombo,3,2,18000000.0,Colombo,8.0,Kottawa
2690,4,3,Colombo,7,2,34500000.0,Colombo,21.5,Kottawa
1000,2,1,Gampaha,2,1,8500000.0,Gampaha,10.7,Kelaniya
2000,4,2,Colombo,18,2,55000000.0,Colombo,53.2,Rajagiriya
1450,4,2,Colombo,49,2,19000000.0,Colombo,10.0,Boralesgamuwa
1600,4,3,Colombo,37,2,13500000.0,Colombo,4.0,Nugegoda
3300,4,4,Colombo,42,2,55000000.0,Colombo,11.0,Battaramulla
3000,4,4,Colombo,12,2,60000000.0,Colombo,13.0,Talawatugoda
2524,5,4,Colombo,23,2,49500000.0,Colombo,10.0,Maharagama
4800,5,5,Colombo,9,2,180000000.0,Colombo,8.5,Colombo 5
3300,4,4,Colombo,15,2,55000000.0,Colombo,11.0,Battaramulla
4000,5,4,Colombo,43,2,65000000.0,Colombo,10.0,Malabe
3000,5,3,Colombo,11,2,52500000.0,Colombo,12.2,Talawatugoda
1750,4,1,Matara,28,2,13000000.0,Matara,8.0,Matara City
3000,4,1,Anuradhapura,18,2,11500000.0,Anuradhapura,27.0,Anuradhapura City
3000,5,4,Colombo,9,2,75000000.0,Colombo,9.15,Battaramulla
2100,4,2,Colombo,49,2,16000000.0,Colombo,7.5,Kottawa
2800,4,3,Colombo,25,2,34000000.0,Colombo,19.0,Athurugiriya
2900,4,3,Colombo,25,2,28000000.0,Colombo,6.5,Malabe
2400,4,3,Colombo,15,2,13500000.0,Colombo,6.0,Pannipitiya
2041,5,4,Colombo,4,2,23000000.0,Colombo,7.8,Nugegoda
2400,4,2,Colombo,2,2,19800000.0,Colombo,6.5,Rajagiriya
3000,4,4,Colombo,26,2,53000000.0,Colombo,16.0,Talawatugoda
1840,4,2,Colombo,42,2,20000000.0,Colombo,5.32,Rajagiriya
3630,5,4,Colombo,4,2,32500000.0,Colombo,8.0,Piliyandala
2520,4,3,Colombo,33,2,38000000.0,Colombo,10.0,Athurugiriya
1030,3,1,Colombo,4,2,8500000.0,Colombo,6.0,Piliyandala
3300,4,4,Colombo,10,2,55000000.0,Colombo,11.0,Talawatugoda
3000,4,4,Colombo,42,2,290000000.0,Colombo,27.0,Colombo 5
9000,6,5,Colombo,8,3,120000000.0,Colombo,16.0,Talawatugoda
2500,5,4,Kandy,2,2,22500000.0,Kandy,26.0,Pilimatalawa
3600,4,4,Colombo,33,2,36000000.0,Colombo,7.8,Malabe
3600,4,4,Colombo,8,2,36000000.0,Colombo,10.0,Malabe
4100,4,4,Colombo,46,2,55000000.0,Colombo,10.0,Kotte
1610,3,2,Gampaha,13,2,19000000.0,Gampaha,10.0,Negombo
2000,4,3,Colombo,9,2,45000000.0,Colombo,10.0,Boralesgamuwa
2500,3,3,Kalutara,32,2,47500000.0,Kalutara,10.11,Bandaragama
3000,5,5,Colombo,50,2,52000000.0,Colombo,15.0,Maharagama
700,2,1,Colombo,50,1,8500000.0,Colombo,3.0,Godagama
4000,5,4,Colombo,44,2,65000000.0,Colombo,12.5,Malabe
3500,4,3,Colombo,23,2,28500000.0,Colombo,9.0,Piliyandala
2000,4,4,Colombo,3,2,42000000.0,Colombo,6.0,Dehiwala
2000,3,1,Gampaha,17,2,9500000.0,Gampaha,12.5,Negombo
3000,4,4,Kalutara,36,2,22500000.0,Kalutara,20.0,Panadura
3150,4,3,Gampaha,7,2,31000000.0,Gampaha,15.0,Negombo
1500,3,2,Gampaha,18,2,7600000.0,Gampaha,16.0,Kandana
4000,4,4,Colombo,14,2,60000000.0,Colombo,13.0,Kotte
1250,3,2,Colombo,49,2,16500000.0,Colombo,7.5,Malabe
1100,3,1,Kalutara,4,2,12000000.0,Kalutara,14.0,Panadura
1760,3,2,Colombo,39,2,15900000.0,Colombo,10.0,Homagama
1500,6,2,Colombo,22,3,48000000.0,Colombo,11.0,Kottawa
2500,4,3,Kandy,37,2,42500888.0,Kandy,17.0,Kandy City
3000,4,3,Gampaha,8,2,52000000.0,Gampaha,20.0,Kelaniya
1800,3,1,Kandy,49,2,20000000.0,Kandy,11.0,Kundasale
2800,4,3,Colombo,5,2,36000000.0,Colombo,14.25,Colombo 4
2700,5,3,Colombo,20,2,25000000.0,Colombo,6.3,Athurugiriya
1200,3,2,Colombo,3,2,11500000.0,Colombo,10.0,Homagama
1800,4,4,Gampaha,7,2,6500000.0,Gampaha,16.5,Kadawatha
3000,8,6,Colombo,27,4,90000000.0,Colombo,10.5,Colombo 5
1800,3,1,Colombo,2,2,18500000.0,Colombo,10.0,Pannipitiya
1800,3,2,Colombo,7,2,8500000.0,Colombo,9.5,Kaduwela
1200,3,1,Kalutara,39,2,4600000.0,Kalutara,5.0,Panadura
4500,4,4,Colombo,8,2,100000000.0,Colombo,10.1,Talawatugoda
1045,3,1,Kalutara,13,2,8500000.0,Kalutara,9.3,Wadduwa
2900,4,3,Colombo,17,2,27000000.0,Colombo,7.0,Kottawa
3250,5,5,Colombo,6,2,85000000.0,Colombo,7.5,Colombo 5
3800,3,1,Gampaha,10,2,16800000.0,Gampaha,14.0,Wattala
7000,6,6,Gampaha,29,3,120000000.0,Gampaha,60.0,Nittambuwa
2200,4,3,Colombo,44,2,26500000.0,Colombo,6.5,Malabe
1500,3,2,Colombo,19,2,62000000.0,Colombo,9.2,Battaramulla
4764,3,1,Gampaha,7,2,7000000.0,Gampaha,17.5,Mirigama
816,2,2,Colombo,49,1,7200000.0,Colombo,3.0,Wellampitiya
2800,3,2,Kandy,6,2,12500000.0,Kandy,25.5,Kadugannawa
1610,3,2,Gampaha,42,2,19000000.0,Gampaha,10.0,Negombo
2600,4,3,Colombo,13,2,23500000.0,Colombo,6.0,Malabe
2100,3,2,Kalutara,7,2,14000000.0,Kalutara,12.0,Panadura
1400,3,2,Colombo,3,2,18500000.0,Colombo,7.9,Malabe
4800,8,6,Colombo,42,4,140000000.0,Colombo,7.0,Colombo 5
1800,5,3,Colombo,6,2,25000000.0,Colombo,6.8,Malabe
3100,4,4,Colombo,44,2,39800000.0,Colombo,11.0,Kottawa
3000,5,3,Gampaha,11,2,25000000.0,Gampaha,20.0,Gampaha City
1664,4,4,Colombo,16,2,36000000.0,Colombo,12.0,Piliyandala
2300,3,3,Colombo,21,2,25000000.0,Colombo,7.67,Malabe
2450,5,5,Colombo,2,2,130000000.0,Colombo,10.0,Colombo 5
2800,5,4,Colombo,49,2,32500000.0,Colombo,12.0,Malabe
2000,3,3,Colombo,23,2,19800000.0,Colombo,7.0,Godagama
2000,3,3,Colombo,30,2,19800000.0,Colombo,7.0,Athurugiriya
3000,5,4,Colombo,49,2,39000000.0,Colombo,12.5,Malabe
2800,5,3,Colombo,3,2,32500000.0,Colombo,17.0,Malabe
3500,2,2,Colombo,42,1,35000000.0,Colombo,22.0,Moratuwa
1200,5,4,Gampaha,9,2,14000000.0,Gampaha,5.0,Wattala
2000,3,3,Colombo,3,2,20500000.0,Colombo,6.5,Athurugiriya
1070,3,2,Colombo,6,2,14200000.0,Colombo,7.6,Malabe
2400,4,2,Colombo,18,2,38000000.0,Colombo,10.0,Kottawa
4000,4,5,Colombo,7,2,48000000.0,Colombo,10.0,Malabe
4500,5,4,Colombo,8,2,62000000.0,Colombo,21.0,Malabe
2000,5,2,Gampaha,36,2,17500000.0,Gampaha,7.0,Negombo
4800,4,3,Colombo,4,2,45000000.0,Colombo,10.0,Malabe
1950,4,3,Colombo,5,2,22500000.0,Colombo,6.4,Malabe
3600,4,3,Colombo,39,2,36000000.0,Colombo,7.8,Malabe
3000,3,2,Colombo,35,2,16500000.0,Colombo,17.7,Colombo 4
4300,5,5,Colombo,20,2,55000000.0,Colombo,12.0,Malabe
2800,4,4,Colombo,18,2,28000000.0,Colombo,10.0,Malabe
2500,6,2,Colombo,39,3,25500000.0,Colombo,10.0,Malabe
5200,8,5,Colombo,9,4,29500000.0,Colombo,9.5,Malabe
2400,4,3,Colombo,24,2,26000000.0,Colombo,10.5,Malabe
8168,3,1,Kurunegala,5,2,7500000.0,Kurunegala,30.0,Narammala
3340,5,2,Colombo,14,2,29000000.0,Colombo,15.0,Homagama
2700,4,3,Colombo,18,2,35000000.0,Colombo,6.0,Battaramulla
3206,5,4,Colombo,49,2,57500000.0,Colombo,6.1,Dehiwala
1500,5,5,Colombo,23,2,24500000.0,Colombo,6.0,Battaramulla
1250,2,2,Colombo,4,1,14500000.0,Colombo,5.6,Maharagama
1200,3,1,Galle,6,2,18000000.0,Galle,32.0,Galle City
3500,5,3,Colombo,48,2,165000000.0,Colombo,16.3,Colombo 5
2900,5,4,Colombo,8,2,35000000.0,Colombo,10.0,Maharagama
3700,5,4,Kurunegala,39,2,27000000.0,Kurunegala,12.0,Kurunegala City
4000,4,4,Colombo,24,2,110000000.0,Colombo,50.17,Talawatugoda
2200,4,3,Colombo,11,2,22000000.0,Colombo,6.3,Malabe
2600,4,4,Colombo,24,2,29000000.0,Colombo,10.0,Malabe
1350,3,2,Colombo,50,2,14000000.0,Colombo,10.0,Malabe
2800,5,7,Colombo,20,2,64000000.0,Colombo,17.5,Talawatugoda
3000,4,3,Colombo,6,2,110000000.0,Colombo,50.2,Talawatugoda
2067,5,4,Colombo,41,2,22000000.0,Colombo,6.0,Athurugiriya
1400,3,3,Colombo,17,2,18000000.0,Colombo,8.0,Athurugiriya
3600,6,5,Colombo,5,3,33500000.0,Colombo,16.0,Kottawa
2800,4,4,Colombo,10,2,28000000.0,Colombo,10.0,Athurugiriya
1900,4,3,Colombo,10,2,19000000.0,Colombo,11.4,Malabe
1350,3,1,Gampaha,15,2,9900000.0,Gampaha,10.0,Negombo
2500,4,3,Gampaha,14,2,29500000.0,Gampaha,20.0,Negombo
3150,4,3,Gampaha,10,2,26500000.0,Gampaha,10.5,Negombo
1000,1,2,Colombo,27,1,7900000.0,Colombo,6.14,Piliyandala
1500,3,3,Colombo,16,2,18500000.0,Colombo,7.5,Malabe
2800,4,4,Colombo,10,2,27500000.0,Colombo,11.5,Malabe
11000,4,4,Colombo,9,2,120000000.0,Colombo,19.0,Battaramulla
4000,4,4,Colombo,9,2,60000000.0,Colombo,15.0,Battaramulla
4800,5,4,Colombo,3,2,115000000.0,Colombo,22.0,Talawatugoda
2400,4,3,Colombo,19,2,27000000.0,Colombo,7.0,Kottawa
3850,4,4,Colombo,18,2,46500000.0,Colombo,28.0,Piliyandala
2000,4,3,Colombo,14,2,19500000.0,Colombo,6.5,Piliyandala
3700,5,4,Colombo,31,2,30500000.0,Colombo,8.0,Piliyandala
1950,3,2,Gampaha,32,2,27000000.0,Gampaha,12.0,Negombo
1633,2,1,Gampaha,13,1,4100000.0,Gampaha,8.9,Kadawatha
4000,5,4,Colombo,23,2,65000000.0,Colombo,10.0,Malabe
3300,4,2,Colombo,2,2,55000000.0,Colombo,11.0,Talawatugoda
3300,4,3,Colombo,48,2,47500000.0,Colombo,10.0,Talawatugoda
2500,4,4,Colombo,2,2,27000000.0,Colombo,7.08,Pannipitiya
4500,5,4,Colombo,5,2,115000000.0,Colombo,22.0,Talawatugoda
3800,4,4,Colombo,47,2,45000000.0,Colombo,7.0,Talawatugoda
3000,4,4,Colombo,29,2,60000000.0,Colombo,15.0,Talawatugoda
3000,4,3,Colombo,49,2,110000000.0,Colombo,50.0,Talawatugoda
3800,4,4,Colombo,46,2,47500000.0,Colombo,14.8,Talawatugoda
3300,4,4,Colombo,24,2,44000000.0,Colombo,7.7,Talawatugoda
2800,3,3,Colombo,50,2,21500000.0,Colombo,9.5,Piliyandala
2500,4,3,Kalutara,4,2,9500000.0,Kalutara,12.0,Kalutara City
4000,4,4,Colombo,15,2,60000000.0,Colombo,15.0,Talawatugoda
2400,4,2,Gampaha,43,2,15000000.0,Gampaha,7.5,Negombo
3800,5,4,Colombo,47,2,45000000.0,Colombo,11.0,Talawatugoda
2850,4,4,Colombo,45,2,22000000.0,Colombo,9.5,Piliyandala
2800,4,3,Colombo,48,2,26500000.0,Colombo,6.5,Malabe
4200,4,4,Colombo,24,2,49500000.0,Colombo,10.0,Talawatugoda
5000,8,5,Colombo,14,4,42500000.0,Colombo,13.2,Nugegoda
4000,6,6,Colombo,23,3,63000000.0,Colombo,12.0,Nugegoda
2000,4,2,Gampaha,4,2,29500000.0,Gampaha,10.0,Kandana
3000,6,4,Colombo,6,3,48500000.0,Colombo,14.0,Piliyandala
3250,4,3,Colombo,1,2,30500000.0,Colombo,7.5,Piliyandala
2500,4,2,Matara,10,2,21000000.0,Matara,8.0,Matara City
3850,4,4,Colombo,6,2,33000000.0,Colombo,10.0,Piliyandala
1100,3,1,Kalutara,49,2,5500000.0,Kalutara,8.0,Wadduwa
4000,4,4,Colombo,43,2,49500000.0,Colombo,10.0,Talawatugoda
2400,4,3,Colombo,31,2,24800000.0,Colombo,6.0,Piliyandala
1600,3,2,Gampaha,28,2,19000000.0,Gampaha,10.0,Negombo
1600,3,2,Gampaha,47,2,190000000.0,Gampaha,10.0,Negombo
1000,2,1,Colombo,14,1,8000000.0,Colombo,7.0,Ratmalana
1680,4,2,Colombo,10,2,15800000.0,Colombo,10.0,Homagama
920,1,1,Colombo,19,1,7000000.0,Colombo,12.33,Piliyandala
1700,3,2,Gampaha,15,2,20500000.0,Gampaha,12.5,Negombo
4000,5,4,Colombo,15,2,115000000.0,Colombo,22.0,Battaramulla
1654,3,2,Kalutara,42,2,13500000.0,Kalutara,10.0,Horana
4850,5,5,Colombo,2,2,39000000.0,Colombo,13.77,Piliyandala
2000,4,3,Kandy,34,2,23000000.0,Kandy,13.2,Pilimatalawa
3500,4,3,Gampaha,2,2,29500000.0,Gampaha,20.0,Negombo
2800,5,4,Colombo,21,2,28500000.0,Colombo,10.0,Homagama
3500,3,2,Gampaha,4,2,35000000.0,Gampaha,22.5,Negombo
3150,4,3,Gampaha,3,2,31000000.0,Gampaha,15.0,Negombo
1610,3,2,Gampaha,23,2,19000000.0,Gampaha,10.0,Negombo
1500,3,2,Gampaha,1,2,13500000.0,Gampaha,10.0,Negombo
3000,6,2,Kandy,17,3,26000000.0,Kandy,22.5,Kandy City
900,2,2,Colombo,39,1,11500000.0,Colombo,4.2,Dehiwala
2000,4,3,Colombo,15,2,23500000.0,Colombo,6.0,Malabe
3000,4,3,Colombo,9,2,29500000.0,Colombo,6.5,Malabe
2800,4,3,Colombo,50,2,27500000.0,Colombo,6.5,Malabe
2850,4,3,Colombo,2,2,28000000.0,Colombo,6.5,Malabe
1400,3,2,Gampaha,9,2,14500000.0,Gampaha,10.0,Kiribathgoda
2009,3,2,Gampaha,48,2,21000000.0,Gampaha,12.5,Kadawatha
3965,4,5,Kalutara,42,2,30000000.0,Kalutara,86.0,Horana
3600,4,4,Colombo,5,2,30500000.0,Colombo,8.0,Piliyandala
3000,4,3,Colombo,10,2,110000000.0,Colombo,50.17,Talawatugoda
3000,5,3,Colombo,40,2,38000000.0,Colombo,6.1,Nugegoda
2650,4,3,Colombo,1,2,25500000.0,Colombo,6.1,Kottawa
1000,2,1,Colombo,5,1,9800000.0,Colombo,9.0,Piliyandala
4500,5,5,Colombo,11,2,46500000.0,Colombo,28.0,Piliyandala
4000,6,3,Gampaha,30,3,35000000.0,Gampaha,18.0,Kadawatha
3200,4,2,Colombo,35,2,22500000.0,Colombo,10.0,Kesbewa
1750,4,2,Colombo,48,2,18000000.0,Colombo,6.5,Kottawa
4500,5,4,Colombo,42,2,115000000.0,Colombo,22.0,Talawatugoda
9000,6,7,Colombo,40,3,290000000.0,Colombo,30.0,Battaramulla
3150,4,3,Gampaha,1,2,26500000.0,Gampaha,10.5,Negombo
1610,3,2,Gampaha,13,2,19000000.0,Gampaha,10.0,Negombo
4500,4,3,Gampaha,35,2,36000000.0,Gampaha,11.6,Kandana
1950,3,2,Gampaha,9,2,27000000.0,Gampaha,12.0,Negombo
2450,4,3,Gampaha,8,2,27500000.0,Gampaha,6.0,Ragama
2500,3,1,Kalutara,26,2,39000000.0,Kalutara,10.0,Matugama
1350,3,1,Gampaha,8,2,10500000.0,Gampaha,15.0,Gampaha City
3300,4,4,Colombo,4,2,55000000.0,Colombo,11.0,Talawatugoda
2900,4,4,Colombo,13,2,27000000.0,Colombo,7.0,Kottawa
3000,4,4,Colombo,10,2,60000000.0,Colombo,15.0,Talawatugoda
4000,5,4,Colombo,4,2,65000000.0,Colombo,10.0,Talawatugoda
3300,3,2,Colombo,10,2,40000000.0,Colombo,7.0,Talawatugoda
4800,5,4,Colombo,19,2,115000000.0,Colombo,22.0,Talawatugoda
3750,4,3,Gampaha,7,2,40000000.0,Gampaha,9.9,Kadawatha
2500,4,5,Colombo,5,2,25500000.0,Colombo,7.0,Piliyandala
2000,4,2,Gampaha,1,2,13000000.0,Gampaha,10.0,Kadawatha
1825,3,3,Gampaha,8,2,28000000.0,Gampaha,10.3,Kadawatha
1200,3,1,Gampaha,6,2,12000000.0,Gampaha,7.0,Kadawatha
2300,4,4,Colombo,49,2,21500000.0,Colombo,9.5,Piliyandala
3200,4,4,Colombo,6,2,95000000.0,Colombo,10.0,Kotte
1300,3,1,Gampaha,7,2,12000000.0,Gampaha,6.87,Kadawatha
2100,4,3,Colombo,37,2,28000000.0,Colombo,7.5,Moratuwa
4000,5,4,Colombo,10,2,65000000.0,Colombo,12.5,Talawatugoda
3100,4,3,Gampaha,18,2,31000000.0,Gampaha,15.0,Negombo
3300,4,2,Colombo,44,2,55000000.0,Colombo,11.0,Talawatugoda
4000,7,6,Gampaha,5,4,60000000.0,Gampaha,24.5,Kadawatha
4500,5,4,Colombo,40,2,115000000.0,Colombo,22.0,Talawatugoda
465,2,1,Colombo,12,1,7000000.0,Colombo,3.66,Kolonnawa
4200,4,4,Colombo,22,2,49500000.0,Colombo,10.0,Talawatugoda
4000,4,4,Colombo,40,2,60000000.0,Colombo,15.0,Talawatugoda
2400,4,3,Colombo,49,2,27000000.0,Colombo,7.0,Kottawa
3600,6,4,Colombo,16,3,33500000.0,Colombo,16.2,Kottawa
3000,4,4,Colombo,17,2,33000000.0,Colombo,8.0,Kottawa
3500,4,3,Gampaha,11,2,26500000.0,Gampaha,10.5,Negombo
2800,4,2,Gampaha,5,2,23500000.0,Gampaha,12.8,Kadawatha
2300,4,2,Gampaha,40,2,34500000.0,Gampaha,12.0,Kadawatha
2300,3,2,Gampaha,44,2,21000000.0,Gampaha,12.5,Kadawatha
1600,3,2,Gampaha,7,2,19000000.0,Gampaha,10.0,Negombo
2924,3,2,Gampaha,1,2,40000000.0,Gampaha,13.5,Gampaha City
3150,4,3,Gampaha,14,2,26500000.0,Gampaha,10.5,Negombo
2500,4,5,Gampaha,48,2,27000000.0,Gampaha,18.0,Kiribathgoda
3150,4,3,Gampaha,9,2,31000000.0,Gampaha,15.0,Negombo
1850,3,2,Colombo,17,2,24500000.0,Colombo,11.2,Talawatugoda
4500,4,4,Colombo,15,2,100000000.0,Colombo,10.0,Kotte
3250,5,2,Gampaha,38,2,26500000.0,Gampaha,14.15,Kadawatha
2380,4,3,Gampaha,16,2,37000000.0,Gampaha,11.0,Kadawatha
5200,5,3,Gampaha,13,2,150000000.0,Gampaha,52.0,Kiribathgoda
2950,5,3,Colombo,47,2,28000000.0,Colombo,19.5,Malabe
2700,4,2,Kalutara,8,2,15500000.0,Kalutara,16.0,Horana
2350,5,3,Gampaha,1,2,39500000.0,Gampaha,19.7,Kadawatha
1850,5,2,Colombo,48,2,16000000.0,Colombo,16.3,Boralesgamuwa
3550,4,4,Colombo,48,2,52000000.0,Colombo,13.0,Kotte
2700,6,4,Colombo,6,3,12500000.0,Colombo,4.5,Wellampitiya
1610,3,2,Gampaha,27,2,19000000.0,Gampaha,10.0,Negombo
1600,3,2,Gampaha,18,2,19000000.0,Gampaha,10.0,Negombo
5570,5,4,Colombo,3,2,85000000.0,Colombo,31.1,Talawatugoda
2500,4,3,Gampaha,19,2,29500000.0,Gampaha,20.0,Negombo
3158,4,3,Gampaha,6,2,26500000.0,Gampaha,10.5,Negombo
1500,4,2,Hambantota,14,2,12500000.0,Hambantota,10.3,Tissamaharama
1600,3,2,Gampaha,39,2,19000000.0,Gampaha,10.0,Negombo
1000,8,2,Colombo,49,4,6400000.0,Colombo,8.0,Wellampitiya
2100,4,3,Colombo,2,2,24000000.0,Colombo,6.5,Nugegoda
2762,3,1,Jaffna,21,2,19000000.0,Jaffna,57.0,Jaffna City
3150,4,3,Gampaha,19,2,31000000.0,Gampaha,15.0,Negombo
1255,3,1,Colombo,4,2,13200000.0,Colombo,10.0,Kottawa
4400,5,5,Colombo,37,2,46500000.0,Colombo,28.0,Piliyandala
5400,5,4,Colombo,22,2,38500000.0,Colombo,10.0,Nugegoda
1250,3,1,Colombo,7,2,13200000.0,Colombo,10.0,Homagama
3150,4,3,Gampaha,17,2,26500000.0,Gampaha,10.5,Negombo
6000,5,4,Colombo,44,2,41000000.0,Colombo,16.0,Kottawa
2700,5,3,Colombo,38,2,27000000.0,Colombo,7.5,Kottawa
2000,5,2,Gampaha,3,2,17500000.0,Gampaha,7.0,Negombo
4000,4,4,Colombo,2,2,49500000.0,Colombo,10.0,Talawatugoda
5824,5,5,Colombo,42,2,130000000.0,Colombo,62.0,Battaramulla
1610,3,2,Gampaha,21,2,19000000.0,Gampaha,10.0,Negombo
2067,5,4,Colombo,10,2,22000000.0,Colombo,6.0,Athurugiriya
4000,3,1,Colombo,22,2,9850000.0,Colombo,8.5,Piliyandala
1830,4,2,Colombo,24,2,17500000.0,Colombo,13.0,Kottawa
3300,3,2,Colombo,34,2,40000000.0,Colombo,7.0,Talawatugoda
2746,5,1,Kalutara,40,2,15000000.0,Kalutara,160.0,Kalutara City
3600,6,5,Colombo,20,3,33500000.0,Colombo,16.0,Kottawa
1800,4,4,Colombo,23,2,17500000.0,Colombo,7.5,Kottawa
1600,3,2,Gampaha,18,2,19000000.0,Gampaha,10.0,Negombo
950,2,1,Kandy,11,1,7800000.0,Kandy,5.0,Kandy City
3800,7,4,Colombo,49,4,27000000.0,Colombo,10.0,Malabe
5000,5,5,Colombo,2,2,300000000.0,Colombo,50.0,Pannipitiya
3000,4,4,Colombo,33,2,33000000.0,Colombo,8.0,Kottawa
1600,3,2,Gampaha,50,2,19000000.0,Gampaha,10.0,Negombo
3000,4,4,Colombo,41,2,33000000.0,Colombo,8.0,Talawatugoda
4000,4,4,Colombo,15,2,49500000.0,Colombo,10.0,Talawatugoda
1500,3,3,Colombo,5,2,18500000.0,Colombo,7.5,Malabe
1500,3,1,Colombo,28,2,11000000.0,Colombo,6.2,Athurugiriya
2750,3,3,Gampaha,15,2,13000000.0,Gampaha,11.0,Negombo
1615,3,2,Gampaha,12,2,19000000.0,Gampaha,10.0,Negombo
2400,4,4,Colombo,14,2,21500000.0,Colombo,9.0,Piliyandala
3000,4,4,Colombo,11,2,34500000.0,Colombo,8.5,Talawatugoda
2800,4,3,Colombo,7,2,25500000.0,Colombo,6.1,Piliyandala
3150,4,3,Gampaha,8,2,31000000.0,Gampaha,15.0,Negombo
3300,4,3,Colombo,40,2,33000000.0,Colombo,8.0,Talawatugoda
550,2,1,Colombo,32,1,7500000.0,Colombo,2.0,Colombo 9
2900,4,3,Colombo,10,2,27000000.0,Colombo,7.0,Kottawa
3300,4,3,Colombo,9,2,33000000.0,Colombo,8.0,Kottawa
2900,4,3,Colombo,35,2,27000000.0,Colombo,7.0,Kottawa
1950,3,2,Gampaha,41,2,27000000.0,Gampaha,12.0,Negombo
1089,7,5,Colombo,49,4,49000000.0,Colombo,4.0,Colombo 10
3000,6,4,Colombo,22,3,48500000.0,Colombo,14.0,Piliyandala
544,3,2,Colombo,25,2,9500000.0,Colombo,2.0,Colombo 5
1200,3,2,Colombo,22,2,16000000.0,Colombo,14.3,Piliyandala
3300,4,3,Colombo,1,2,42500000.0,Colombo,11.0,Talawatugoda
3267,4,2,Colombo,43,2,18500000.0,Colombo,12.0,Homagama
1800,3,1,Gampaha,23,2,26000000.0,Gampaha,20.0,Kiribathgoda
3000,4,3,Colombo,24,2,47500000.0,Colombo,10.0,Talawatugoda
1610,3,2,Gampaha,24,2,19000000.0,Gampaha,10.0,Negombo
2600,4,4,Colombo,48,2,23000000.0,Colombo,7.0,Malabe
3000,4,4,Colombo,11,2,60000000.0,Colombo,15.0,Talawatugoda
1633,3,3,Colombo,4,2,33000000.0,Colombo,6.0,Nugegoda
4000,5,4,Colombo,48,2,65000000.0,Colombo,10.0,Talawatugoda
3150,4,3,Gampaha,9,2,26500000.0,Gampaha,10.5,Negombo
2400,4,3,Colombo,22,2,25500000.0,Colombo,6.0,Piliyandala
4356,5,4,Colombo,5,2,26000000.0,Colombo,16.0,Athurugiriya
4800,5,4,Colombo,10,2,115000000.0,Colombo,22.0,Talawatugoda
2722,3,2,Gampaha,33,2,5500000.0,Gampaha,10.0,Ja-Ela
1900,3,2,Colombo,26,2,29100000.0,Colombo,13.0,Nugegoda
1300,3,2,Colombo,45,2,23500000.0,Colombo,6.2,Piliyandala
4500,4,5,Colombo,50,2,37500000.0,Colombo,14.5,Kottawa
2400,4,3,Colombo,14,2,27000000.0,Colombo,7.0,Kottawa
3000,4,3,Colombo,29,2,29500000.0,Colombo,12.0,Kottawa
2000,4,2,Colombo,37,2,17500000.0,Colombo,7.5,Kottawa
1300,3,2,Colombo,8,2,23500000.0,Colombo,6.2,Kottawa
2500,4,5,Colombo,37,2,25500000.0,Colombo,7.0,Piliyandala
3850,4,4,Colombo,9,2,33000000.0,Colombo,10.0,Piliyandala
1500,2,2,Colombo,30,1,18000000.0,Colombo,6.8,Athurugiriya
3700,5,4,Colombo,23,2,30500000.0,Colombo,8.0,Piliyandala
3600,5,4,Colombo,7,2,33000000.0,Colombo,6.5,Boralesgamuwa
1200,3,2,Colombo,5,2,18500000.0,Colombo,10.0,Piliyandala
2000,4,3,Colombo,9,2,19500000.0,Colombo,6.5,Piliyandala
2000,3,2,Colombo,46,2,21500000.0,Colombo,9.5,Piliyandala
2000,5,2,Gampaha,8,2,17500000.0,Gampaha,7.0,Negombo
2300,4,4,Colombo,32,2,21500000.0,Colombo,9.5,Piliyandala
3500,6,4,Colombo,49,3,25000000.0,Colombo,20.0,Piliyandala
3000,4,4,Colombo,22,2,27500000.0,Colombo,7.5,Piliyandala
5750,5,4,Gampaha,6,2,150000000.0,Gampaha,49.5,Kiribathgoda
4200,4,4,Colombo,43,2,49500000.0,Colombo,10.0,Talawatugoda
2400,4,3,Colombo,44,2,24800000.0,Colombo,6.0,Piliyandala
4000,5,4,Colombo,11,2,65000000.0,Colombo,12.5,Talawatugoda
4500,5,4,Colombo,14,2,115000000.0,Colombo,22.0,Talawatugoda
4000,4,4,Colombo,17,2,60000000.0,Colombo,15.0,Talawatugoda
3800,5,4,Colombo,18,2,45000000.0,Colombo,11.0,Talawatugoda
3000,4,3,Colombo,20,2,110000000.0,Colombo,50.0,Talawatugoda
5000,6,4,Colombo,44,3,220000000.0,Colombo,63.0,Dehiwala
3200,4,4,Colombo,5,2,36000000.0,Colombo,10.0,Malabe
3000,4,4,Colombo,26,2,33000000.0,Colombo,8.0,Kottawa
3000,4,4,Colombo,44,2,33000000.0,Colombo,8.0,Kottawa
3300,4,2,Colombo,12,2,55000000.0,Colombo,11.0,Battaramulla
1400,6,7,Colombo,43,3,170000000.0,Colombo,24.0,Battaramulla
4000,5,4,Colombo,19,2,75000000.0,Colombo,14.0,Talawatugoda
1500,2,1,Colombo,13,1,14000000.0,Colombo,8.5,Piliyandala
2200,7,4,Kandy,6,4,13500000.0,Kandy,12.0,Pilimatalawa
4100,6,5,Colombo,1,3,100000000.0,Colombo,11.5,Ratmalana
1040,2,1,Gampaha,5,1,4800000.0,Gampaha,10.5,Minuwangoda
1382,2,1,Colombo,44,1,13500000.0,Colombo,19.25,Padukka
3000,4,4,Colombo,21,2,53000000.0,Colombo,16.0,Talawatugoda
3000,4,3,Colombo,9,2,110000000.0,Colombo,50.2,Talawatugoda
2859,4,2,Colombo,46,2,32000000.0,Colombo,10.5,Battaramulla
3000,4,3,Colombo,12,2,75000000.0,Colombo,7.8,Dehiwala
1350,3,2,Colombo,44,2,14000000.0,Colombo,10.0,Athurugiriya
1400,3,3,Colombo,4,2,18000000.0,Colombo,8.0,Athurugiriya
1400,3,3,Colombo,16,2,15000000.0,Colombo,10.0,Athurugiriya
2000,4,4,Colombo,1,2,23500000.0,Colombo,7.0,Malabe
2600,4,4,Colombo,22,2,34000000.0,Colombo,9.0,Maharagama
3300,4,4,Colombo,23,2,55000000.0,Colombo,11.0,Battaramulla
2500,5,4,Colombo,15,2,26000000.0,Colombo,10.5,Malabe
800,3,2,Gampaha,22,2,6800000.0,Gampaha,10.0,Kiribathgoda
2000,3,3,Gampaha,6,2,20500000.0,Gampaha,10.0,Negombo
3000,4,4,Colombo,18,2,60000000.0,Colombo,15.0,Talawatugoda
3300,3,2,Colombo,44,2,40000000.0,Colombo,7.0,Talawatugoda
4500,4,3,Colombo,1,2,170000000.0,Colombo,20.0,Nugegoda
3000,5,4,Colombo,19,2,40000000.0,Colombo,10.0,Piliyandala
3000,5,3,Colombo,44,2,111000000.0,Colombo,7.5,Colombo 6
2200,3,2,Colombo,35,2,7000000.0,Colombo,8.0,Moratuwa
2000,4,2,Galle,1,2,52000000.0,Galle,24.0,Galle City
1500,3,1,Colombo,3,2,11000000.0,Colombo,6.2,Kaduwela
1450,3,3,Colombo,3,2,18500000.0,Colombo,11.0,Kottawa
2600,5,3,Colombo,5,2,25500000.0,Colombo,6.2,Piliyandala
1600,3,2,Gampaha,2,2,19000000.0,Gampaha,10.0,Negombo
1400,3,1,Colombo,15,2,14500000.0,Colombo,5.6,Piliyandala
3100,5,3,Colombo,5,2,308000000.0,Colombo,22.0,Colombo 5
2300,5,5,Colombo,2,2,27500000.0,Colombo,7.5,Piliyandala
1500,2,1,Colombo,9,1,11000000.0,Colombo,7.0,Homagama
5026,8,5,Colombo,41,4,42500000.0,Colombo,13.2,Nugegoda
3216,5,3,Colombo,28,2,27000000.0,Colombo,7.5,Kottawa
1350,2,1,Gampaha,10,1,15000000.0,Gampaha,10.5,Negombo
5200,5,5,Colombo,43,2,41000000.0,Colombo,16.0,Kottawa
3250,4,3,Colombo,10,2,30500000.0,Colombo,7.5,Piliyandala
2500,5,4,Kandy,4,2,29000000.0,Kandy,18.75,Pilimatalawa
3200,4,4,Colombo,2,2,32000000.0,Colombo,10.0,Talawatugoda
3000,4,3,Colombo,22,2,47500000.0,Colombo,10.0,Talawatugoda
1500,3,2,Gampaha,2,2,13500000.0,Gampaha,10.0,Negombo
4000,4,4,Colombo,49,2,49500000.0,Colombo,10.0,Talawatugoda
2500,4,3,Gampaha,3,2,29500000.0,Gampaha,20.0,Negombo
3500,3,2,Gampaha,11,2,35000000.0,Gampaha,22.5,Negombo
1745,3,3,Colombo,4,2,21000000.0,Colombo,10.0,Piliyandala
1500,3,1,Kurunegala,9,2,7000000.0,Kurunegala,90.0,Kurunegala City
1600,3,1,Colombo,31,2,23000000.0,Colombo,34.68,Kottawa
3680,4,4,Colombo,7,2,47500000.0,Colombo,10.0,Talawatugoda
1800,3,3,Colombo,17,2,26500000.0,Colombo,7.0,Athurugiriya
1742,3,3,Colombo,42,2,21000000.0,Colombo,10.0,Kesbewa
1500,2,1,Colombo,4,1,12000000.0,Colombo,7.0,Pannipitiya
2600,4,3,Colombo,31,2,24800000.0,Colombo,6.0,Piliyandala
7100,6,5,Colombo,6,3,155000000.0,Colombo,27.0,Nugegoda
1500,3,1,Colombo,8,2,13125000.0,Colombo,7.53,Pannipitiya
5100,7,4,Gampaha,40,4,57500000.0,Gampaha,17.2,Kiribathgoda
3700,4,2,Gampaha,7,2,31000000.0,Gampaha,19.5,Gampaha City
3300,4,3,Colombo,5,2,42500000.0,Colombo,11.0,Talawatugoda
1600,4,2,Galle,24,2,22500000.0,Galle,24.0,Galle City
2896,4,4,Colombo,50,2,24800000.0,Colombo,6.0,Piliyandala
2000,5,3,Colombo,18,2,15800000.0,Colombo,10.5,Ratmalana
3600,5,4,Colombo,24,2,50000000.0,Colombo,10.0,Talawatugoda
1220,4,2,Colombo,4,2,20500000.0,Colombo,8.0,Kotte
3300,4,4,Colombo,5,2,55000000.0,Colombo,11.0,Battaramulla
1300,3,1,Jaffna,22,2,44000000.0,Jaffna,40.0,Jaffna City
2547,3,3,Colombo,19,2,21500000.0,Colombo,9.5,Piliyandala
2700,6,4,Colombo,46,3,30000000.0,Colombo,16.4,Moratuwa
2984,4,4,Colombo,42,2,27500000.0,Colombo,7.5,Piliyandala
2874,4,4,Colombo,14,2,21500000.0,Colombo,9.0,Piliyandala
2879,4,4,Colombo,1,2,27000000.0,Colombo,7.0,Piliyandala
1574,3,3,Colombo,10,2,18500000.0,Colombo,8.0,Piliyandala
1574,3,3,Colombo,14,2,18000000.0,Colombo,11.0,Piliyandala
3000,5,3,Colombo,15,2,32500000.0,Colombo,9.0,Maharagama
1300,1,1,Gampaha,5,1,8000000.0,Gampaha,15.0,Gampaha City
800,2,2,Colombo,11,1,6800000.0,Colombo,3.5,Wellampitiya
3874,5,5,Colombo,7,2,36700000.0,Colombo,11.5,Piliyandala
900,2,1,Colombo,6,1,8500000.0,Colombo,4.0,Wellampitiya
1500,6,4,Colombo,40,3,28500000.0,Colombo,6.0,Kolonnawa
800,2,1,Colombo,41,1,5000000.0,Colombo,3.0,Wellampitiya
2000,5,5,Colombo,9,2,55000000.0,Colombo,7.5,Colombo 1
600,3,1,Colombo,17,2,6500000.0,Colombo,2.5,Kolonnawa
900,3,2,Colombo,5,2,7500000.0,Colombo,3.25,Wellampitiya
1500,2,1,Colombo,50,1,4500000.0,Colombo,5.5,Kolonnawa
4500,4,3,Kandy,49,2,140000000.0,Kandy,1120.0,Gampola
1000,1,1,Colombo,5,1,3500000.0,Colombo,1.11,Colombo 9
2000,3,2,Colombo,2,2,41000000.0,Colombo,8.75,Dehiwala
1800,4,2,Colombo,47,2,14500000.0,Colombo,6.0,Piliyandala
1800,3,2,Colombo,48,2,12500000.0,Colombo,8.8,Piliyandala
2500,4,3,Colombo,17,2,26000000.0,Colombo,8.5,Piliyandala
2200,4,3,Colombo,32,2,26000000.0,Colombo,7.0,Piliyandala
3850,4,4,Colombo,8,2,33000000.0,Colombo,10.0,Piliyandala
2600,5,3,Colombo,9,2,25500000.0,Colombo,6.2,Piliyandala
3544,5,3,Colombo,4,2,22500000.0,Colombo,10.0,Kesbewa
3000,4,3,Colombo,30,2,40000000.0,Colombo,13.0,Talawatugoda
3400,4,3,Colombo,25,2,34000000.0,Colombo,23.17,Piliyandala
3500,4,3,Gampaha,36,2,29500000.0,Gampaha,20.0,Negombo
500,3,1,Colombo,1,2,3500000.0,Colombo,2.0,Colombo 5
3500,4,3,Gampaha,2,2,26500000.0,Gampaha,10.5,Negombo
2000,4,2,Gampaha,44,2,15800000.0,Gampaha,10.8,Negombo
1400,3,2,Gampaha,24,2,9900000.0,Gampaha,10.0,Negombo
2500,6,2,Galle,7,3,30000000.0,Galle,15.0,Galle City
3500,4,3,Gampaha,41,2,29500000.0,Gampaha,20.0,Negombo
4500,8,7,Colombo,10,4,125000000.0,Colombo,11.5,Colombo 9
3300,4,4,Colombo,46,2,55000000.0,Colombo,11.0,Battaramulla
3150,4,3,Gampaha,19,2,31000000.0,Gampaha,15.0,Negombo
2150,3,3,Gampaha,1,2,19500000.0,Gampaha,15.0,Negombo
1320,4,2,Colombo,28,2,6000000.0,Colombo,6.0,Kesbewa
1610,3,2,Gampaha,46,2,19000000.0,Gampaha,10.0,Negombo
3500,3,2,Gampaha,9,2,35000000.0,Gampaha,22.5,Negombo
1500,3,2,Gampaha,8,2,13500000.0,Gampaha,10.0,Negombo
1100,3,2,Gampaha,22,2,8800000.0,Gampaha,17.0,Kandana
3900,4,4,Colombo,6,2,68000000.0,Colombo,12.6,Nugegoda
3000,4,3,Colombo,29,2,105000000.0,Colombo,50.17,Talawatugoda
960,2,2,Gampaha,4,1,6800000.0,Gampaha,13.0,Ja-Ela
2000,4,2,Galle,41,2,18000000.0,Galle,10.0,Galle City
1800,4,2,Colombo,8,2,6400000.0,Colombo,12.0,Meegoda
3000,4,3,Colombo,18,2,100000000.0,Colombo,20.5,Dehiwala
3260,5,4,Gampaha,3,2,27200000.0,Gampaha,59.0,Gampaha City
920,3,1,Gampaha,18,2,4200000.0,Gampaha,6.2,Ja-Ela
1280,3,3,Colombo,11,2,17800000.0,Colombo,6.5,Kottawa
2200,3,3,Colombo,16,2,25000000.0,Colombo,6.6,Dehiwala
1220,3,2,Gampaha,18,2,10700000.0,Gampaha,8.1,Kandana
500,2,1,Colombo,10,1,7800000.0,Colombo,1.5,Rajagiriya
2670,4,4,Colombo,14,2,27000000.0,Colombo,8.0,Kottawa
1480,3,3,Colombo,7,2,16500000.0,Colombo,7.5,Athurugiriya
2200,5,2,Gampaha,38,2,7500000.0,Gampaha,10.0,Kandana
3000,4,3,Colombo,46,2,22000000.0,Colombo,6.75,Nugegoda
2490,2,1,Colombo,34,1,4275000.0,Colombo,2.75,Colombo 9
2700,5,2,Gampaha,8,2,16200000.0,Gampaha,10.0,Kandana
928,4,1,Hambantota,7,2,6800000.0,Hambantota,20.0,Tangalla
6000,5,4,Colombo,42,2,41000000.0,Colombo,16.0,Kottawa
1500,3,1,Gampaha,50,2,6500000.0,Gampaha,8.5,Kandana
2000,5,2,Gampaha,39,2,17500000.0,Gampaha,7.0,Negombo
2800,5,2,Gampaha,3,2,20000000.0,Gampaha,10.0,Gampaha City
6500,2,1,Kegalle,3,1,4200000.0,Kegalle,6.5,Rambukkana
4000,6,3,Gampaha,7,3,26500000.0,Gampaha,12.5,Kadawatha
3250,4,3,Colombo,24,2,130000000.0,Colombo,7.5,Colombo 4
4000,8,5,Gampaha,21,4,85000000.0,Gampaha,14.0,Kelaniya
1580,3,3,Colombo,21,2,18500000.0,Colombo,10.0,Athurugiriya
2750,5,4,Colombo,48,2,72000000.0,Colombo,10.11,Colombo 6
2720,5,2,Kegalle,13,2,39000000.0,Kegalle,34.0,Mawanella
5000,5,3,Colombo,13,2,210000000.0,Colombo,14.0,Colombo 5
5500,5,2,Colombo,4,2,29500000.0,Colombo,12.5,Kolonnawa
3150,4,3,Gampaha,6,2,26500000.0,Gampaha,10.5,Negombo
2500,4,1,Galle,6,2,17500000.0,Galle,40.0,Karapitiya
2400,3,2,Gampaha,22,2,21500000.0,Gampaha,18.0,Negombo
3150,4,3,Gampaha,13,2,26500000.0,Gampaha,10.5,Negombo
1300,2,2,Colombo,38,1,7000000.0,Colombo,3.87,Dehiwala
2500,4,2,Kalutara,9,2,18000000.0,Kalutara,10.0,Kalutara City
1000,2,1,Colombo,27,1,7900000.0,Colombo,3.0,Homagama
1300,5,2,Colombo,43,2,28500000.0,Colombo,8.5,Nugegoda
1527,3,1,Kalutara,44,2,6500000.0,Kalutara,10.0,Wadduwa
5200,6,4,Colombo,14,3,90000000.0,Colombo,14.5,Rajagiriya
900,2,1,Colombo,49,1,13000000.0,Colombo,6.3,Dehiwala
1400,3,3,Colombo,43,2,16700000.0,Colombo,9.0,Piliyandala
4000,4,4,Colombo,48,2,50000000.0,Colombo,10.0,Talawatugoda
5000,4,2,Gampaha,12,2,19500000.0,Gampaha,10.0,Gampaha City
1800,3,1,Kandy,35,2,11500000.0,Kandy,9.85,Katugastota
1900,4,2,Colombo,21,2,19000000.0,Colombo,11.4,Malabe
1100,3,1,Jaffna,9,2,11000000.0,Jaffna,80.0,Jaffna City
3000,4,5,Colombo,10,2,55000000.0,Colombo,11.0,Battaramulla
3200,4,3,Colombo,25,2,33000000.0,Colombo,8.0,Kottawa
4000,8,6,Galle,9,4,32500000.0,Galle,11.0,Karapitiya
3900,7,4,Kandy,14,4,29500000.0,Kandy,10.0,Kandy City
600,2,1,Kandy,34,1,18500000.0,Kandy,1.5,Kandy City
2200,3,2,Colombo,29,2,22500000.0,Colombo,23.0,Piliyandala
2500,5,2,Kurunegala,15,2,12500000.0,Kurunegala,20.0,Kurunegala City
4900,4,3,Gampaha,11,2,70000000.0,Gampaha,20.0,Kadawatha
3500,3,1,Gampaha,46,2,4000000.0,Gampaha,90.0,Nittambuwa
3158,3,1,Colombo,41,2,6500000.0,Colombo,11.6,Homagama
4000,2,1,Gampaha,2,1,5500000.0,Gampaha,15.0,Nittambuwa
3500,3,1,Gampaha,13,2,36400000.0,Gampaha,280.0,Nittambuwa
1900,4,2,Gampaha,12,2,47500000.0,Gampaha,31.0,Ragama
2500,3,2,Gampaha,10,2,16000000.0,Gampaha,22.0,Gampaha City
1200,2,1,Colombo,8,1,7800000.0,Colombo,11.5,Padukka
2900,4,4,Colombo,11,2,36000000.0,Colombo,8.5,Piliyandala
2300,5,5,Colombo,43,2,27500000.0,Colombo,7.5,Piliyandala
5000,4,2,Gampaha,7,2,13000000.0,Gampaha,15.0,Nittambuwa
3500,2,1,Gampaha,20,1,5750000.0,Gampaha,7.0,Kadawatha
4000,2,2,Gampaha,20,1,12900000.0,Gampaha,13.5,Nittambuwa
1800,4,3,Colombo,41,2,14500000.0,Colombo,26.0,Kaduwela
7240,5,6,Colombo,6,2,70000000.0,Colombo,17.0,Talawatugoda
2550,4,3,Colombo,11,2,25500000.0,Colombo,7.5,Piliyandala
3600,6,4,Colombo,8,3,33500000.0,Colombo,16.2,Kottawa
2400,4,3,Colombo,12,2,27000000.0,Colombo,7.0,Kottawa
2400,4,3,Colombo,45,2,24800000.0,Colombo,6.0,Piliyandala
3000,4,4,Colombo,38,2,27500000.0,Colombo,7.5,Piliyandala
2300,4,4,Colombo,42,2,21500000.0,Colombo,9.5,Piliyandala
2700,5,3,Colombo,7,2,27000000.0,Colombo,7.5,Piliyandala
2400,4,3,Colombo,42,2,26000000.0,Colombo,7.0,Piliyandala
3000,4,2,Colombo,42,2,22000000.0,Colombo,15.4,Piliyandala
2000,3,2,Colombo,42,2,21500000.0,Colombo,9.3,Piliyandala
1200,3,2,Colombo,20,2,18500000.0,Colombo,10.0,Piliyandala
3100,4,4,Colombo,29,2,40000000.0,Colombo,10.0,Piliyandala
3250,5,3,Colombo,1,2,23500000.0,Colombo,7.0,Piliyandala
1200,3,3,Colombo,9,2,14000000.0,Colombo,12.0,Piliyandala
2000,4,3,Colombo,1,2,19500000.0,Colombo,6.5,Piliyandala
3700,5,4,Colombo,1,2,30500000.0,Colombo,8.0,Piliyandala
2500,4,5,Colombo,5,2,25500000.0,Colombo,7.0,Piliyandala
3850,4,4,Colombo,47,2,46500000.0,Colombo,28.0,Piliyandala
3850,4,4,Colombo,26,2,33000000.0,Colombo,10.0,Piliyandala
1000,2,1,Galle,46,1,13800000.0,Galle,23.0,Karapitiya
1500,3,2,Gampaha,40,2,4500000.0,Gampaha,20.0,Negombo
2850,5,4,Colombo,38,2,29500000.0,Colombo,11.0,Athurugiriya
1000,2,2,Colombo,35,1,6800000.0,Colombo,3.5,Wellampitiya
10000,5,5,Colombo,4,2,17000000.0,Colombo,26.0,Colombo 7
1500,3,1,Galle,21,2,6500000.0,Galle,10.0,Karapitiya
4500,4,2,Kalutara,21,2,8500000.0,Kalutara,19.8,Kalutara City
1541,4,1,Kegalle,9,2,5500000.0,Kegalle,6.0,Yatiyantota
3500,5,2,Gampaha,28,2,14500000.0,Gampaha,16.75,Nittambuwa
1500,3,1,Gampaha,11,2,5500000.0,Gampaha,25.0,Minuwangoda
2000,3,2,Galle,20,2,12000000.0,Galle,14.0,Karapitiya
1000,3,3,Colombo,8,2,13500000.0,Colombo,10.0,Athurugiriya
820,3,2,Colombo,2,2,15000000.0,Colombo,4.0,Colombo 5
2200,4,3,Colombo,42,2,22000000.0,Colombo,6.3,Malabe
1900,4,1,Galle,35,2,6250000.0,Galle,40.0,Baddegama
1700,4,2,Gampaha,1,2,35000000.0,Gampaha,14.0,Wattala
3250,4,3,Colombo,27,2,30500000.0,Colombo,7.5,Piliyandala
3000,6,4,Colombo,31,3,48500000.0,Colombo,14.0,Piliyandala
3250,4,4,Colombo,45,2,27000000.0,Colombo,7.0,Piliyandala
5000,6,6,Anuradhapura,9,3,3000000.0,Anuradhapura,18.5,Anuradhapura City
5000,5,4,Gampaha,4,2,39000000.0,Gampaha,12.9,Gampaha City
5000,5,5,Colombo,3,2,162000000.0,Colombo,17.0,Nawala
1000,3,1,Kalutara,7,2,12000000.0,Kalutara,24.0,Ingiriya
5000,5,5,Anuradhapura,9,2,40000000.0,Anuradhapura,22.0,Anuradhapura City
2300,4,3,Colombo,6,2,17800000.0,Colombo,11.5,Talawatugoda
1500,4,1,Matara,3,2,25000000.0,Matara,10.0,Deniyaya
3200,4,4,Colombo,10,2,30500000.0,Colombo,8.0,Piliyandala
1750,3,2,Colombo,10,2,17000000.0,Colombo,12.8,Talawatugoda
3000,6,4,Colombo,43,3,30000000.0,Colombo,8.0,Boralesgamuwa
6550,6,5,Colombo,12,3,44000000.0,Colombo,12.8,Talawatugoda
400,1,1,Gampaha,7,1,3500000.0,Gampaha,10.0,Divulapitiya
2900,4,4,Colombo,47,2,36000000.0,Colombo,8.5,Piliyandala
3250,4,3,Colombo,12,2,30500000.0,Colombo,7.5,Piliyandala
2500,5,2,Kandy,24,2,25000000.0,Kandy,65.0,Digana
1200,3,1,Colombo,4,2,11500000.0,Colombo,15.0,Piliyandala
2800,3,2,Gampaha,17,2,27500000.0,Gampaha,19.5,Gampaha City
2800,5,4,Gampaha,49,2,21000000.0,Gampaha,10.5,Kandana
2755,2,2,Colombo,5,1,4200000.0,Colombo,2.0,Colombo 9
3500,6,4,Galle,5,3,27500000.0,Galle,25.0,Hikkaduwa
2350,4,4,Colombo,17,2,27000000.0,Colombo,10.5,Pannipitiya
1250,3,1,Colombo,46,2,10300000.0,Colombo,11.0,Piliyandala
6000,5,4,Colombo,7,2,200000000.0,Colombo,20.0,Nawala
1250,3,2,Colombo,5,2,46250000.0,Colombo,12.5,Battaramulla
1500,4,2,Gampaha,23,2,14500000.0,Gampaha,12.9,Ja-Ela
1200,3,1,Colombo,3,2,14000000.0,Colombo,6.24,Maharagama
2200,4,3,Colombo,5,2,26000000.0,Colombo,7.0,Piliyandala
2300,5,5,Colombo,45,2,27500000.0,Colombo,7.5,Piliyandala
2723,3,1,Galle,16,2,6700000.0,Galle,10.0,Galle City
2000,3,2,Colombo,11,2,30000000.0,Colombo,13.43,Kolonnawa
2000,3,2,Kalutara,10,2,126225000.0,Kalutara,45.9,Bandaragama
1960,4,5,Colombo,20,2,31500000.0,Colombo,7.2,Piliyandala
1000,2,1,Gampaha,7,1,8000000.0,Gampaha,5.0,Seeduwa
3800,4,4,Colombo,29,2,85000000.0,Colombo,16.0,Talawatugoda
1400,3,3,Colombo,46,2,15000000.0,Colombo,10.0,Athurugiriya
3000,6,4,Colombo,10,3,48500000.0,Colombo,14.0,Piliyandala
2600,5,3,Colombo,33,2,25500000.0,Colombo,6.2,Piliyandala
3850,4,4,Colombo,10,2,33000000.0,Colombo,10.0,Piliyandala
3000,5,4,Colombo,34,2,40000000.0,Colombo,10.0,Piliyandala
800,2,1,Colombo,8,1,5500000.0,Colombo,4.0,Angoda
1400,3,3,Colombo,10,2,18000000.0,Colombo,8.0,Athurugiriya
2400,4,3,Colombo,9,2,27000000.0,Colombo,7.0,Kottawa
1800,3,1,Colombo,7,2,13000000.0,Colombo,10.0,Piliyandala
3000,4,4,Colombo,1,2,28500000.0,Colombo,15.0,Piliyandala
3200,4,5,Colombo,9,2,25500000.0,Colombo,7.0,Piliyandala
2400,4,3,Colombo,22,2,24800000.0,Colombo,6.0,Piliyandala
2550,4,3,Colombo,6,2,25500000.0,Colombo,7.5,Piliyandala
3500,6,4,Colombo,34,3,25000000.0,Colombo,20.0,Piliyandala
3250,5,3,Colombo,42,2,23500000.0,Colombo,7.0,Piliyandala
2000,4,3,Colombo,23,2,19500000.0,Colombo,6.5,Piliyandala
3700,5,4,Colombo,24,2,30500000.0,Colombo,8.0,Piliyandala
2500,4,5,Colombo,14,2,25500000.0,Colombo,7.0,Piliyandala
2500,5,1,Gampaha,29,2,18000000.0,Gampaha,9.83,Gampaha City
3200,5,3,Colombo,16,2,42500000.0,Colombo,6.5,Boralesgamuwa
1800,3,3,Colombo,11,2,23500000.0,Colombo,8.0,Piliyandala
3000,5,2,Gampaha,7,2,24500000.0,Gampaha,10.0,Gampaha City
1000,3,1,Matale,20,2,8500000.0,Matale,10.0,Ukuwela
900,2,1,Matale,14,1,7500000.0,Matale,22.0,Ukuwela
2800,5,7,Colombo,22,2,64000000.0,Colombo,17.5,Talawatugoda
1000,3,1,Matale,25,2,6500000.0,Matale,13.0,Ukuwela
1400,3,3,Colombo,38,2,18000000.0,Colombo,8.0,Athurugiriya
1500,3,2,Colombo,31,2,16500000.0,Colombo,7.5,Malabe
1350,3,2,Colombo,2,2,14000000.0,Colombo,10.0,Malabe
1500,3,3,Colombo,47,2,18500000.0,Colombo,7.5,Malabe
1900,4,2,Colombo,7,2,19000000.0,Colombo,11.4,Malabe
2800,4,3,Colombo,40,2,27500000.0,Colombo,11.5,Malabe
2200,4,3,Colombo,8,2,26500000.0,Colombo,6.5,Malabe
2500,5,4,Colombo,26,2,26000000.0,Colombo,10.5,Malabe
2600,4,4,Colombo,26,2,23000000.0,Colombo,7.0,Malabe
1400,3,2,Colombo,2,2,14500000.0,Colombo,13.5,Kesbewa
1750,3,3,Colombo,12,2,19800000.0,Colombo,6.5,Athurugiriya
1000,2,1,Galle,49,1,3500000.0,Galle,10.0,Ambalangoda
2200,4,3,Kandy,39,2,19500000.0,Kandy,16.0,Kandy City
1800,3,3,Gampaha,14,2,21500000.0,Gampaha,6.0,Kiribathgoda
2800,4,4,Gampaha,36,2,27000000.0,Gampaha,18.0,Kiribathgoda
3500,5,4,Gampaha,11,2,33000000.0,Gampaha,11.0,Kiribathgoda
2900,4,3,Gampaha,41,2,30000000.0,Gampaha,10.0,Kiribathgoda
1600,4,3,Gampaha,9,2,17500000.0,Gampaha,12.5,Kadawatha
1600,4,1,Gampaha,15,2,16500000.0,Gampaha,16.0,Kadawatha
2200,3,2,Gampaha,2,2,18500000.0,Gampaha,20.5,Kadawatha
1500,3,3,Colombo,1,2,14000000.0,Colombo,3.0,Ratmalana
4200,5,4,Colombo,40,2,66000000.0,Colombo,29.0,Malabe
2200,4,2,Colombo,46,2,29500000.0,Colombo,16.0,Malabe
3000,3,2,Kalutara,10,2,35000000.0,Kalutara,10.0,Bandaragama
1500,3,2,Gampaha,34,2,18500000.0,Gampaha,6.0,Wattala
2000,2,1,Matale,11,1,9000000.0,Matale,12.5,Matale City
1500,4,1,Gampaha,8,2,10000000.0,Gampaha,13.4,Kadawatha
2500,4,2,Gampaha,8,2,16500000.0,Gampaha,20.0,Nittambuwa
3200,5,3,Colombo,22,2,32000000.0,Colombo,10.0,Kottawa
1950,3,2,Gampaha,49,2,21500000.0,Gampaha,12.0,Negombo
1560,1,2,Colombo,1,1,11000000.0,Colombo,6.0,Kesbewa
1400,3,1,Gampaha,48,2,7900000.0,Gampaha,14.0,Gampaha City
2400,5,2,Kalutara,34,2,9500000.0,Kalutara,48.0,Horana
1970,4,2,Colombo,3,2,200000000.0,Colombo,17.7,Mount Lavinia
1000,4,2,Gampaha,6,2,25000000.0,Gampaha,20.0,Kiribathgoda
1400,3,3,Colombo,28,2,17800000.0,Colombo,6.0,Kottawa
1950,3,2,Gampaha,29,2,19500000.0,Gampaha,10.0,Wattala
6800,6,5,Colombo,20,3,44000000.0,Colombo,12.8,Talawatugoda
3600,6,4,Colombo,39,3,33500000.0,Colombo,16.2,Kottawa
3000,4,3,Colombo,43,2,29500000.0,Colombo,12.0,Kottawa
4083,7,6,Colombo,1,4,38000000.0,Colombo,20.0,Talawatugoda
2400,4,3,Colombo,10,2,27000000.0,Colombo,7.0,Kottawa
2400,4,3,Colombo,13,2,24800000.0,Colombo,6.0,Piliyandala
2550,4,3,Colombo,32,2,25500000.0,Colombo,7.5,Piliyandala
1200,3,2,Colombo,11,2,18500000.0,Colombo,10.0,Piliyandala
3000,4,4,Colombo,33,2,28500000.0,Colombo,15.0,Piliyandala
1400,3,1,Colombo,6,2,8400000.0,Colombo,11.5,Kaduwela
2000,4,3,Colombo,16,2,19500000.0,Colombo,6.5,Piliyandala
3250,5,3,Colombo,50,2,23500000.0,Colombo,7.0,Piliyandala
3700,5,4,Colombo,10,2,30500000.0,Colombo,8.0,Piliyandala
2500,4,5,Colombo,1,2,25500000.0,Colombo,7.0,Piliyandala
3850,4,4,Colombo,19,2,46500000.0,Colombo,28.0,Piliyandala
4500,4,1,Gampaha,18,2,6750000.0,Gampaha,25.0,Nittambuwa
4000,6,6,Colombo,41,3,75000000.0,Colombo,23.0,Mount Lavinia
3500,5,2,Gampaha,44,2,7150000.0,Gampaha,85.5,Nittambuwa
3500,3,1,Gampaha,23,2,3500000.0,Gampaha,15.0,Nittambuwa
3500,4,1,Gampaha,32,2,3750000.0,Gampaha,26.0,Nittambuwa
1100,3,2,Colombo,1,2,8950000.0,Colombo,10.0,Athurugiriya
3740,7,3,Kegalle,10,4,250000000.0,Kegalle,23.0,Kegalle City
3000,3,1,Gampaha,14,2,12500000.0,Gampaha,15.0,Nittambuwa
5000,5,3,Gampaha,23,2,26500000.0,Gampaha,14.5,Kadawatha
4000,6,4,Colombo,7,3,65000000.0,Colombo,18.76,Kotte
2800,4,4,Colombo,50,2,55000000.0,Colombo,12.0,Battaramulla
3200,5,3,Colombo,48,2,42500000.0,Colombo,6.5,Nugegoda
1800,4,3,Gampaha,10,2,26300000.0,Gampaha,40.2,Gampaha City
2400,5,4,Kandy,31,2,35000000.0,Kandy,17.0,Kandy City
1350,3,2,Colombo,8,2,14000000.0,Colombo,10.0,Malabe
2800,4,4,Colombo,26,2,28000000.0,Colombo,10.0,Malabe
2650,5,3,Colombo,18,2,45000000.0,Colombo,9.9,Rajagiriya
3100,4,4,Colombo,38,2,33000000.0,Colombo,8.0,Kottawa
3200,4,4,Colombo,6,2,44000000.0,Colombo,8.0,Talawatugoda
1320,3,3,Colombo,22,2,13000000.0,Colombo,9.5,Kottawa
1320,3,3,Colombo,6,2,13000000.0,Colombo,9.5,Homagama
3185,5,3,Colombo,50,2,54500000.0,Colombo,11.7,Kotte
1000,3,2,Kurunegala,6,2,4500000.0,Kurunegala,30.0,Kurunegala City
2800,4,3,Colombo,5,2,27500000.0,Colombo,11.5,Malabe
2500,4,3,Colombo,49,2,26000000.0,Colombo,8.5,Piliyandala
1900,4,2,Colombo,34,2,19000000.0,Colombo,11.4,Malabe
3000,6,4,Colombo,10,3,48500000.0,Colombo,14.0,Piliyandala
1250,3,2,Colombo,45,2,16500000.0,Colombo,7.5,Malabe
2000,2,1,Puttalam,3,1,5500000.0,Puttalam,15.0,Chilaw
2700,4,2,Gampaha,20,2,28000000.0,Gampaha,16.0,Kadawatha
2900,4,4,Colombo,12,2,36000000.0,Colombo,8.5,Piliyandala
2600,5,3,Colombo,41,2,25500000.0,Colombo,6.2,Piliyandala
2200,4,3,Colombo,34,2,26000000.0,Colombo,7.0,Piliyandala
3850,4,4,Colombo,18,2,33000000.0,Colombo,10.0,Piliyandala
2000,4,2,Gampaha,17,2,18000000.0,Gampaha,11.0,Kandana
1200,3,1,Colombo,23,2,15000000.0,Colombo,6.25,Malabe
817,2,1,Colombo,19,1,7300000.0,Colombo,3.0,Colombo 10
1800,3,3,Colombo,5,2,21500000.0,Colombo,10.0,Piliyandala
4120,4,2,Colombo,25,2,40000000.0,Colombo,10.3,Maharagama
4750,5,5,Colombo,8,2,82500000.0,Colombo,16.0,Battaramulla
3000,4,3,Colombo,14,2,100000000.0,Colombo,50.2,Talawatugoda
1566,3,1,Colombo,1,2,10000000.0,Colombo,10.0,Homagama
2000,4,2,Gampaha,40,2,7600000.0,Gampaha,6.0,Ganemulla
1450,4,1,Anuradhapura,49,2,26000000.0,Anuradhapura,34.0,Anuradhapura City
5000,3,3,Colombo,47,2,66000000.0,Colombo,12.0,Battaramulla
1200,3,1,Puttalam,8,2,6000000.0,Puttalam,30.0,Puttalam City
4000,4,3,Gampaha,2,2,29500000.0,Gampaha,20.0,Negombo
2200,4,2,Kandy,3,2,16500000.0,Kandy,21.0,Kundasale
1500,3,2,Colombo,24,2,18000000.0,Colombo,13.0,Pannipitiya
1700,3,3,Colombo,44,2,18000000.0,Colombo,11.0,Piliyandala
1500,2,1,Kalutara,22,1,6500000.0,Kalutara,18.5,Horana
1457,2,2,Anuradhapura,28,1,11000000.0,Anuradhapura,67.0,Anuradhapura City
6600,7,4,Gampaha,5,4,65000000.0,Gampaha,29.0,Divulapitiya
4750,5,5,Colombo,49,2,82500000.0,Colombo,16.0,Battaramulla
2480,4,4,Colombo,46,2,21500000.0,Colombo,9.0,Piliyandala
800,5,1,Gampaha,3,2,5300000.0,Gampaha,12.5,Nittambuwa
1100,3,1,Gampaha,8,2,16000000.0,Gampaha,15.0,Kadawatha
2800,4,2,Colombo,45,2,38000000.0,Colombo,12.85,Athurugiriya
1800,4,4,Colombo,5,2,17500000.0,Colombo,7.5,Kottawa
1800,5,3,Colombo,15,2,46000000.0,Colombo,9.7,Rajagiriya
4000,3,3,Colombo,12,2,68600000.0,Colombo,9.8,Colombo 6
2723,6,6,Colombo,17,3,49000000.0,Colombo,10.0,Battaramulla
4000,5,3,Colombo,27,2,30000000.0,Colombo,13.4,Homagama
1200,3,2,Colombo,32,2,62000000.0,Colombo,9.2,Nawala
3000,5,2,Colombo,21,2,14500000.0,Colombo,9.0,Malabe
1650,5,3,Colombo,3,2,54800000.0,Colombo,7.31,Boralesgamuwa
4000,4,4,Colombo,14,2,67500000.0,Colombo,12.0,Boralesgamuwa
2000,4,2,Colombo,50,2,20000000.0,Colombo,4.5,Boralesgamuwa
2000,2,1,Gampaha,9,1,4000000.0,Gampaha,15.0,Minuwangoda
1200,3,2,Colombo,49,2,23000000.0,Colombo,10.0,Boralesgamuwa
2900,4,2,Colombo,16,2,22500000.0,Colombo,7.0,Homagama
3000,4,3,Colombo,43,2,29500000.0,Colombo,12.0,Kottawa
2400,4,3,Colombo,20,2,27000000.0,Colombo,7.0,Kottawa
3300,3,3,Colombo,19,2,32000000.0,Colombo,12.0,Kottawa
2000,4,2,Colombo,8,2,17500000.0,Colombo,7.5,Kottawa
4500,5,5,Colombo,18,2,65000000.0,Colombo,26.45,Kottawa
7240,5,6,Colombo,18,2,70000000.0,Colombo,17.0,Kottawa
2000,4,3,Colombo,41,2,26000000.0,Colombo,13.0,Kottawa
3600,6,4,Colombo,35,3,33500000.0,Colombo,16.2,Kottawa
2250,3,2,Colombo,15,2,22000000.0,Colombo,10.0,Kottawa
2100,5,2,Colombo,1,2,17500000.0,Colombo,17.2,Kottawa
4500,4,5,Colombo,28,2,37500000.0,Colombo,14.5,Kottawa
2300,3,3,Colombo,7,2,45000000.0,Colombo,11.0,Maharagama
6000,5,4,Colombo,2,2,42000000.0,Colombo,16.0,Kottawa
4120,4,2,Colombo,14,2,40000000.0,Colombo,10.3,Maharagama
2500,3,2,Colombo,10,2,35000000.0,Colombo,10.0,Maharagama
1200,3,2,Colombo,40,2,9000000.0,Colombo,10.0,Padukka
2600,4,3,Colombo,29,2,35000000.0,Colombo,8.2,Maharagama
2750,4,3,Colombo,21,2,27000000.0,Colombo,12.0,Maharagama
2500,4,2,Colombo,47,2,30000000.0,Colombo,7.0,Maharagama
4000,6,4,Colombo,8,3,26000000.0,Colombo,9.5,Maharagama
3300,6,4,Colombo,17,3,45000000.0,Colombo,10.0,Maharagama
5000,4,4,Colombo,37,2,120000000.0,Colombo,92.0,Maharagama
2000,3,2,Colombo,44,2,16000000.0,Colombo,6.0,Pannipitiya
2700,5,3,Colombo,44,2,28000000.0,Colombo,10.4,Pannipitiya
1281,3,2,Gampaha,13,2,20900000.0,Gampaha,10.04,Ja-Ela
2400,4,3,Colombo,5,2,24800000.0,Colombo,6.0,Piliyandala
1300,4,2,Colombo,30,2,14300000.0,Colombo,18.0,Piliyandala
2550,4,3,Colombo,17,2,25500000.0,Colombo,7.5,Piliyandala
2000,3,1,Kandy,34,2,7500000.0,Kandy,142.0,Ampitiya
3000,4,4,Colombo,20,2,28500000.0,Colombo,15.0,Piliyandala
2500,6,4,Colombo,3,3,28000000.0,Colombo,20.0,Piliyandala
1800,3,3,Colombo,23,2,23500000.0,Colombo,8.0,Piliyandala
1250,3,2,Colombo,17,2,16500000.0,Colombo,7.5,Malabe
2700,5,3,Colombo,8,2,27000000.0,Colombo,7.5,Piliyandala
2400,4,3,Colombo,41,2,26000000.0,Colombo,7.0,Piliyandala
1200,3,3,Colombo,50,2,14000000.0,Colombo,12.0,Piliyandala
1200,3,2,Colombo,46,2,18500000.0,Colombo,10.0,Piliyandala
3250,5,3,Colombo,4,2,23500000.0,Colombo,7.0,Piliyandala
3000,5,4,Colombo,16,2,40000000.0,Colombo,10.0,Piliyandala
2000,4,3,Colombo,22,2,19500000.0,Colombo,6.5,Piliyandala
1400,3,2,Colombo,25,2,14000000.0,Colombo,8.76,Piliyandala
3250,4,3,Colombo,30,2,30500000.0,Colombo,7.5,Piliyandala
3700,5,4,Colombo,38,2,30500000.0,Colombo,8.0,Piliyandala
2500,4,5,Colombo,10,2,25500000.0,Colombo,7.0,Piliyandala
3000,4,3,Colombo,32,2,47000000.0,Colombo,10.0,Malabe
2900,4,4,Colombo,50,2,36000000.0,Colombo,8.5,Piliyandala
2600,5,3,Colombo,30,2,25500000.0,Colombo,6.2,Piliyandala
4750,5,5,Colombo,19,2,82500000.0,Colombo,16.0,Battaramulla
2200,4,3,Colombo,9,2,26000000.0,Colombo,7.0,Piliyandala
2067,5,4,Colombo,10,2,22000000.0,Colombo,6.0,Athurugiriya
2000,3,3,Colombo,10,2,20500000.0,Colombo,6.5,Athurugiriya
3300,3,2,Colombo,1,2,40000000.0,Colombo,7.0,Talawatugoda
3000,6,4,Colombo,33,3,48500000.0,Colombo,14.0,Piliyandala
3000,5,3,Colombo,8,2,20000000.0,Colombo,34.0,Homagama
2600,4,4,Colombo,8,2,29000000.0,Colombo,10.5,Athurugiriya
1250,3,2,Colombo,7,2,16500000.0,Colombo,7.5,Malabe
965,4,1,Hambantota,19,2,4800000.0,Hambantota,10.0,Tangalla
2200,4,3,Colombo,17,2,26500000.0,Colombo,6.5,Malabe
2000,4,3,Colombo,40,2,46500000.0,Colombo,10.0,Boralesgamuwa
2200,4,2,Colombo,1,2,24000000.0,Colombo,6.5,Nugegoda
3850,4,4,Colombo,14,2,46500000.0,Colombo,28.0,Piliyandala
2250,5,2,Colombo,21,2,105000000.0,Colombo,21.5,Kotte
800,1,1,Colombo,24,1,7000000.0,Colombo,2.0,Colombo 5
1275,2,1,Gampaha,12,1,7500000.0,Gampaha,9.5,Ragama
2600,4,4,Colombo,22,2,29000000.0,Colombo,10.5,Malabe
2300,3,2,Gampaha,14,2,41000000.0,Gampaha,19.0,Wattala
1800,3,1,Gampaha,23,2,18900000.0,Gampaha,32.0,Ganemulla
850,2,1,Gampaha,7,1,6900000.0,Gampaha,6.0,Gampaha City
4800,5,5,Gampaha,19,2,34000000.0,Gampaha,15.0,Kandana
1200,2,1,Kalutara,9,1,4800000.0,Kalutara,9.12,Panadura
1900,3,3,Colombo,14,2,19800000.0,Colombo,6.5,Athurugiriya
700,3,1,Kegalle,5,2,6500000.0,Kegalle,24.0,Mawanella
1000,3,2,Galle,2,2,15000000.0,Galle,15.0,Galle City
2300,5,3,Colombo,16,2,25000000.0,Colombo,13.5,Pannipitiya
1400,3,3,Colombo,28,2,15000000.0,Colombo,10.0,Athurugiriya
3600,4,3,Colombo,12,2,36000000.0,Colombo,7.8,Malabe
1250,3,2,Colombo,24,2,16500000.0,Colombo,7.5,Malabe
1000,1,1,Colombo,6,1,4300000.0,Colombo,10.0,Piliyandala
1200,3,3,Colombo,16,2,14500000.0,Colombo,6.0,Athurugiriya
1200,4,1,Kalutara,23,2,22500000.0,Kalutara,20.0,Kalutara City
1500,5,1,Kandy,15,2,16000000.0,Kandy,140.0,Gampola
1900,4,2,Colombo,45,2,18000000.0,Colombo,16.7,Homagama
3200,5,3,Colombo,43,2,42500000.0,Colombo,6.5,Ratmalana
8167,4,4,Monaragala,14,2,8500000.0,Monaragala,30.0,Kataragama
2200,4,3,Colombo,8,2,22500000.0,Colombo,6.3,Malabe
1300,3,1,Gampaha,22,2,10000000.0,Gampaha,20.0,Gampaha City
2200,4,3,Colombo,25,2,26000000.0,Colombo,7.0,Piliyandala
1200,3,1,Matale,3,2,9500000.0,Matale,20.0,Matale City
3850,4,4,Colombo,3,2,33000000.0,Colombo,10.0,Piliyandala
2200,4,3,Colombo,28,2,21500000.0,Colombo,9.0,Piliyandala
2300,5,4,Colombo,21,2,27500000.0,Colombo,7.5,Piliyandala
3000,5,4,Colombo,2,2,40000000.0,Colombo,10.0,Piliyandala
3000,6,4,Colombo,44,3,48500000.0,Colombo,14.0,Piliyandala
1000,2,1,Colombo,1,1,9800000.0,Colombo,9.0,Piliyandala
2600,5,3,Colombo,20,2,25500000.0,Colombo,6.2,Piliyandala
2500,4,3,Colombo,21,2,26000000.0,Colombo,8.5,Piliyandala
3250,4,3,Colombo,5,2,30500000.0,Colombo,7.5,Piliyandala
2174,4,4,Colombo,25,2,39500000.0,Colombo,8.0,Kotte
1800,3,1,Gampaha,23,2,18000000.0,Gampaha,15.0,Negombo
1500,6,2,Jaffna,8,3,13000000.0,Jaffna,20.0,Jaffna City
1050,3,1,Colombo,49,2,8500000.0,Colombo,6.0,Piliyandala
2700,3,2,Colombo,41,2,13000000.0,Colombo,10.0,Piliyandala
2000,4,2,Colombo,23,2,28000000.0,Colombo,10.5,Battaramulla
2000,3,1,Galle,10,2,7800000.0,Galle,11.34,Galle City
3000,6,5,Colombo,48,3,33500000.0,Colombo,16.0,Kottawa
1500,3,2,Galle,41,2,9500000.0,Galle,13.0,Galle City
3600,6,4,Colombo,1,3,33500000.0,Colombo,16.2,Piliyandala
1300,5,1,Galle,20,2,7500000.0,Galle,80.0,Galle City
3800,6,4,Colombo,14,3,29500000.0,Colombo,13.0,Kottawa
2400,4,3,Colombo,3,2,27000000.0,Colombo,7.0,Piliyandala
2800,5,7,Colombo,39,2,64000000.0,Colombo,17.5,Talawatugoda
3200,4,3,Colombo,40,2,22500000.0,Colombo,8.5,Piliyandala
2400,4,3,Colombo,1,2,24800000.0,Colombo,6.0,Piliyandala
2550,4,3,Colombo,39,2,25500000.0,Colombo,7.5,Piliyandala
3000,4,4,Colombo,4,2,28500000.0,Colombo,15.0,Piliyandala
1900,4,2,Colombo,9,2,19000000.0,Colombo,11.4,Athurugiriya
1800,3,3,Colombo,3,2,23500000.0,Colombo,8.0,Piliyandala
2700,5,3,Colombo,15,2,27000000.0,Colombo,7.5,Piliyandala
2400,4,3,Colombo,9,2,26000000.0,Colombo,7.0,Piliyandala
3000,6,4,Colombo,8,3,48500000.0,Colombo,14.0,Piliyandala
2500,5,3,Colombo,28,2,45000000.0,Colombo,6.0,Dehiwala
3000,4,2,Colombo,18,2,22000000.0,Colombo,15.4,Piliyandala
1200,3,2,Colombo,47,2,18500000.0,Colombo,10.0,Piliyandala
3250,5,3,Colombo,36,2,23500000.0,Colombo,7.0,Piliyandala
1200,3,3,Colombo,10,2,14000000.0,Colombo,12.0,Piliyandala
3000,4,3,Colombo,40,2,35000000.0,Colombo,19.0,Piliyandala
1500,3,3,Colombo,21,2,18500000.0,Colombo,7.5,Malabe
850,2,1,Galle,9,1,3500000.0,Galle,10.0,Galle City
2500,4,3,Colombo,25,2,33000000.0,Colombo,12.6,Piliyandala
2000,4,3,Colombo,49,2,19500000.0,Colombo,6.5,Piliyandala
3700,5,4,Colombo,47,2,30500000.0,Colombo,8.0,Piliyandala
1500,3,2,Colombo,49,2,16500000.0,Colombo,7.5,Malabe
2500,4,5,Colombo,31,2,25500000.0,Colombo,7.0,Piliyandala
4000,7,6,Colombo,28,4,82500000.0,Colombo,16.0,Talawatugoda
2100,5,3,Colombo,3,2,32000000.0,Colombo,13.03,Maharagama
1800,3,2,Gampaha,5,2,18900000.0,Gampaha,8.5,Gampaha City
2000,4,4,Colombo,5,2,23500000.0,Colombo,6.0,Malabe
1300,3,2,Gampaha,3,2,6500000.0,Gampaha,20.0,Veyangoda
1300,3,1,Colombo,12,2,9500000.0,Colombo,10.6,Homagama
4500,4,4,Gampaha,16,2,36000000.0,Gampaha,12.0,Kandana
2900,4,4,Colombo,33,2,36000000.0,Colombo,8.5,Piliyandala
3200,5,4,Colombo,45,2,28500000.0,Colombo,10.0,Piliyandala
1875,2,1,Gampaha,2,1,9000000.0,Gampaha,18.0,Ganemulla
2800,3,3,Kandy,11,2,30000000.0,Kandy,12.0,Kandy City
2000,4,2,Colombo,6,2,31000000.0,Colombo,7.4,Battaramulla
1650,3,1,Gampaha,8,2,7500000.0,Gampaha,15.0,Ganemulla
875,2,1,Gampaha,22,1,5000000.0,Gampaha,10.0,Ganemulla
3000,4,3,Colombo,1,2,29500000.0,Colombo,11.6,Rajagiriya
4750,6,4,Colombo,29,3,72500000.0,Colombo,11.0,Talawatugoda
1500,2,1,Colombo,3,1,25000000.0,Colombo,20.0,Athurugiriya
2800,4,1,Badulla,32,2,29000000.0,Badulla,85.0,Badulla City
3000,4,2,Colombo,32,2,16000000.0,Colombo,12.0,Meegoda
2723,3,1,Gampaha,48,2,6000000.0,Gampaha,10.0,Negombo
2500,3,1,Galle,23,2,16000000.0,Galle,10.0,Ambalangoda
1500,3,1,Colombo,6,2,15000000.0,Colombo,12.0,Athurugiriya
2000,4,1,Kalutara,26,2,15000000.0,Kalutara,26.0,Kalutara City
2500,6,2,Gampaha,35,3,23500000.0,Gampaha,15.0,Gampaha City
1000,1,2,Colombo,30,1,7900000.0,Colombo,6.14,Piliyandala
1600,3,2,Colombo,32,2,15800000.0,Colombo,10.0,Kottawa
2000,4,2,Colombo,50,2,19500000.0,Colombo,5.0,Boralesgamuwa
1800,4,3,Colombo,9,2,18500000.0,Colombo,8.9,Kaduwela
1450,3,1,Colombo,1,2,15500000.0,Colombo,10.0,Piliyandala
1450,2,1,Kalutara,21,1,7200000.0,Kalutara,10.65,Panadura
2643,4,3,Colombo,8,2,35000000.0,Colombo,9.5,Malabe
1200,2,2,Colombo,24,1,10500000.0,Colombo,8.5,Kesbewa
800,2,2,Colombo,17,1,13500000.0,Colombo,3.7,Kolonnawa
1300,3,2,Kalutara,9,2,10500000.0,Kalutara,10.0,Panadura
1100,3,1,Colombo,32,2,14000000.0,Colombo,6.23,Maharagama
2000,3,3,Colombo,21,2,25000000.0,Colombo,10.0,Athurugiriya
4200,6,4,Colombo,47,3,50000000.0,Colombo,20.0,Ratmalana
1210,3,1,Colombo,26,2,12000000.0,Colombo,10.0,Homagama
1350,3,2,Colombo,4,2,14000000.0,Colombo,10.0,Malabe
1250,3,2,Colombo,43,2,16500000.0,Colombo,7.5,Malabe
2000,3,1,Anuradhapura,6,2,7500000.0,Anuradhapura,160.0,Anuradhapura City
3000,5,3,Colombo,47,2,37500000.0,Colombo,16.0,Malabe
1000,3,1,Kurunegala,24,2,8500000.0,Kurunegala,160.0,Nikaweratiya
3000,5,4,Colombo,30,2,370000000.0,Colombo,20.0,Colombo 7
1800,4,3,Colombo,46,2,29000000.0,Colombo,6.5,Boralesgamuwa
2600,4,4,Colombo,3,2,29000000.0,Colombo,10.0,Athurugiriya
2800,4,4,Colombo,21,2,28000000.0,Colombo,10.0,Athurugiriya
2500,5,3,Colombo,17,2,17500000.0,Colombo,10.0,Athurugiriya
3600,6,4,Colombo,49,3,33500000.0,Colombo,16.2,Kottawa
2200,4,4,Colombo,18,2,22500000.0,Colombo,6.3,Malabe
3800,7,4,Colombo,7,4,27000000.0,Colombo,10.0,Malabe
2400,4,3,Colombo,38,2,27000000.0,Colombo,7.0,Kottawa
3000,4,4,Colombo,46,2,28500000.0,Colombo,15.0,Piliyandala
2550,4,3,Colombo,22,2,25500000.0,Colombo,7.5,Piliyandala
3250,5,3,Colombo,6,2,23500000.0,Colombo,7.0,Piliyandala
3700,5,4,Colombo,5,2,30500000.0,Colombo,8.0,Piliyandala
1700,4,2,Kegalle,6,2,12000000.0,Kegalle,11.0,Ruwanwella
2500,4,5,Colombo,3,2,25500000.0,Colombo,7.0,Piliyandala
2450,6,3,Kandy,44,3,41000000.0,Kandy,7.0,Katugastota
2700,5,3,Colombo,40,2,27000000.0,Colombo,7.5,Piliyandala
3000,4,3,Colombo,7,2,29500000.0,Colombo,12.0,Kottawa
2000,4,3,Colombo,18,2,19500000.0,Colombo,6.5,Piliyandala
2400,4,3,Colombo,25,2,24800000.0,Colombo,6.0,Piliyandala
1200,2,1,Kalutara,7,1,5700000.0,Kalutara,5.0,Alutgama
2500,4,2,Colombo,41,2,22000000.0,Colombo,14.3,Piliyandala
2800,4,4,Colombo,9,2,29000000.0,Colombo,6.2,Nugegoda
4800,4,4,Colombo,46,2,85000000.0,Colombo,24.0,Talawatugoda
1250,3,2,Colombo,41,2,16500000.0,Colombo,7.5,Malabe
1200,3,3,Colombo,22,2,14500000.0,Colombo,6.0,Athurugiriya
3000,4,3,Colombo,18,2,110000000.0,Colombo,50.2,Malabe
1200,4,1,Galle,50,2,17500000.0,Galle,40.0,Galle City
800,3,1,Galle,6,2,12000000.0,Galle,21.0,Galle City
1600,2,1,Gampaha,38,1,18500000.0,Gampaha,62.0,Minuwangoda
2600,4,4,Colombo,14,2,29000000.0,Colombo,10.0,Malabe
2800,4,3,Colombo,43,2,27500000.0,Colombo,11.5,Malabe
2800,4,4,Colombo,10,2,28000000.0,Colombo,10.0,Malabe
1500,3,3,Colombo,45,2,18500000.0,Colombo,7.5,Malabe
3000,4,4,Colombo,6,2,36000000.0,Colombo,10.0,Malabe
900,2,1,Kurunegala,8,1,9500000.0,Kurunegala,15.8,Kurunegala City
1000,3,1,Galle,6,2,9000000.0,Galle,7.19,Galle City
650,1,1,Galle,11,1,13000000.0,Galle,12.6,Galle City
2000,4,1,Galle,2,2,6000000.0,Galle,22.0,Galle City
2500,4,2,Galle,22,2,55800000.0,Galle,62.0,Galle City
1500,4,1,Galle,31,2,8000000.0,Galle,16.0,Galle City
3600,5,4,Colombo,33,2,29000000.0,Colombo,7.5,Malabe
3500,5,4,Colombo,15,2,52000000.0,Colombo,13.0,Nugegoda
2750,4,4,Colombo,50,2,48000000.0,Colombo,10.9,Talawatugoda
2700,5,3,Colombo,4,2,27000000.0,Colombo,7.5,Piliyandala
2390,4,3,Gampaha,34,2,37000000.0,Gampaha,11.0,Kadawatha
2300,5,5,Colombo,34,2,27500000.0,Colombo,7.5,Piliyandala
2700,4,2,Colombo,41,2,33000000.0,Colombo,4.9,Dehiwala
1880,3,3,Colombo,23,2,17800000.0,Colombo,6.5,Kottawa
5000,5,5,Colombo,22,2,37500000.0,Colombo,9.0,Boralesgamuwa
2550,4,3,Colombo,4,2,25500000.0,Colombo,7.5,Piliyandala
4653,4,3,Colombo,7,2,80000000.0,Colombo,24.3,Kotte
3000,4,4,Colombo,45,2,28500000.0,Colombo,15.0,Piliyandala
2700,5,3,Colombo,15,2,27000000.0,Colombo,7.5,Kottawa
1000,2,1,Kalutara,1,1,8000000.0,Kalutara,56.0,Horana
3500,3,1,Gampaha,12,2,8500000.0,Gampaha,276.0,Veyangoda
2500,3,1,Gampaha,5,2,6000000.0,Gampaha,15.0,Veyangoda
2500,5,1,Gampaha,40,2,6500000.0,Gampaha,80.0,Nittambuwa
2500,2,1,Gampaha,11,1,9000000.0,Gampaha,80.0,Nittambuwa
4000,5,4,Colombo,41,2,165000000.0,Colombo,25.5,Colombo 8
2586,3,1,Puttalam,7,2,4650000.0,Puttalam,9.5,Dankotuwa
1600,2,1,Colombo,9,1,14800000.0,Colombo,6.8,Malabe
850,2,1,Galle,39,1,3800000.0,Galle,30.0,Baddegama
3200,4,2,Colombo,6,2,24000000.0,Colombo,14.0,Angoda
2700,5,3,Colombo,40,2,27000000.0,Colombo,7.5,Piliyandala
1600,2,1,Ratnapura,5,1,9500000.0,Ratnapura,15.0,Embilipitiya
3800,7,6,Colombo,3,4,82500000.0,Colombo,16.0,Talawatugoda
2932,3,1,Colombo,42,2,40300000.0,Colombo,10.77,Kolonnawa
3000,5,2,Galle,11,2,20000000.0,Galle,22.0,Ambalangoda
3000,4,4,Colombo,15,2,33000000.0,Colombo,8.0,Kottawa
4000,4,3,Colombo,40,2,29500000.0,Colombo,8.0,Kottawa
3000,4,3,Colombo,8,2,29500000.0,Colombo,12.0,Kottawa
2400,4,3,Colombo,20,2,27000000.0,Colombo,7.0,Kottawa
1300,3,1,Badulla,6,2,12000000.0,Badulla,10.0,Bandarawela
3600,6,4,Colombo,4,3,33500000.0,Colombo,16.2,Kottawa
2400,4,3,Colombo,41,2,24800000.0,Colombo,6.0,Piliyandala
2550,4,3,Colombo,26,2,25500000.0,Colombo,7.5,Piliyandala
3000,4,4,Colombo,30,2,28500000.0,Colombo,15.0,Piliyandala
2300,4,4,Colombo,17,2,21500000.0,Colombo,9.5,Piliyandala
1800,3,3,Colombo,7,2,23500000.0,Colombo,8.0,Piliyandala
2400,4,3,Colombo,2,2,26000000.0,Colombo,7.0,Piliyandala
3403,4,1,Colombo,9,2,12000000.0,Colombo,12.5,Athurugiriya
1280,3,3,Colombo,50,2,14500000.0,Colombo,8.25,Piliyandala
3000,4,2,Colombo,17,2,22000000.0,Colombo,15.4,Piliyandala
1200,3,2,Colombo,24,2,18500000.0,Colombo,10.0,Piliyandala
3100,4,4,Colombo,36,2,40000000.0,Colombo,10.0,Piliyandala
3250,5,3,Colombo,24,2,23500000.0,Colombo,7.0,Piliyandala
1200,3,3,Colombo,22,2,14000000.0,Colombo,12.0,Piliyandala
3000,4,3,Colombo,21,2,35000000.0,Colombo,19.0,Piliyandala
2000,4,3,Colombo,23,2,19500000.0,Colombo,6.5,Piliyandala
2500,4,3,Colombo,9,2,33000000.0,Colombo,12.6,Piliyandala
3700,5,4,Colombo,14,2,30500000.0,Colombo,8.0,Piliyandala
2500,4,5,Colombo,19,2,25500000.0,Colombo,7.0,Piliyandala
2400,4,3,Colombo,46,2,23500000.0,Colombo,7.0,Malabe
2600,5,3,Colombo,13,2,25500000.0,Colombo,6.2,Piliyandala
3000,6,4,Colombo,39,3,48500000.0,Colombo,14.0,Piliyandala
2500,4,3,Colombo,36,2,26000000.0,Colombo,8.5,Piliyandala
2900,4,3,Colombo,41,2,24800000.0,Colombo,6.0,Piliyandala
900,2,2,Colombo,44,1,13900000.0,Colombo,6.8,Pannipitiya
2900,4,3,Colombo,27,2,24800000.0,Colombo,6.0,Piliyandala
2380,4,3,Colombo,8,2,23500000.0,Colombo,7.0,Malabe
2000,3,2,Colombo,10,2,41000000.0,Colombo,13.7,Battaramulla
4000,5,5,Ratnapura,43,2,50000000.0,Ratnapura,13.5,Ratnapura City
1600,5,2,Kalutara,6,2,17000000.0,Kalutara,6.01,Panadura
1825,3,3,Colombo,15,2,12000000.0,Colombo,12.0,Homagama
2500,5,1,Gampaha,7,2,16000000.0,Gampaha,27.0,Seeduwa
1000,3,2,Colombo,11,2,13500000.0,Colombo,12.3,Pannipitiya
3500,5,4,Colombo,41,2,50000000.0,Colombo,11.6,Maharagama
1500,3,1,Gampaha,29,2,7500000.0,Gampaha,10.0,Ganemulla
3250,5,3,Colombo,25,2,23500000.0,Colombo,7.0,Piliyandala
1800,3,3,Colombo,39,2,23000000.0,Colombo,8.0,Piliyandala
3000,4,4,Colombo,30,2,28500000.0,Colombo,15.0,Piliyandala
2400,4,3,Colombo,4,2,24800000.0,Colombo,6.0,Piliyandala
1800,4,2,Colombo,24,2,16000000.0,Colombo,4.5,Wellampitiya
2300,5,4,Colombo,16,2,27500000.0,Colombo,7.5,Piliyandala
2550,4,4,Colombo,5,2,25500000.0,Colombo,7.5,Piliyandala
2000,2,2,Colombo,6,1,28500000.0,Colombo,12.0,Battaramulla
1300,4,4,Kalutara,23,2,7200000.0,Kalutara,11.3,Kalutara City
2600,4,4,Colombo,39,2,21500000.0,Colombo,9.0,Piliyandala
4000,4,3,Gampaha,9,2,46000000.0,Gampaha,82.8,Divulapitiya
1500,2,1,Matara,5,1,8500000.0,Matara,20.0,Matara City
5100,8,5,Colombo,38,4,42500000.0,Colombo,13.2,Nugegoda
1500,4,2,Colombo,22,2,14500000.0,Colombo,26.0,Kaduwela
2000,4,3,Gampaha,18,2,18000000.0,Gampaha,15.0,Delgoda
2200,4,2,Colombo,28,2,14000000.0,Colombo,12.0,Homagama
2500,5,3,Colombo,3,2,17500000.0,Colombo,10.0,Kottawa
1830,4,2,Colombo,8,2,17500000.0,Colombo,13.0,Kottawa
3800,6,4,Colombo,8,3,29500000.0,Colombo,13.0,Kottawa
4100,4,3,Gampaha,48,2,26000000.0,Gampaha,20.0,Kadawatha
1600,3,3,Colombo,9,2,17900000.0,Colombo,11.0,Kottawa
3000,4,3,Colombo,9,2,110000000.0,Colombo,50.2,Talawatugoda
900,2,1,Colombo,10,1,5800000.0,Colombo,6.0,Kesbewa
1500,3,2,Galle,5,2,6600000.0,Galle,11.8,Batapola
3250,4,3,Colombo,10,2,30500000.0,Colombo,7.5,Piliyandala
2600,4,4,Colombo,8,2,29000000.0,Colombo,10.0,Malabe
2800,4,4,Colombo,11,2,28000000.0,Colombo,10.0,Malabe
2900,4,4,Colombo,48,2,36000000.0,Colombo,8.5,Piliyandala
1000,3,2,Kandy,6,2,18000000.0,Kandy,10.5,Kundasale
2800,4,4,Colombo,48,2,27500000.0,Colombo,11.5,Malabe
1250,3,2,Colombo,2,2,16500000.0,Colombo,7.5,Malabe
1500,3,3,Colombo,8,2,18500000.0,Colombo,7.5,Malabe
1350,3,2,Colombo,45,2,14000000.0,Colombo,10.0,Malabe
3850,4,4,Colombo,5,2,33000000.0,Colombo,10.0,Piliyandala
2500,4,3,Colombo,2,2,26000000.0,Colombo,8.5,Piliyandala
2200,4,3,Colombo,19,2,26000000.0,Colombo,7.0,Piliyandala
800,4,1,Galle,31,2,12000000.0,Galle,40.5,Karapitiya
1600,5,4,Galle,6,2,12500000.0,Galle,10.0,Karapitiya
5000,5,7,Colombo,4,2,145000000.0,Colombo,15.0,Kotte
2000,3,1,Galle,30,2,19500000.0,Galle,31.11,Karapitiya
3390,4,2,Kalutara,8,2,23500000.0,Kalutara,10.6,Panadura
2500,4,1,Kalutara,29,2,15800000.0,Kalutara,15.0,Kalutara City
7700,4,4,Gampaha,32,2,175000000.0,Gampaha,107.0,Negombo
3000,5,3,Colombo,43,2,27000000.0,Colombo,7.5,Piliyandala
1850,3,2,Colombo,3,2,17000000.0,Colombo,12.9,Talawatugoda
2700,5,3,Colombo,39,2,27000000.0,Colombo,7.5,Piliyandala
6200,6,5,Colombo,10,3,100000000.0,Colombo,20.5,Talawatugoda
3000,4,3,Badulla,9,2,22500000.0,Badulla,47.0,Bandarawela
3000,4,2,Colombo,3,2,19500000.0,Colombo,4.0,Colombo 9
1400,3,2,Gampaha,10,2,11500000.0,Gampaha,5.0,Kadawatha
2500,4,2,Badulla,29,2,7500000.0,Badulla,65.0,Bandarawela
4000,4,3,Colombo,45,2,84000000.0,Colombo,15.0,Battaramulla
1400,3,2,Gampaha,26,2,20000000.0,Gampaha,6.8,Ja-Ela
2400,4,5,Colombo,42,2,25500000.0,Colombo,7.0,Piliyandala
800,3,1,Galle,16,2,6500000.0,Galle,10.0,Ahangama
3000,3,3,Colombo,3,2,23000000.0,Colombo,6.5,Piliyandala
2500,3,1,Gampaha,22,2,6500000.0,Gampaha,15.0,Nittambuwa
2393,2,1,Batticaloa,6,1,7500000.0,Batticaloa,9.45,Batticaloa City
2800,4,4,Colombo,3,2,28000000.0,Colombo,10.0,Malabe
2600,4,4,Colombo,42,2,29000000.0,Colombo,10.0,Malabe
4500,7,6,Colombo,4,4,75000000.0,Colombo,8.3,Colombo 5
1350,3,2,Colombo,36,2,14500000.0,Colombo,10.0,Malabe
2900,4,3,Colombo,43,2,33000000.0,Colombo,8.0,Kottawa
1100,3,2,Colombo,9,2,14200000.0,Colombo,7.6,Malabe
2800,4,3,Colombo,6,2,27500000.0,Colombo,11.5,Malabe
2850,4,3,Colombo,16,2,49500000.0,Colombo,10.12,Malabe
3000,4,4,Colombo,25,2,53000000.0,Colombo,16.0,Talawatugoda
3000,3,3,Colombo,10,2,69000000.0,Colombo,13.8,Dehiwala
3600,4,3,Colombo,9,2,36000000.0,Colombo,7.8,Malabe
1800,4,2,Gampaha,18,2,14000000.0,Gampaha,15.0,Gampaha City
3000,4,4,Colombo,45,2,36000000.0,Colombo,10.0,Malabe
5500,4,4,Gampaha,4,2,95000000.0,Gampaha,28.0,Kiribathgoda
2400,4,3,Colombo,15,2,24800000.0,Colombo,6.0,Piliyandala
1500,4,1,Hambantota,6,2,12000000.0,Hambantota,23.0,Ambalantota
1200,2,1,Colombo,44,1,7500000.0,Colombo,11.2,Piliyandala
2000,4,2,Colombo,30,2,16000000.0,Colombo,17.0,Athurugiriya
2450,5,4,Colombo,7,2,36500000.0,Colombo,9.0,Athurugiriya
2200,4,3,Colombo,15,2,22500000.0,Colombo,6.3,Malabe
1450,3,2,Matara,9,2,9500000.0,Matara,24.0,Hakmana
1325,3,2,Kalutara,32,2,13500000.0,Kalutara,10.0,Horana
3600,6,4,Colombo,44,3,33500000.0,Colombo,16.2,Kottawa
2400,4,3,Colombo,13,2,27000000.0,Colombo,7.0,Kottawa
3800,5,4,Colombo,31,2,37500000.0,Colombo,10.0,Pannipitiya
1300,4,2,Colombo,12,2,14300000.0,Colombo,18.0,Piliyandala
2400,4,3,Colombo,10,2,24800000.0,Colombo,6.0,Piliyandala
2500,5,3,Colombo,25,2,17500000.0,Colombo,10.0,Kottawa
3000,4,4,Colombo,18,2,28500000.0,Colombo,15.0,Piliyandala
3658,5,3,Gampaha,44,2,10000000.0,Gampaha,13.5,Kandana
1800,3,3,Colombo,9,2,23500000.0,Colombo,8.0,Piliyandala
2400,4,3,Colombo,2,2,26000000.0,Colombo,7.0,Piliyandala
1300,3,2,Colombo,25,2,16000000.0,Colombo,7.5,Piliyandala
1200,3,2,Colombo,18,2,18500000.0,Colombo,10.0,Piliyandala
3250,5,4,Colombo,42,2,23500000.0,Colombo,7.0,Piliyandala
2600,4,4,Colombo,24,2,29000000.0,Colombo,10.0,Malabe
1200,3,3,Colombo,8,2,14000000.0,Colombo,12.0,Piliyandala
3000,6,5,Colombo,32,3,33500000.0,Colombo,16.0,Kottawa
1350,3,2,Colombo,26,2,14000000.0,Colombo,10.0,Athurugiriya
1200,3,3,Colombo,18,2,14500000.0,Colombo,6.0,Athurugiriya
3000,4,3,Colombo,26,2,35000000.0,Colombo,19.0,Piliyandala
2000,3,3,Colombo,15,2,20500000.0,Colombo,6.5,Athurugiriya
950,2,1,Colombo,5,1,6200000.0,Colombo,4.5,Piliyandala
2067,5,4,Colombo,42,2,22000000.0,Colombo,6.0,Athurugiriya
2200,4,3,Colombo,19,2,23000000.0,Colombo,7.0,Athurugiriya
3700,5,4,Colombo,2,2,30500000.0,Colombo,8.0,Piliyandala
1500,3,1,Gampaha,6,2,7200000.0,Gampaha,9.0,Ganemulla
3000,4,3,Colombo,41,2,110000000.0,Colombo,50.2,Talawatugoda
2800,5,7,Colombo,22,2,64000000.0,Colombo,17.5,Talawatugoda
3000,4,4,Colombo,25,2,60000000.0,Colombo,15.0,Talawatugoda
2500,4,5,Colombo,4,2,25500000.0,Colombo,7.0,Piliyandala
2259,5,3,Colombo,44,2,16500000.0,Colombo,13.5,Piliyandala
1350,3,2,Colombo,21,2,14000000.0,Colombo,10.0,Malabe
1900,4,2,Colombo,12,2,19000000.0,Colombo,11.4,Malabe
1250,3,2,Colombo,8,2,16500000.0,Colombo,7.5,Malabe
1500,3,3,Colombo,40,2,18500000.0,Colombo,7.5,Malabe
1600,3,3,Colombo,4,2,17900000.0,Colombo,11.0,Piliyandala
1500,2,1,Gampaha,8,1,7300000.0,Gampaha,8.0,Ganemulla
2800,4,4,Colombo,38,2,27500000.0,Colombo,11.5,Malabe
3000,4,4,Colombo,46,2,36000000.0,Colombo,10.0,Malabe
3800,7,4,Colombo,9,4,27000000.0,Colombo,10.0,Malabe
4300,4,4,Colombo,3,2,25000000.0,Colombo,11.0,Malabe
3000,5,4,Colombo,25,2,40000000.0,Colombo,10.0,Piliyandala
3850,4,4,Colombo,48,2,33000000.0,Colombo,10.0,Piliyandala
2500,4,3,Colombo,9,2,26000000.0,Colombo,8.5,Piliyandala
2200,4,3,Colombo,23,2,26000000.0,Colombo,7.0,Piliyandala
2600,5,3,Colombo,15,2,25500000.0,Colombo,6.2,Piliyandala
3000,4,3,Colombo,35,2,47500000.0,Colombo,10.0,Talawatugoda
1500,4,4,Colombo,9,2,55000000.0,Colombo,11.0,Nugegoda
3200,4,4,Colombo,8,2,28500000.0,Colombo,8.0,Piliyandala
3250,6,4,Colombo,8,3,44000000.0,Colombo,10.0,Maharagama
2400,4,4,Colombo,46,2,27000000.0,Colombo,7.0,Pannipitiya
1500,4,6,Colombo,7,2,23000000.0,Colombo,10.0,Moratuwa
1700,3,1,Colombo,40,2,21500000.0,Colombo,16.0,Talawatugoda
730,3,1,Matara,23,2,3950000.0,Matara,10.0,Kamburugamuwa
1200,2,1,Colombo,3,1,18000000.0,Colombo,18.75,Kaduwela
2000,3,2,Gampaha,7,2,15500000.0,Gampaha,12.0,Ganemulla
1850,3,2,Colombo,15,2,24500000.0,Colombo,11.0,Talawatugoda
4200,5,4,Colombo,2,2,66000000.0,Colombo,29.0,Battaramulla
1200,4,2,Colombo,10,2,14000000.0,Colombo,4.5,Moratuwa
2000,3,2,Colombo,43,2,21000000.0,Colombo,6.2,Talawatugoda
6411,5,3,Gampaha,2,2,19800000.0,Gampaha,23.55,Kadawatha
3980,5,5,Colombo,19,2,36700000.0,Colombo,11.5,Piliyandala
4628,3,1,Matara,8,2,4500000.0,Matara,17.0,Kekanadurra
2000,6,2,Colombo,50,3,32000000.0,Colombo,6.0,Wellampitiya
3280,4,5,Colombo,30,2,25500000.0,Colombo,7.0,Piliyandala
2400,4,4,Colombo,9,2,27000000.0,Colombo,7.0,Kottawa
2400,4,3,Colombo,23,2,24800000.0,Colombo,6.0,Piliyandala
1900,1,1,Colombo,45,1,17000000.0,Colombo,15.0,Athurugiriya
2100,3,2,Gampaha,20,2,12000000.0,Gampaha,10.0,Ganemulla
2600,4,4,Colombo,44,2,25000000.0,Colombo,5.5,Ratmalana
1500,2,1,Gampaha,15,1,8800000.0,Gampaha,8.0,Ganemulla
2500,5,3,Colombo,23,2,17500000.0,Colombo,10.0,Kottawa
1800,4,4,Colombo,10,2,17500000.0,Colombo,7.5,Kottawa
1600,3,3,Colombo,48,2,19500000.0,Colombo,8.0,Kottawa
3600,6,5,Colombo,25,3,33500000.0,Colombo,16.0,Kottawa
2000,4,2,Colombo,8,2,28000000.0,Colombo,10.5,Battaramulla
4000,5,3,Colombo,23,2,65000000.0,Colombo,10.0,Battaramulla
1350,3,2,Colombo,10,2,14500000.0,Colombo,10.0,Malabe
2500,4,2,Colombo,2,2,19600000.0,Colombo,5.5,Moratuwa
2600,4,4,Colombo,22,2,34000000.0,Colombo,9.0,Maharagama
3500,5,4,Colombo,5,2,50000000.0,Colombo,11.6,Maharagama
7200,6,4,Colombo,10,3,69000000.0,Colombo,20.0,Maharagama
2200,3,3,Colombo,25,2,25000000.0,Colombo,10.0,Athurugiriya
1000,2,1,Galle,40,1,13000000.0,Galle,12.6,Karapitiya
2800,4,4,Colombo,21,2,28000000.0,Colombo,10.0,Athurugiriya
2600,4,4,Colombo,15,2,29000000.0,Colombo,10.0,Athurugiriya
1000,3,2,Colombo,50,2,45000000.0,Colombo,9.25,Colombo 5
1900,4,2,Colombo,5,2,18500000.0,Colombo,11.4,Malabe
1600,3,2,Gampaha,1,2,6000000.0,Gampaha,15.0,Veyangoda
1250,3,2,Colombo,8,2,16500000.0,Colombo,7.5,Malabe
2067,5,2,Colombo,20,2,22000000.0,Colombo,6.0,Athurugiriya
2000,3,3,Colombo,12,2,20000000.0,Colombo,6.5,Athurugiriya
3200,4,4,Colombo,40,2,31000000.0,Colombo,10.0,Piliyandala
3200,4,3,Colombo,13,2,27000000.0,Colombo,19.0,Piliyandala
3850,4,4,Colombo,45,2,33000000.0,Colombo,10.0,Piliyandala
3000,4,3,Colombo,25,2,110000000.0,Colombo,50.2,Talawatugoda
3300,3,2,Colombo,1,2,40000000.0,Colombo,7.0,Talawatugoda
1750,3,3,Colombo,43,2,17500000.0,Colombo,7.5,Piliyandala
2800,4,4,Colombo,50,2,28000000.0,Colombo,10.0,Malabe
2600,4,4,Colombo,8,2,29000000.0,Colombo,10.0,Malabe
3000,5,4,Colombo,18,2,40000000.0,Colombo,10.0,Piliyandala
2500,4,3,Colombo,24,2,26000000.0,Colombo,8.5,Piliyandala
2600,4,3,Colombo,8,2,25500000.0,Colombo,6.2,Piliyandala
2800,4,4,Colombo,14,2,27500000.0,Colombo,11.5,Malabe
2200,4,4,Colombo,5,2,22500000.0,Colombo,6.3,Malabe
1500,3,3,Colombo,4,2,18500000.0,Colombo,7.5,Malabe
1250,3,2,Colombo,44,2,16500000.0,Colombo,7.5,Malabe
1350,3,2,Colombo,5,2,14500000.0,Colombo,10.0,Malabe
1900,3,3,Colombo,15,2,18500000.0,Colombo,11.4,Malabe
3200,4,5,Colombo,10,2,25500000.0,Colombo,7.0,Piliyandala
2000,4,4,Colombo,1,2,23500000.0,Colombo,7.0,Malabe
2200,4,3,Colombo,12,2,26500000.0,Colombo,6.5,Malabe
2600,4,4,Colombo,21,2,23000000.0,Colombo,7.0,Malabe
2000,6,3,Colombo,4,3,34000000.0,Colombo,6.35,Boralesgamuwa
3700,4,4,Colombo,13,2,31500000.0,Colombo,8.0,Kottawa
1900,3,2,Colombo,19,2,16500000.0,Colombo,8.0,Malabe
2750,5,3,Colombo,37,2,19500000.0,Colombo,11.5,Godagama
2200,4,3,Colombo,41,2,19500000.0,Colombo,11.5,Malabe
1850,3,2,Colombo,22,2,18500000.0,Colombo,8.0,Malabe
3600,6,4,Colombo,9,3,33500000.0,Colombo,16.2,Kottawa
2400,4,3,Colombo,5,2,27000000.0,Colombo,7.0,Kottawa
5000,4,4,Colombo,45,2,97000000.0,Colombo,10.0,Kolonnawa
2080,3,2,Colombo,46,2,9500000.0,Colombo,8.0,Boralesgamuwa
1600,4,2,Colombo,46,2,21000000.0,Colombo,30.0,Padukka
1200,3,2,Gampaha,17,2,12000000.0,Gampaha,6.7,Kadawatha
3500,3,1,Kurunegala,10,2,6000000.0,Kurunegala,17.4,Wariyapola
1500,2,1,Gampaha,38,1,8800000.0,Gampaha,8.0,Ganemulla
3000,3,1,Kandy,4,2,19000000.0,Kandy,14.0,Katugastota
2400,4,4,Colombo,9,2,24800000.0,Colombo,6.0,Piliyandala
1200,3,1,Kalutara,10,2,11250000.0,Kalutara,12.58,Panadura
1633,2,1,Colombo,3,1,40000000.0,Colombo,6.0,Wellampitiya
3700,4,3,Colombo,6,2,52500000.0,Colombo,15.0,Nugegoda
2400,4,4,Colombo,3,2,24800000.0,Colombo,6.0,Piliyandala
2248,4,2,Gampaha,12,2,32000000.0,Gampaha,67.4,Seeduwa
2500,4,4,Colombo,46,2,52000000.0,Colombo,16.0,Talawatugoda
950,3,2,Colombo,26,2,18500000.0,Colombo,3.0,Athurugiriya
2000,4,2,Colombo,14,2,16000000.0,Colombo,17.0,Athurugiriya
2000,4,3,Colombo,1,2,46500000.0,Colombo,10.0,Boralesgamuwa
3000,4,3,Colombo,10,2,47500000.0,Colombo,10.0,Talawatugoda
2675,4,4,Colombo,11,2,48000000.0,Colombo,10.12,Athurugiriya
2800,5,7,Colombo,25,2,64000000.0,Colombo,17.5,Talawatugoda
700,3,2,Monaragala,47,2,5900000.0,Monaragala,34.0,Buttala
1500,3,3,Colombo,3,2,18500000.0,Colombo,7.5,Malabe
2200,4,3,Colombo,12,2,22500000.0,Colombo,6.3,Malabe
2200,4,4,Colombo,14,2,26500000.0,Colombo,6.5,Malabe
2500,5,3,Colombo,43,2,17500000.0,Colombo,10.0,Kottawa
3600,6,5,Colombo,22,3,33500000.0,Colombo,16.0,Kottawa
1600,3,3,Colombo,1,2,19500000.0,Colombo,8.0,Kottawa
3500,5,3,Colombo,42,2,165000000.0,Colombo,16.3,Colombo 5
3800,6,4,Colombo,43,3,29500000.0,Colombo,13.0,Kottawa
1830,4,2,Colombo,24,2,17500000.0,Colombo,13.0,Kottawa
2400,4,2,Colombo,8,2,35000000.0,Colombo,10.0,Kottawa
2100,3,1,Kandy,4,2,15000000.0,Kandy,30.0,Digana
1900,3,2,Colombo,3,2,19000000.0,Colombo,11.4,Malabe
2600,4,4,Colombo,42,2,29000000.0,Colombo,10.0,Athurugiriya
1200,3,1,Kandy,37,2,30000000.0,Kandy,12.6,Kandy City
1500,3,2,Colombo,6,2,16500000.0,Colombo,7.5,Athurugiriya
1200,3,3,Colombo,13,2,14500000.0,Colombo,6.0,Athurugiriya
1350,3,1,Gampaha,4,2,13000000.0,Gampaha,6.87,Kadawatha
2000,3,3,Colombo,17,2,20000000.0,Colombo,6.5,Athurugiriya
2067,5,4,Colombo,8,2,22000000.0,Colombo,6.0,Athurugiriya
2200,4,3,Colombo,16,2,23000000.0,Colombo,7.0,Athurugiriya
5300,7,7,Colombo,18,4,260000000.0,Colombo,20.0,Colombo 4
3010,4,2,Colombo,47,2,19800000.0,Colombo,12.0,Homagama
2800,4,4,Colombo,4,2,28000000.0,Colombo,10.0,Malabe
1500,4,2,Colombo,20,2,14500000.0,Colombo,6.0,Piliyandala
1600,3,2,Colombo,5,2,12500000.0,Colombo,8.8,Piliyandala
3000,6,4,Colombo,1,3,48500000.0,Colombo,14.0,Piliyandala
3000,4,3,Colombo,37,2,110000000.0,Colombo,50.2,Talawatugoda
3000,4,4,Colombo,33,2,53000000.0,Colombo,16.0,Talawatugoda
3000,4,4,Colombo,1,2,60000000.0,Colombo,15.0,Talawatugoda
3200,4,3,Colombo,27,2,30500000.0,Colombo,7.5,Piliyandala
3850,4,4,Colombo,12,2,33000000.0,Colombo,10.0,Piliyandala
1100,2,1,Colombo,43,1,9800000.0,Colombo,9.0,Piliyandala
3000,5,4,Colombo,10,2,40000000.0,Colombo,10.0,Piliyandala
2500,4,3,Colombo,20,2,26000000.0,Colombo,8.5,Piliyandala
2600,4,3,Colombo,21,2,25500000.0,Colombo,6.2,Piliyandala
2200,4,3,Colombo,8,2,26000000.0,Colombo,7.0,Piliyandala
4312,5,4,Colombo,49,2,100000000.0,Colombo,9.15,Nugegoda
1350,3,2,Colombo,32,2,14500000.0,Colombo,10.0,Malabe
1250,3,2,Colombo,6,2,16500000.0,Colombo,7.5,Malabe
1900,3,2,Colombo,16,2,19000000.0,Colombo,11.4,Malabe
1500,3,3,Colombo,23,2,18500000.0,Colombo,7.5,Malabe
3800,7,4,Colombo,9,4,27000000.0,Colombo,10.0,Malabe
1800,5,3,Colombo,45,2,27500000.0,Colombo,9.25,Pannipitiya
3300,4,3,Colombo,23,2,33000000.0,Colombo,15.0,Malabe
3900,5,5,Colombo,45,2,36700000.0,Colombo,11.5,Piliyandala
3000,4,3,Colombo,9,2,47500000.0,Colombo,10.0,Talawatugoda
2000,3,3,Colombo,23,2,18500000.0,Colombo,8.0,Piliyandala
1000,2,1,Colombo,5,1,7400000.0,Colombo,7.9,Athurugiriya
2500,4,4,Gampaha,32,2,16000000.0,Gampaha,20.0,Kandana
1400,4,3,Colombo,5,2,16500000.0,Colombo,6.0,Kolonnawa
2500,4,5,Colombo,50,2,25500000.0,Colombo,7.0,Piliyandala
2400,4,3,Colombo,24,2,24800000.0,Colombo,6.0,Piliyandala
2550,4,3,Colombo,40,2,25500000.0,Colombo,7.5,Piliyandala
2000,3,2,Colombo,8,2,16000000.0,Colombo,6.0,Talawatugoda
2675,4,4,Colombo,11,2,48000000.0,Colombo,10.1,Malabe
4120,4,2,Colombo,15,2,40000000.0,Colombo,10.3,Maharagama
2750,4,3,Colombo,50,2,27000000.0,Colombo,12.0,Maharagama
3300,6,4,Colombo,42,3,44000000.0,Colombo,10.0,Maharagama
2400,4,3,Colombo,43,2,27000000.0,Colombo,7.0,Kottawa
3000,4,3,Colombo,5,2,29500000.0,Colombo,12.0,Kottawa
3300,3,3,Colombo,50,2,32000000.0,Colombo,12.0,Kottawa
2000,4,2,Colombo,13,2,17500000.0,Colombo,7.5,Kottawa
2000,4,3,Colombo,40,2,26000000.0,Colombo,13.0,Kottawa
7240,5,6,Colombo,41,2,70000000.0,Colombo,17.0,Kottawa
2200,3,2,Colombo,3,2,22000000.0,Colombo,10.0,Kottawa
3600,6,4,Colombo,47,3,33500000.0,Colombo,16.4,Kottawa
4500,4,5,Colombo,20,2,37500000.0,Colombo,14.5,Kottawa
2100,5,2,Colombo,32,2,17500000.0,Colombo,17.2,Kottawa
2900,4,3,Colombo,1,2,22500000.0,Colombo,7.0,Homagama
1650,5,3,Colombo,15,2,54800000.0,Colombo,7.31,Boralesgamuwa
1200,3,2,Colombo,18,2,23000000.0,Colombo,10.0,Boralesgamuwa
4000,4,4,Colombo,33,2,67500000.0,Colombo,12.0,Boralesgamuwa
2000,4,2,Colombo,20,2,20000000.0,Colombo,4.5,Boralesgamuwa
3200,5,3,Colombo,11,2,42500000.0,Colombo,6.5,Nugegoda
4700,6,5,Colombo,25,3,140000000.0,Colombo,7.0,Colombo 5
2400,5,2,Kurunegala,13,2,75000000.0,Kurunegala,28.0,Kurunegala City
1900,3,2,Colombo,36,2,29100000.0,Colombo,13.0,Nugegoda
3100,5,3,Colombo,12,2,23500000.0,Colombo,7.0,Piliyandala
5200,6,4,Colombo,1,3,84000000.0,Colombo,17.0,Moratuwa
2800,4,4,Colombo,18,2,55000000.0,Colombo,12.0,Battaramulla
2400,3,3,Colombo,42,2,20000000.0,Colombo,10.2,Talawatugoda
6600,6,5,Galle,28,3,75000000.0,Galle,35.0,Galle City
2400,5,4,Colombo,38,2,29000000.0,Colombo,13.0,Pannipitiya
1800,5,2,Gampaha,11,2,22000000.0,Gampaha,36.0,Negombo
3000,4,4,Colombo,20,2,28500000.0,Colombo,8.5,Piliyandala
1200,2,1,Gampaha,22,1,8800000.0,Gampaha,8.0,Ganemulla
1600,4,1,Jaffna,5,2,30500000.0,Jaffna,20.0,Jaffna City
1100,2,1,Colombo,7,1,3800000.0,Colombo,7.0,Moratuwa
3900,5,5,Colombo,34,2,36700000.0,Colombo,11.5,Piliyandala
3500,6,4,Colombo,10,3,45000000.0,Colombo,11.8,Nugegoda
3200,4,4,Colombo,47,2,29500000.0,Colombo,8.0,Piliyandala
1500,2,2,Colombo,24,1,35000000.0,Colombo,6.0,Nugegoda
3000,6,4,Colombo,35,3,48500000.0,Colombo,14.0,Piliyandala
1350,3,2,Colombo,8,2,14000000.0,Colombo,10.0,Malabe
2600,4,3,Colombo,1,2,19000000.0,Colombo,18.2,Athurugiriya
1900,4,4,Colombo,19,2,80000000.0,Colombo,16.0,Kotte
900,3,1,Colombo,49,2,13000000.0,Colombo,10.8,Athurugiriya
1225,3,2,Colombo,3,2,5200000.0,Colombo,2.25,Mount Lavinia
2800,5,7,Colombo,27,2,64000000.0,Colombo,17.5,Talawatugoda
3000,4,4,Colombo,32,2,110000000.0,Colombo,50.2,Talawatugoda
1600,3,1,Matara,8,2,5400000.0,Matara,50.0,Matara City
3000,6,4,Colombo,10,3,47500000.0,Colombo,10.0,Nugegoda
2800,4,4,Colombo,13,2,28000000.0,Colombo,10.0,Malabe
2600,4,4,Colombo,49,2,29000000.0,Colombo,10.0,Malabe
3000,4,1,Gampaha,12,2,16000000.0,Gampaha,8.5,Kelaniya
1700,3,1,Colombo,24,2,12000000.0,Colombo,17.8,Homagama
2000,3,3,Colombo,33,2,20000000.0,Colombo,6.5,Athurugiriya
3000,4,4,Colombo,24,2,44000000.0,Colombo,9.0,Talawatugoda
1900,3,3,Colombo,37,2,19000000.0,Colombo,11.4,Malabe
1350,3,2,Colombo,48,2,14000000.0,Colombo,10.0,Athurugiriya
1500,3,2,Colombo,8,2,16500000.0,Colombo,7.5,Athurugiriya
2000,4,2,Colombo,15,2,16000000.0,Colombo,17.0,Athurugiriya
2000,4,2,Colombo,33,2,28000000.0,Colombo,10.2,Battaramulla
2500,5,4,Colombo,27,2,52500000.0,Colombo,12.0,Battaramulla
4000,5,3,Colombo,24,2,65000000.0,Colombo,10.0,Battaramulla
3050,5,4,Colombo,45,2,47000000.0,Colombo,11.7,Battaramulla
2000,5,4,Colombo,2,2,130000000.0,Colombo,10.5,Colombo 4
3600,6,5,Colombo,6,3,33500000.0,Colombo,16.0,Kottawa
1600,3,3,Colombo,13,2,20000000.0,Colombo,8.0,Kottawa
1100,3,2,Colombo,32,2,14200000.0,Colombo,7.86,Malabe
2000,5,3,Gampaha,3,2,14000000.0,Gampaha,15.0,Gampaha City
2722,3,2,Gampaha,47,2,8500000.0,Gampaha,10.0,Wattala
2400,4,3,Colombo,3,2,24800000.0,Colombo,6.0,Piliyandala
2550,4,3,Colombo,41,2,25500000.0,Colombo,7.5,Piliyandala
1350,3,2,Colombo,24,2,14000000.0,Colombo,10.0,Malabe
2000,4,4,Colombo,1,2,23500000.0,Colombo,6.0,Malabe
3000,4,4,Colombo,4,2,28500000.0,Colombo,15.0,Piliyandala
2400,4,3,Colombo,2,2,26000000.0,Colombo,7.0,Piliyandala
2000,4,3,Colombo,43,2,19500000.0,Colombo,6.5,Piliyandala
1800,3,3,Colombo,37,2,23500000.0,Colombo,8.0,Piliyandala
2000,5,3,Colombo,46,2,23500000.0,Colombo,7.0,Piliyandala
2000,4,3,Colombo,22,2,17500000.0,Colombo,6.5,Piliyandala
2600,4,4,Colombo,37,2,29000000.0,Colombo,10.5,Athurugiriya
2600,4,4,Colombo,31,2,29000000.0,Colombo,10.0,Malabe
2800,4,4,Colombo,45,2,28000000.0,Colombo,10.0,Malabe
3000,5,2,Gampaha,11,2,28500000.0,Gampaha,12.5,Katunayake
2800,4,4,Colombo,2,2,27500000.0,Colombo,11.5,Malabe
2400,4,4,Colombo,1,2,26000000.0,Colombo,10.5,Malabe
3000,4,4,Colombo,8,2,36000000.0,Colombo,10.0,Malabe
2200,4,4,Colombo,5,2,26500000.0,Colombo,6.5,Malabe
1100,3,2,Colombo,6,2,9800000.0,Colombo,6.0,Homagama
1350,3,2,Colombo,41,2,14500000.0,Colombo,10.0,Athurugiriya
2067,5,4,Colombo,2,2,22000000.0,Colombo,6.0,Athurugiriya
1200,3,3,Colombo,40,2,14500000.0,Colombo,6.0,Athurugiriya
1800,3,2,Gampaha,25,2,18900000.0,Gampaha,8.5,Gampaha City
2400,4,4,Colombo,49,2,24800000.0,Colombo,6.0,Piliyandala
3000,4,3,Colombo,14,2,110000000.0,Colombo,50.2,Talawatugoda
3000,4,4,Colombo,50,2,60000000.0,Colombo,15.0,Talawatugoda
1500,4,1,Galle,23,2,11500000.0,Galle,23.0,Galle City
1250,3,2,Colombo,29,2,16500000.0,Colombo,7.5,Malabe
1500,3,3,Colombo,6,2,18500000.0,Colombo,7.5,Malabe
1900,3,3,Colombo,43,2,19000000.0,Colombo,11.4,Malabe
2200,4,4,Colombo,22,2,22500000.0,Colombo,6.3,Malabe
1500,3,1,Galle,49,2,5700000.0,Galle,10.0,Ambalangoda
3200,4,3,Colombo,27,2,30500000.0,Colombo,7.5,Piliyandala
2300,5,4,Colombo,33,2,27500000.0,Colombo,7.5,Piliyandala
2500,5,4,Galle,4,2,12500000.0,Galle,14.0,Ambalangoda
3850,4,4,Colombo,30,2,33000000.0,Colombo,10.0,Piliyandala
1500,3,1,Galle,22,2,4500000.0,Galle,12.5,Hikkaduwa
2100,4,2,Colombo,44,2,24000000.0,Colombo,6.5,Piliyandala
3000,5,4,Colombo,7,2,40000000.0,Colombo,10.0,Piliyandala
2500,4,4,Colombo,20,2,21500000.0,Colombo,12.0,Piliyandala
1500,3,1,Galle,8,2,8800000.0,Galle,17.0,Galle City
2500,4,3,Colombo,22,2,26000000.0,Colombo,8.5,Piliyandala
2600,4,3,Colombo,17,2,25500000.0,Colombo,6.2,Piliyandala
2200,4,3,Colombo,10,2,26000000.0,Colombo,7.0,Piliyandala
2900,4,4,Colombo,7,2,36000000.0,Colombo,8.5,Piliyandala
1300,3,2,Colombo,43,2,11500000.0,Colombo,10.0,Homagama
1800,3,2,Colombo,36,2,13800000.0,Colombo,10.2,Homagama
900,2,1,Colombo,36,1,5800000.0,Colombo,6.0,Piliyandala
2200,3,2,Colombo,6,2,19700000.0,Colombo,6.5,Athurugiriya
5000,6,5,Colombo,15,3,82500000.0,Colombo,20.0,Battaramulla
2400,4,3,Colombo,3,2,24800000.0,Colombo,6.0,Piliyandala
3400,4,4,Colombo,5,2,28500000.0,Colombo,8.0,Piliyandala
5500,5,4,Colombo,8,2,210000000.0,Colombo,30.0,Colombo 6
5500,5,4,Colombo,10,2,85000000.0,Colombo,30.1,Talawatugoda
3900,5,5,Colombo,21,2,36700000.0,Colombo,11.5,Piliyandala
2000,3,2,Gampaha,46,2,12000000.0,Gampaha,10.0,Ganemulla
1800,3,2,Colombo,1,2,17000000.0,Colombo,12.8,Pannipitiya
6100,6,5,Colombo,19,3,100000000.0,Colombo,20.0,Talawatugoda
3750,5,5,Colombo,25,2,36700000.0,Colombo,11.5,Piliyandala
2500,5,4,Colombo,49,2,28500000.0,Colombo,7.7,Piliyandala
1100,4,2,Gampaha,4,2,11000000.0,Gampaha,7.0,Ragama
3850,4,4,Colombo,23,2,33000000.0,Colombo,10.0,Piliyandala
5000,4,3,Colombo,16,2,130000000.0,Colombo,50.0,Battaramulla
3900,5,5,Colombo,41,2,36700000.0,Colombo,11.5,Piliyandala
1520,3,3,Colombo,16,2,18500000.0,Colombo,8.0,Kottawa
1400,4,2,Jaffna,20,2,19500000.0,Jaffna,22.0,Jaffna City
3000,5,3,Colombo,6,2,31000000.0,Colombo,7.2,Mount Lavinia
4000,4,4,Colombo,6,2,150000000.0,Colombo,6.6,Colombo 4
3500,5,4,Colombo,11,2,49000000.0,Colombo,11.5,Maharagama
1905,2,1,Colombo,45,1,13500000.0,Colombo,9.0,Angoda
2500,4,2,Gampaha,4,2,23000000.0,Gampaha,149.0,Negombo
655,2,2,Gampaha,18,1,4350000.0,Gampaha,2.29,Gampaha City
4500,5,4,Colombo,46,2,145000000.0,Colombo,23.0,Nugegoda
2250,4,4,Colombo,34,2,195000000.0,Colombo,7.0,Kesbewa
2100,4,2,Colombo,24,2,14900000.0,Colombo,4.1,Wellampitiya
2600,4,4,Colombo,14,2,29000000.0,Colombo,10.5,Athurugiriya
3300,4,3,Galle,25,2,28500000.0,Galle,25.0,Elpitiya
960,2,1,Colombo,8,1,9200000.0,Colombo,9.0,Meegoda
2950,4,3,Gampaha,13,2,12500000.0,Gampaha,14.5,Kadawatha
1040,4,3,Colombo,7,2,25000000.0,Colombo,8.4,Boralesgamuwa
1800,3,2,Colombo,15,2,17000000.0,Colombo,12.5,Talawatugoda
2100,4,2,Colombo,5,2,37000000.0,Colombo,21.5,Malabe
2800,4,4,Colombo,1,2,28000000.0,Colombo,10.0,Malabe
2600,4,4,Colombo,10,2,29000000.0,Colombo,10.0,Malabe
2800,4,4,Colombo,31,2,28000000.0,Colombo,10.0,Athurugiriya
3000,5,4,Colombo,41,2,40000000.0,Colombo,10.0,Piliyandala
2500,5,3,Colombo,22,2,50000000.0,Colombo,10.6,Pannipitiya
2500,4,2,Gampaha,24,2,16000000.0,Gampaha,5.0,Gampaha City
2500,4,1,Gampaha,22,2,21500000.0,Gampaha,40.0,Gampaha City
2975,5,4,Kandy,5,2,40000000.0,Kandy,16.0,Kandy City
1500,3,1,Gampaha,1,2,8600000.0,Gampaha,20.0,Gampaha City
1800,3,2,Gampaha,46,2,13200000.0,Gampaha,20.0,Kiribathgoda
850,2,1,Gampaha,3,1,3500000.0,Gampaha,7.0,Gampaha City
1047,6,4,Batticaloa,30,3,26000000.0,Batticaloa,31.0,Batticaloa City
3000,4,3,Colombo,1,2,32500000.0,Colombo,14.0,Rajagiriya
2200,4,4,Colombo,30,2,17500000.0,Colombo,7.0,Piliyandala
2200,3,1,Colombo,47,2,7200000.0,Colombo,12.0,Kaduwela
1400,3,2,Colombo,30,2,18000000.0,Colombo,11.0,Kottawa
2500,3,2,Matara,14,2,19500000.0,Matara,20.0,Akuressa
2500,6,2,Gampaha,43,3,21000000.0,Gampaha,15.0,Gampaha City
1500,3,1,Gampaha,23,2,7200000.0,Gampaha,30.0,Gampaha City
850,1,1,Gampaha,6,1,3200000.0,Gampaha,16.0,Gampaha City
1000,4,1,Gampaha,13,2,7500000.0,Gampaha,18.0,Gampaha City
1000,2,1,Gampaha,13,1,4600000.0,Gampaha,9.8,Delgoda
2500,4,3,Colombo,9,2,26000000.0,Colombo,8.5,Piliyandala
2600,4,3,Colombo,5,2,25500000.0,Colombo,6.2,Piliyandala
4000,4,4,Colombo,9,2,65000000.0,Colombo,12.0,Malabe
2400,4,3,Colombo,14,2,24800000.0,Colombo,6.0,Piliyandala
3000,4,4,Colombo,40,2,28500000.0,Colombo,15.0,Piliyandala
3250,5,3,Colombo,26,2,23500000.0,Colombo,7.0,Piliyandala
2000,4,3,Colombo,24,2,17500000.0,Colombo,6.5,Piliyandala
2200,4,3,Colombo,40,2,45000000.0,Colombo,6.3,Boralesgamuwa
1850,3,2,Colombo,46,2,32000000.0,Colombo,8.0,Piliyandala
3100,4,4,Colombo,50,2,40000000.0,Colombo,10.0,Piliyandala
2400,4,3,Colombo,43,2,24800000.0,Colombo,6.0,Piliyandala
1200,3,2,Colombo,26,2,18500000.0,Colombo,10.0,Piliyandala
3100,4,4,Colombo,22,2,40000000.0,Colombo,10.0,Piliyandala
3000,4,4,Colombo,16,2,28500000.0,Colombo,15.0,Piliyandala
2500,2,1,Gampaha,24,1,5550000.0,Gampaha,12.5,Nittambuwa
1600,2,1,Gampaha,7,1,6750000.0,Gampaha,25.0,Nittambuwa
2300,2,1,Kegalle,20,1,7000000.0,Kegalle,31.0,Mawanella
1600,5,1,Gampaha,45,2,4650000.0,Gampaha,12.0,Nittambuwa
1500,3,1,Gampaha,5,2,36400000.0,Gampaha,280.0,Nittambuwa
2200,4,3,Colombo,34,2,26000000.0,Colombo,7.0,Piliyandala
3000,5,4,Colombo,49,2,40000000.0,Colombo,10.0,Piliyandala
2900,4,4,Colombo,25,2,36000000.0,Colombo,8.5,Piliyandala
2500,5,4,Colombo,14,2,28500000.0,Colombo,7.7,Piliyandala
1192,3,1,Gampaha,15,2,7000000.0,Gampaha,15.2,Veyangoda
1000,2,1,Galle,40,1,3500000.0,Galle,10.0,Hikkaduwa
3605,6,5,Colombo,20,3,65000000.0,Colombo,18.98,Nugegoda
2400,4,4,Colombo,20,2,33500000.0,Colombo,36.5,Athurugiriya
2800,4,4,Colombo,19,2,28000000.0,Colombo,10.0,Athurugiriya
400,1,1,Colombo,28,1,3000000.0,Colombo,1.0,Colombo 10
1000,2,1,Kalutara,16,1,3800000.0,Kalutara,5.6,Panadura
2600,4,4,Colombo,5,2,29000000.0,Colombo,10.5,Athurugiriya
3000,4,4,Colombo,49,2,53000000.0,Colombo,16.0,Talawatugoda
1850,3,2,Colombo,5,2,47500000.0,Colombo,6.5,Nawala
1500,3,1,Gampaha,7,2,7500000.0,Gampaha,10.0,Ganemulla
2440,4,3,Colombo,11,2,45000000.0,Colombo,9.55,Nawala
3600,4,3,Colombo,46,2,36000000.0,Colombo,7.8,Malabe
3000,4,4,Colombo,22,2,36000000.0,Colombo,10.0,Malabe
3850,7,4,Colombo,43,4,27000000.0,Colombo,10.0,Malabe
2800,4,4,Colombo,35,2,27500000.0,Colombo,11.5,Malabe
2500,5,4,Colombo,6,2,26000000.0,Colombo,10.5,Malabe
1350,3,2,Colombo,45,2,14500000.0,Colombo,10.0,Malabe
2600,4,4,Colombo,3,2,29000000.0,Colombo,10.0,Malabe
2800,4,4,Colombo,5,2,28000000.0,Colombo,10.0,Malabe
3850,4,4,Colombo,4,2,33000000.0,Colombo,10.0,Piliyandala
2500,4,3,Colombo,48,2,26000000.0,Colombo,8.5,Piliyandala
1350,3,2,Colombo,3,2,14500000.0,Colombo,10.0,Athurugiriya
1200,3,3,Colombo,33,2,14500000.0,Colombo,6.0,Athurugiriya
950,3,2,Colombo,24,2,18500000.0,Colombo,3.0,Athurugiriya
2600,4,3,Colombo,35,2,25500000.0,Colombo,6.2,Piliyandala
2000,4,3,Colombo,9,2,16000000.0,Colombo,17.0,Athurugiriya
2600,5,3,Gampaha,29,2,18500000.0,Gampaha,10.3,Minuwangoda
2200,4,3,Colombo,46,2,23000000.0,Colombo,7.0,Athurugiriya
1500,3,1,Gampaha,12,2,6500000.0,Gampaha,8.5,Ganemulla
3600,6,4,Colombo,13,3,33500000.0,Colombo,16.2,Kottawa
880,2,1,Galle,8,1,7000000.0,Galle,10.31,Galle City
2400,4,3,Colombo,5,2,24800000.0,Colombo,6.0,Piliyandala
2550,4,3,Colombo,11,2,25500000.0,Colombo,7.5,Piliyandala
1800,3,3,Colombo,14,2,23500000.0,Colombo,8.0,Piliyandala
1200,3,2,Colombo,25,2,18500000.0,Colombo,10.0,Piliyandala
2400,4,3,Colombo,45,2,26000000.0,Colombo,7.0,Piliyandala
3250,5,3,Colombo,44,2,23500000.0,Colombo,7.0,Piliyandala
1200,3,3,Colombo,16,2,14000000.0,Colombo,12.0,Piliyandala
2000,4,3,Colombo,47,2,17500000.0,Colombo,6.5,Piliyandala
3000,4,3,Colombo,22,2,110000000.0,Colombo,50.2,Talawatugoda
3500,5,5,Colombo,47,2,40000000.0,Colombo,11.0,Talawatugoda
2800,5,7,Colombo,48,2,64000000.0,Colombo,17.5,Talawatugoda
1350,3,2,Colombo,6,2,14500000.0,Colombo,10.0,Malabe
1900,3,2,Colombo,20,2,19000000.0,Colombo,11.4,Malabe
2200,4,3,Colombo,6,2,26500000.0,Colombo,6.5,Malabe
2200,4,3,Colombo,39,2,22500000.0,Colombo,6.3,Malabe
1300,3,1,Kalutara,10,2,9750000.0,Kalutara,13.0,Horana
2400,4,3,Colombo,8,2,27000000.0,Colombo,7.0,Kottawa
1800,5,2,Colombo,6,2,27500000.0,Colombo,10.0,Talawatugoda
3500,4,3,Colombo,10,2,65000000.0,Colombo,15.0,Nugegoda
2400,4,4,Colombo,13,2,33500000.0,Colombo,36.5,Talawatugoda
4000,4,5,Colombo,15,2,29500000.0,Colombo,10.0,Kottawa
2500,4,4,Colombo,2,2,24800000.0,Colombo,6.5,Piliyandala
4000,5,3,Colombo,28,2,40000000.0,Colombo,10.9,Kaduwela
3600,4,3,Colombo,9,2,52500000.0,Colombo,15.0,Talawatugoda
4500,4,5,Colombo,13,2,37500000.0,Colombo,14.5,Kottawa
2000,5,3,Kalutara,23,2,27500000.0,Kalutara,17.5,Kalutara City
4290,5,4,Galle,15,2,65000000.0,Galle,23.5,Galle City
4200,7,3,Galle,7,4,32000000.0,Galle,10.5,Galle City
2500,6,6,Galle,8,3,55000000.0,Galle,26.0,Galle City
1900,3,2,Galle,5,2,14500000.0,Galle,40.0,Galle City
2600,5,3,Galle,37,2,25000000.0,Galle,8.9,Galle City
2400,6,6,Galle,43,3,100000000.0,Galle,59.6,Galle City
2000,3,3,Galle,36,2,15000000.0,Galle,20.0,Galle City
2000,3,3,Galle,48,2,24000000.0,Galle,23.5,Galle City
1800,3,3,Gampaha,4,2,21500000.0,Gampaha,6.0,Kiribathgoda
2800,4,4,Gampaha,4,2,27000000.0,Gampaha,18.0,Kiribathgoda
3500,5,4,Gampaha,9,2,33000000.0,Gampaha,11.0,Kiribathgoda
2900,4,3,Gampaha,30,2,30000000.0,Gampaha,10.0,Kiribathgoda
2400,4,4,Gampaha,3,2,20500000.0,Gampaha,16.0,Kadawatha
1600,4,1,Gampaha,6,2,16500000.0,Gampaha,16.0,Kadawatha
2200,3,2,Gampaha,10,2,18500000.0,Gampaha,20.5,Kadawatha
3000,5,2,Gampaha,9,2,24500000.0,Gampaha,10.0,Gampaha City
2000,5,1,Galle,22,2,30000000.0,Galle,21.0,Ambalangoda
2000,4,2,Colombo,1,2,20000000.0,Colombo,4.5,Boralesgamuwa
1500,3,1,Galle,17,2,7200000.0,Galle,54.0,Ambalangoda
1000,3,2,Galle,40,2,6500000.0,Galle,7.0,Ambalangoda
1501,4,1,Gampaha,18,2,6000000.0,Gampaha,15.1,Gampaha City
1000,3,1,Galle,3,2,5200000.0,Galle,9.5,Ambalangoda
1500,4,1,Galle,16,2,4700000.0,Galle,10.0,Ambalangoda
2000,3,2,Galle,29,2,23000000.0,Galle,10.0,Ambalangoda
1200,2,1,Colombo,3,1,5700000.0,Colombo,6.2,Homagama
3600,5,4,Colombo,50,2,55000000.0,Colombo,13.0,Nugegoda
1500,3,1,Galle,23,2,6000000.0,Galle,10.5,Ambalangoda
1200,3,1,Colombo,7,2,8900000.0,Colombo,6.4,Kesbewa
900,2,1,Gampaha,3,1,7000000.0,Gampaha,5.0,Gampaha City
1500,4,1,Galle,19,2,6200000.0,Galle,15.0,Ambalangoda
4871,5,4,Colombo,3,2,59000000.0,Colombo,10.0,Malabe
2800,2,1,Gampaha,29,1,5500000.0,Gampaha,15.0,Nittambuwa
2000,2,1,Galle,8,1,5200000.0,Galle,10.3,Ambalangoda
2500,4,1,Galle,1,2,7800000.0,Galle,6.5,Ambalangoda
2500,5,2,Galle,16,2,16500000.0,Galle,10.0,Ambalangoda
1000,1,1,Colombo,2,1,16000000.0,Colombo,4.0,Dehiwala
1700,5,2,Gampaha,10,2,16000000.0,Gampaha,13.6,Kiribathgoda
3000,6,4,Colombo,2,3,47500000.0,Colombo,10.0,Nugegoda
3000,4,4,Colombo,50,2,53000000.0,Colombo,16.0,Talawatugoda
2800,5,7,Colombo,19,2,64000000.0,Colombo,17.5,Talawatugoda
3300,6,4,Colombo,7,3,44000000.0,Colombo,10.0,Maharagama
2800,4,4,Colombo,26,2,27500000.0,Colombo,10.0,Athurugiriya
1500,4,2,Colombo,21,2,14499999.0,Colombo,7.8,Homagama
4900,4,4,Colombo,21,2,80000000.0,Colombo,16.0,Kotte
4000,4,4,Colombo,1,2,100000000.0,Colombo,10.0,Kotte
3850,4,4,Colombo,19,2,33500000.0,Colombo,10.0,Piliyandala
3000,4,3,Colombo,50,2,33000000.0,Colombo,8.02,Nugegoda
1900,3,1,Galle,18,2,3000000.0,Galle,9.0,Hikkaduwa
1000,3,1,Galle,28,2,4200000.0,Galle,9.0,Batapola
2000,3,3,Colombo,4,2,20500000.0,Colombo,6.5,Athurugiriya
2500,4,1,Matara,18,2,13000000.0,Matara,22.0,Hakmana
1500,4,2,Galle,7,2,4500000.0,Galle,32.0,Batapola
1500,3,1,Galle,20,2,4700000.0,Galle,30.0,Batapola
1800,5,2,Galle,11,2,7200000.0,Galle,20.0,Batapola
1200,4,1,Galle,17,2,5700000.0,Galle,11.0,Batapola
4084,5,1,Galle,3,2,13500000.0,Galle,15.85,Galle City
1000,3,1,Galle,37,2,7000000.0,Galle,13.0,Ahangama
1100,2,1,Colombo,5,1,9800000.0,Colombo,9.2,Piliyandala
2500,5,4,Colombo,9,2,26000000.0,Colombo,10.5,Malabe
6500,6,5,Colombo,20,3,44000000.0,Colombo,12.5,Talawatugoda
1300,3,2,Colombo,20,2,23500000.0,Colombo,6.1,Dehiwala
3000,4,3,Colombo,12,2,110000000.0,Colombo,50.2,Talawatugoda
1000,2,1,Gampaha,49,1,10500000.0,Gampaha,24.5,Divulapitiya
1350,3,2,Colombo,4,2,14500000.0,Colombo,10.0,Malabe
1200,3,1,Colombo,38,2,12700000.0,Colombo,15.0,Moratuwa
2500,5,3,Colombo,47,2,17500000.0,Colombo,10.0,Kottawa
1830,4,2,Colombo,13,2,17500000.0,Colombo,13.0,Kottawa
1800,4,4,Colombo,44,2,17500000.0,Colombo,7.5,Kottawa
3800,6,4,Colombo,3,3,29500000.0,Colombo,13.0,Kottawa
3600,6,5,Colombo,50,3,33500000.0,Colombo,16.0,Kottawa
2800,4,4,Colombo,10,2,28000000.0,Colombo,10.0,Malabe
2600,4,4,Colombo,5,2,29000000.0,Colombo,10.5,Malabe
1500,3,2,Colombo,1,2,16500000.0,Colombo,7.5,Athurugiriya
1350,3,2,Colombo,11,2,14500000.0,Colombo,10.0,Athurugiriya
1100,3,2,Colombo,16,2,8900000.0,Colombo,7.9,Athurugiriya
3000,4,3,Colombo,11,2,110000000.0,Colombo,50.2,Talawatugoda
3000,4,4,Colombo,8,2,60000000.0,Colombo,15.0,Talawatugoda
3200,5,3,Colombo,27,2,54800000.0,Colombo,7.31,Nugegoda
1600,3,2,Colombo,10,2,13500000.0,Colombo,11.5,Piliyandala
2000,4,2,Colombo,11,2,23000000.0,Colombo,12.0,Homagama
1350,3,2,Colombo,50,2,14500000.0,Colombo,10.0,Malabe
1250,3,2,Colombo,7,2,16500000.0,Colombo,7.5,Malabe
1900,3,2,Colombo,7,2,19000000.0,Colombo,11.4,Malabe
1500,3,3,Colombo,41,2,18500000.0,Colombo,7.5,Malabe
2400,4,3,Colombo,8,2,24800000.0,Colombo,6.0,Piliyandala
2550,4,3,Colombo,17,2,25500000.0,Colombo,7.5,Piliyandala
2200,4,3,Colombo,6,2,26000000.0,Colombo,7.0,Piliyandala
3000,4,4,Colombo,40,2,28500000.0,Colombo,15.0,Piliyandala
3200,4,3,Colombo,45,2,30500000.0,Colombo,7.5,Piliyandala
3250,5,3,Colombo,44,2,23500000.0,Colombo,7.0,Piliyandala
3000,5,4,Colombo,13,2,40000000.0,Colombo,10.0,Piliyandala
2000,4,3,Colombo,25,2,17500000.0,Colombo,6.5,Piliyandala
2900,4,4,Colombo,5,2,36000000.0,Colombo,8.5,Piliyandala
2400,4,3,Colombo,41,2,24800000.0,Colombo,6.0,Piliyandala
2500,4,3,Colombo,40,2,26000000.0,Colombo,8.5,Piliyandala
2500,5,4,Colombo,12,2,28500000.0,Colombo,7.7,Piliyandala
2600,4,3,Colombo,6,2,25500000.0,Colombo,6.2,Piliyandala
3800,5,4,Colombo,25,2,29500000.0,Colombo,6.5,Homagama
2450,4,3,Colombo,23,2,170000000.0,Colombo,11.5,Talawatugoda
2072,3,2,Colombo,19,2,28000000.0,Colombo,17.5,Wellampitiya
1900,3,2,Colombo,19,2,29100000.0,Colombo,13.0,Nugegoda
2668,3,2,Colombo,5,2,43500000.0,Colombo,9.82,Malabe
3888,4,2,Gampaha,16,2,42000000.0,Gampaha,15.5,Kelaniya
4500,5,5,Colombo,34,2,115000000.0,Colombo,22.0,Battaramulla
1200,3,1,Gampaha,29,2,12500000.0,Gampaha,5.6,Wattala
2000,4,4,Colombo,47,2,23500000.0,Colombo,6.0,Malabe
4800,5,3,Kalutara,35,2,7500000.0,Kalutara,11.4,Horana
2600,4,3,Colombo,25,2,19000000.0,Colombo,18.2,Athurugiriya
2000,4,2,Colombo,38,2,16000000.0,Colombo,17.0,Godagama
1000,1,2,Colombo,8,1,13000000.0,Colombo,12.0,Godagama
1850,3,2,Colombo,2,2,23500000.0,Colombo,11.0,Talawatugoda
2000,3,3,Colombo,10,2,20500000.0,Colombo,6.5,Athurugiriya
2067,5,2,Colombo,38,2,22000000.0,Colombo,6.0,Athurugiriya
1500,3,2,Kandy,33,2,11000000.0,Kandy,12.8,Kundasale
2650,3,1,Colombo,24,2,40500000.0,Colombo,10.5,Kolonnawa
1400,3,3,Colombo,40,2,18500000.0,Colombo,11.0,Kesbewa
2200,4,3,Colombo,4,2,26000000.0,Colombo,7.0,Piliyandala
2450,2,1,Gampaha,16,1,14000000.0,Gampaha,16.25,Gampaha City
1500,3,2,Colombo,37,2,15000000.0,Colombo,7.5,Kesbewa
2600,4,4,Colombo,7,2,29000000.0,Colombo,10.5,Athurugiriya
2000,2,2,Gampaha,3,1,7800000.0,Gampaha,15.0,Gampaha City
1800,5,2,Colombo,48,2,8500000.0,Colombo,17.0,Homagama
1250,3,1,Colombo,9,2,9500000.0,Colombo,13.2,Piliyandala
5284,4,3,Gampaha,30,2,27500000.0,Gampaha,15.0,Gampaha City
2100,5,3,Colombo,12,2,48000000.0,Colombo,11.7,Kotte
3000,4,3,Colombo,22,2,110000000.0,Colombo,50.2,Talawatugoda
3500,5,5,Colombo,47,2,21000000.0,Colombo,15.0,Homagama
3500,5,4,Colombo,47,2,50000000.0,Colombo,11.6,Maharagama
2049,2,1,Colombo,18,1,35000000.0,Colombo,13.5,Talawatugoda
2500,5,3,Colombo,25,2,17500000.0,Colombo,10.0,Kottawa
2400,4,2,Colombo,50,2,38000000.0,Colombo,10.0,Kottawa
2200,5,2,Colombo,24,2,41000000.0,Colombo,6.09,Dehiwala
3200,4,3,Colombo,46,2,30500000.0,Colombo,7.5,Piliyandala
3000,5,4,Colombo,13,2,40000000.0,Colombo,10.0,Piliyandala
2600,4,4,Colombo,9,2,34000000.0,Colombo,9.0,Maharagama
4800,5,5,Colombo,33,2,60000000.0,Colombo,21.0,Maharagama
2900,4,4,Colombo,4,2,36000000.0,Colombo,8.5,Piliyandala
2800,4,4,Colombo,1,2,28000000.0,Colombo,10.0,Malabe
1800,3,2,Colombo,2,2,11200000.0,Colombo,8.0,Athurugiriya
2500,4,3,Colombo,16,2,26000000.0,Colombo,8.5,Piliyandala
2500,5,4,Colombo,9,2,28500000.0,Colombo,7.7,Piliyandala
3000,4,3,Colombo,8,2,115000000.0,Colombo,50.2,Talawatugoda
3500,5,4,Colombo,9,2,40000000.0,Colombo,11.0,Talawatugoda
3850,4,4,Colombo,3,2,33500000.0,Colombo,10.0,Piliyandala
1500,3,3,Colombo,5,2,18500000.0,Colombo,7.5,Malabe
1900,3,2,Colombo,20,2,19000000.0,Colombo,11.4,Malabe
1250,3,2,Colombo,42,2,16500000.0,Colombo,7.5,Malabe
2200,4,3,Colombo,9,2,22500000.0,Colombo,6.3,Malabe
2005,4,4,Colombo,43,2,20500000.0,Colombo,6.0,Malabe
2400,4,3,Colombo,10,2,24800000.0,Colombo,6.0,Piliyandala
2550,4,3,Colombo,2,2,25500000.0,Colombo,7.5,Piliyandala
3000,4,4,Colombo,3,2,28500000.0,Colombo,15.0,Piliyandala
2400,4,3,Colombo,21,2,23500000.0,Colombo,7.0,Piliyandala
3250,5,3,Colombo,48,2,23500000.0,Colombo,7.0,Piliyandala
2000,4,3,Colombo,10,2,17500000.0,Colombo,6.5,Piliyandala
2500,4,5,Colombo,42,2,25500000.0,Colombo,7.0,Piliyandala
3000,4,3,Colombo,6,2,47500000.0,Colombo,10.0,Talawatugoda
1500,2,1,Puttalam,3,1,4950000.0,Puttalam,40.0,Chilaw
4000,6,4,Kurunegala,5,3,45000000.0,Kurunegala,17.0,Kurunegala City
2500,3,1,Gampaha,1,2,26000000.0,Gampaha,13.0,Wattala
2000,5,3,Kalutara,11,2,27500000.0,Kalutara,17.5,Kalutara City
2400,4,4,Colombo,8,2,24800000.0,Colombo,6.0,Piliyandala
2400,4,3,Colombo,14,2,90000000.0,Colombo,36.0,Talawatugoda
1633,6,3,Matara,15,3,70000000.0,Matara,24.0,Matara City
1200,3,1,Kandy,21,2,7000000.0,Kandy,10.5,Nawalapitiya
2900,4,4,Colombo,8,2,36000000.0,Colombo,8.5,Piliyandala
1380,3,3,Gampaha,4,2,17500000.0,Gampaha,9.0,Ja-Ela
6500,5,4,Colombo,45,2,100000000.0,Colombo,20.0,Battaramulla
1300,3,1,Colombo,50,2,11500000.0,Colombo,10.2,Kaduwela
3000,4,4,Colombo,5,2,60000000.0,Colombo,15.0,Talawatugoda
3300,3,2,Colombo,42,2,40000000.0,Colombo,7.0,Talawatugoda
1200,2,1,Kalutara,20,1,8000000.0,Kalutara,15.0,Bandaragama
2600,4,4,Colombo,9,2,23000000.0,Colombo,7.0,Malabe
1200,3,2,Colombo,6,2,12000000.0,Colombo,10.0,Homagama
3000,4,4,Colombo,48,2,36000000.0,Colombo,10.0,Malabe
2200,4,3,Colombo,4,2,26500000.0,Colombo,6.5,Malabe
3000,5,4,Colombo,38,2,75000000.0,Colombo,9.15,Battaramulla
3050,5,4,Kandy,48,2,32500000.0,Kandy,21.0,Kandy City
1800,3,2,Kalutara,3,2,13500000.0,Kalutara,20.0,Kalutara City
2400,4,3,Colombo,7,2,24800000.0,Colombo,6.0,Piliyandala
3200,4,4,Colombo,13,2,53000000.0,Colombo,16.0,Kotte
2800,4,4,Colombo,29,2,27500000.0,Colombo,11.5,Malabe
1050,3,2,Colombo,23,2,9750000.0,Colombo,6.0,Homagama
1600,3,3,Colombo,26,2,20000000.0,Colombo,8.0,Kottawa
2600,4,4,Colombo,45,2,29000000.0,Colombo,10.0,Malabe
2800,4,4,Colombo,49,2,28000000.0,Colombo,10.0,Malabe
2550,4,3,Colombo,8,2,25500000.0,Colombo,7.5,Piliyandala
2800,5,4,Colombo,7,2,31500000.0,Colombo,7.0,Ratmalana
3000,5,4,Colombo,6,2,40000000.0,Colombo,10.0,Piliyandala
2600,5,4,Colombo,21,2,28500000.0,Colombo,10.0,Homagama
3600,6,4,Colombo,16,3,33500000.0,Colombo,16.2,Kottawa
3200,5,3,Colombo,24,2,42500000.0,Colombo,6.5,Nugegoda
1300,3,2,Colombo,19,2,11500000.0,Colombo,10.0,Homagama
4000,4,4,Colombo,4,2,67500000.0,Colombo,12.0,Boralesgamuwa
2000,3,3,Colombo,9,2,20500000.0,Colombo,6.5,Athurugiriya
2000,4,2,Colombo,6,2,20000000.0,Colombo,4.5,Boralesgamuwa
2067,5,4,Colombo,13,2,22000000.0,Colombo,6.0,Athurugiriya
3500,5,2,Colombo,34,2,125000000.0,Colombo,25.0,Colombo 9
1200,3,2,Colombo,6,2,23000000.0,Colombo,10.0,Boralesgamuwa
2900,4,2,Colombo,36,2,22500000.0,Colombo,7.0,Homagama
2400,4,3,Colombo,21,2,26500000.0,Colombo,7.0,Kottawa
3000,4,3,Colombo,5,2,29500000.0,Colombo,12.0,Kottawa
3300,3,3,Colombo,6,2,32000000.0,Colombo,12.0,Kottawa
2000,4,2,Colombo,12,2,17500000.0,Colombo,7.5,Kottawa
2000,4,3,Colombo,46,2,26000000.0,Colombo,13.0,Kottawa
7240,5,6,Colombo,25,2,70000000.0,Colombo,17.0,Kottawa
7240,5,6,Colombo,22,2,70000000.0,Colombo,17.0,Talawatugoda
3600,6,4,Colombo,10,3,33500000.0,Colombo,16.2,Kottawa
3500,5,5,Colombo,42,2,40000000.0,Colombo,11.0,Talawatugoda
4500,4,5,Colombo,40,2,37500000.0,Colombo,14.5,Kottawa
4120,4,2,Colombo,48,2,40000000.0,Colombo,10.3,Maharagama
2750,4,3,Colombo,42,2,27000000.0,Colombo,12.0,Maharagama
2500,4,2,Colombo,5,2,36000000.0,Colombo,7.0,Maharagama
3300,6,4,Colombo,20,3,44000000.0,Colombo,10.0,Maharagama
5000,4,4,Colombo,27,2,120000000.0,Colombo,92.0,Maharagama
3000,4,4,Colombo,46,2,28500000.0,Colombo,15.0,Piliyandala
1250,3,2,Colombo,28,2,16500000.0,Colombo,7.5,Malabe
1800,3,3,Colombo,5,2,23000000.0,Colombo,8.0,Piliyandala
2400,4,3,Colombo,1,2,23500000.0,Colombo,7.0,Piliyandala
1800,3,1,Colombo,2,2,14500000.0,Colombo,10.0,Piliyandala
1200,3,2,Colombo,43,2,18500000.0,Colombo,10.0,Piliyandala
3100,4,4,Colombo,9,2,40000000.0,Colombo,10.0,Piliyandala
3250,5,3,Colombo,30,2,23500000.0,Colombo,7.0,Piliyandala
1200,3,3,Colombo,30,2,14000000.0,Colombo,12.0,Piliyandala
3000,4,3,Colombo,48,2,35000000.0,Colombo,19.0,Piliyandala
2500,4,3,Colombo,26,2,33000000.0,Colombo,12.6,Piliyandala
2000,4,3,Colombo,28,2,17500000.0,Colombo,6.5,Piliyandala
2500,4,5,Colombo,21,2,25500000.0,Colombo,7.0,Piliyandala
2550,4,3,Colombo,9,2,25500000.0,Colombo,7.5,Piliyandala
2750,4,3,Colombo,2,2,68000000.0,Colombo,8.0,Colombo 5
4000,4,4,Colombo,44,2,76000000.0,Colombo,17.5,Battaramulla
1650,3,2,Colombo,7,2,16700000.0,Colombo,11.0,Piliyandala
2550,4,3,Colombo,13,2,23500000.0,Colombo,7.0,Piliyandala
3250,4,4,Colombo,17,2,30500000.0,Colombo,8.0,Piliyandala
2500,5,4,Colombo,33,2,28500000.0,Colombo,7.7,Piliyandala
2500,4,3,Colombo,9,2,26000000.0,Colombo,8.5,Piliyandala
2600,4,3,Colombo,36,2,25500000.0,Colombo,6.2,Piliyandala
950,3,1,Colombo,14,2,20000000.0,Colombo,12.0,Kaduwela
3550,5,4,Colombo,35,2,52000000.0,Colombo,13.0,Kotte
2700,5,3,Colombo,19,2,52500000.0,Colombo,12.2,Battaramulla
4200,5,4,Colombo,2,2,66000000.0,Colombo,29.0,Battaramulla
820,2,2,Colombo,42,1,9300000.0,Colombo,3.0,Wellampitiya
3800,6,4,Colombo,2,3,29500000.0,Colombo,13.0,Talawatugoda
2400,3,3,Colombo,16,2,20000000.0,Colombo,10.2,Talawatugoda
650,2,1,Galle,18,1,3200000.0,Galle,20.0,Ambalangoda
3900,4,4,Colombo,40,2,29500000.0,Colombo,9.6,Malabe
550,3,1,Colombo,22,2,6500000.0,Colombo,3.0,Colombo 5
4800,4,3,Colombo,14,2,26000000.0,Colombo,6.0,Wellampitiya
1500,3,1,Colombo,37,2,14500000.0,Colombo,26.0,Godagama
3000,4,4,Colombo,48,2,44000000.0,Colombo,9.0,Battaramulla
2600,4,3,Colombo,13,2,23500000.0,Colombo,7.5,Kottawa
2200,4,3,Colombo,20,2,33500000.0,Colombo,36.5,Talawatugoda
4000,6,3,Colombo,20,3,45000000.0,Colombo,21.5,Piliyandala
1170,3,1,Kalutara,40,2,6300000.0,Kalutara,8.75,Kalutara City
10500,3,2,Colombo,49,2,13700000.0,Colombo,15.0,Athurugiriya
3200,2,3,Colombo,10,1,9000000.0,Colombo,11.0,Wellampitiya
1200,3,3,Kalutara,5,2,15000000.0,Kalutara,13.5,Panadura
1200,4,2,Kalutara,3,2,11000000.0,Kalutara,6.0,Panadura
1100,3,1,Kandy,7,2,9500000.0,Kandy,11.5,Peradeniya
1500,3,1,Kegalle,21,2,8280000.0,Kegalle,46.0,Dehiowita
2000,4,1,Kurunegala,19,2,5000000.0,Kurunegala,22.0,Wariyapola
2600,7,2,Colombo,16,4,13500000.0,Colombo,13.0,Boralesgamuwa
2000,3,2,Kandy,10,2,13200888.0,Kandy,11.5,Kandy City
3000,5,3,Colombo,9,2,37500000.0,Colombo,16.0,Malabe
2550,4,3,Colombo,4,2,28500000.0,Colombo,14.0,Piliyandala
3800,7,4,Colombo,2,4,27000000.0,Colombo,10.0,Malabe
4000,4,3,Gampaha,23,2,25000000.0,Gampaha,59.0,Katunayake
1830,4,2,Colombo,31,2,17500000.0,Colombo,13.0,Kottawa
3800,6,4,Colombo,49,3,29500000.0,Colombo,13.0,Kottawa
2900,4,4,Colombo,24,2,33000000.0,Colombo,8.0,Kottawa
1410,4,2,Polonnaruwa,7,2,8000000.0,Polonnaruwa,20.0,Hingurakgoda
3500,5,5,Colombo,8,2,40000000.0,Colombo,11.0,Talawatugoda
3000,4,4,Colombo,2,2,60000000.0,Colombo,15.0,Talawatugoda
3300,3,2,Colombo,1,2,40000000.0,Colombo,7.0,Talawatugoda
2005,4,4,Colombo,18,2,20500000.0,Colombo,6.0,Malabe
2800,4,4,Colombo,4,2,27500000.0,Colombo,11.5,Malabe
2600,4,4,Colombo,4,2,29000000.0,Colombo,10.0,Athurugiriya
950,3,2,Colombo,10,2,18500000.0,Colombo,3.0,Athurugiriya
600,2,1,Colombo,22,1,4800000.0,Colombo,2.4,Colombo 8
1500,3,2,Colombo,36,2,16500000.0,Colombo,7.5,Athurugiriya
2400,4,2,Colombo,41,2,14000000.0,Colombo,18.0,Homagama
2000,3,3,Colombo,46,2,20500000.0,Colombo,6.5,Athurugiriya
1600,3,3,Colombo,42,2,20000000.0,Colombo,8.0,Kottawa
1900,3,2,Colombo,47,2,19000000.0,Colombo,11.4,Malabe
2600,4,4,Colombo,23,2,29000000.0,Colombo,10.0,Malabe
2000,4,4,Colombo,2,2,23500000.0,Colombo,7.0,Malabe
4000,5,4,Colombo,1,2,65000000.0,Colombo,12.5,Malabe
2800,4,4,Colombo,6,2,28000000.0,Colombo,10.0,Malabe
1000,3,1,Galle,21,2,5600000.0,Galle,32.0,Ambalangoda
2200,4,3,Colombo,28,2,26500000.0,Colombo,6.5,Malabe
3000,4,4,Colombo,38,2,36000000.0,Colombo,10.0,Malabe
3000,4,4,Colombo,47,2,28500000.0,Colombo,15.0,Piliyandala
2550,4,3,Colombo,10,2,25500000.0,Colombo,7.5,Piliyandala
2500,4,3,Colombo,2,2,26000000.0,Colombo,8.5,Piliyandala
2500,5,4,Colombo,42,2,28500000.0,Colombo,7.7,Piliyandala
2800,5,4,Colombo,10,2,36000000.0,Colombo,8.5,Kesbewa
2200,4,2,Colombo,8,2,24000000.0,Colombo,6.5,Nugegoda
2300,4,4,Colombo,44,2,25500000.0,Colombo,6.2,Piliyandala
4800,6,4,Colombo,22,3,39000000.0,Colombo,12.0,Talawatugoda
5000,5,4,Colombo,25,2,201150000.0,Colombo,15.0,Colombo 5
1650,3,1,Gampaha,40,2,9800000.0,Gampaha,12.0,Ragama
3200,4,4,Colombo,45,2,53000000.0,Colombo,16.0,Talawatugoda
3000,5,4,Colombo,39,2,40000000.0,Colombo,10.0,Piliyandala
3000,4,3,Colombo,42,2,29000000.0,Colombo,15.0,Kottawa
1870,3,2,Colombo,40,2,29100000.0,Colombo,13.0,Nugegoda
1500,3,1,Gampaha,6,2,10000000.0,Gampaha,10.0,Seeduwa
2300,5,3,Colombo,9,2,70000000.0,Colombo,19.25,Talawatugoda
3000,5,5,Anuradhapura,25,2,40000000.0,Anuradhapura,22.0,Anuradhapura City
3500,4,3,Colombo,33,2,52000000.0,Colombo,10.5,Battaramulla
2600,4,4,Colombo,2,2,29000000.0,Colombo,10.0,Athurugiriya
1900,3,2,Colombo,20,2,29100000.0,Colombo,13.0,Nugegoda
3200,4,4,Colombo,46,2,53000000.0,Colombo,16.0,Kotte
3300,3,2,Colombo,22,2,40000000.0,Colombo,7.0,Talawatugoda
2800,4,4,Colombo,19,2,28000000.0,Colombo,10.0,Malabe
1500,3,2,Colombo,10,2,16500000.0,Colombo,7.5,Athurugiriya
950,3,2,Colombo,48,2,18500000.0,Colombo,3.0,Athurugiriya
2800,4,4,Colombo,35,2,28000000.0,Colombo,10.0,Athurugiriya
2600,4,4,Colombo,47,2,29000000.0,Colombo,10.0,Malabe
1250,3,2,Colombo,20,2,16500000.0,Colombo,7.5,Malabe
1500,3,1,Kalutara,4,2,12500000.0,Kalutara,18.5,Panadura
2000,3,2,Galle,4,2,19000000.0,Galle,20.0,Galle City
1500,3,3,Colombo,16,2,18500000.0,Colombo,7.5,Malabe
2000,4,4,Colombo,45,2,23500000.0,Colombo,6.0,Malabe
1100,2,2,Colombo,44,1,8500000.0,Colombo,7.5,Piliyandala
2600,5,2,Gampaha,15,2,14500000.0,Gampaha,39.0,Ganemulla
2550,4,3,Colombo,44,2,23500000.0,Colombo,7.5,Kottawa
3800,7,4,Colombo,8,4,27000000.0,Colombo,10.0,Malabe
3000,6,1,Colombo,43,3,19000000.0,Colombo,20.0,Piliyandala
2900,4,4,Colombo,25,2,36000000.0,Colombo,8.5,Piliyandala
2200,4,3,Colombo,36,2,21500000.0,Colombo,9.0,Piliyandala
2300,4,3,Colombo,6,2,33500000.0,Colombo,36.5,Kottawa
4000,5,3,Colombo,36,2,65000000.0,Colombo,10.0,Battaramulla
1050,3,1,Colombo,28,2,9200000.0,Colombo,6.0,Meegoda
3850,4,4,Colombo,10,2,33500000.0,Colombo,10.0,Piliyandala
2600,4,4,Colombo,49,2,34000000.0,Colombo,9.0,Maharagama
2800,4,3,Colombo,10,2,33500000.0,Colombo,36.5,Talawatugoda
1800,5,3,Colombo,38,2,26500000.0,Colombo,9.15,Pannipitiya
1200,5,2,Colombo,37,2,14500000.0,Colombo,36.5,Kesbewa
1600,3,2,Colombo,36,2,12500000.0,Colombo,8.8,Piliyandala
4150,4,2,Colombo,8,2,40000000.0,Colombo,10.3,Maharagama
3200,4,3,Colombo,45,2,30500000.0,Colombo,7.5,Piliyandala
2005,4,4,Colombo,15,2,20500000.0,Colombo,6.0,Athurugiriya
2400,4,4,Colombo,17,2,26000000.0,Colombo,10.5,Malabe
2850,4,3,Colombo,30,2,47000000.0,Colombo,10.12,Malabe
2400,4,3,Colombo,1,2,24800000.0,Colombo,6.0,Piliyandala
2550,4,3,Colombo,15,2,25500000.0,Colombo,7.5,Piliyandala
2200,4,4,Colombo,14,2,23500000.0,Colombo,7.0,Malabe
900,2,1,Colombo,23,1,5800000.0,Colombo,6.0,Kesbewa
1100,4,2,Galle,50,2,7999500.0,Galle,10.0,Galle City
1800,4,4,Colombo,45,2,17500000.0,Colombo,7.5,Kottawa
3600,6,5,Colombo,32,3,33500000.0,Colombo,16.0,Kottawa
3000,4,4,Colombo,24,2,60000000.0,Colombo,15.0,Talawatugoda
1600,3,2,Colombo,38,2,14800000.0,Colombo,8.0,Athurugiriya
1900,3,2,Colombo,4,2,19000000.0,Colombo,11.4,Malabe
2200,4,3,Colombo,41,2,22500000.0,Colombo,6.3,Malabe
2800,4,3,Colombo,6,2,27500000.0,Colombo,11.4,Malabe
1900,3,2,Colombo,35,2,19000000.0,Colombo,11.4,Athurugiriya
1200,3,3,Colombo,31,2,14500000.0,Colombo,6.0,Athurugiriya
2000,3,3,Colombo,42,2,20500000.0,Colombo,6.5,Athurugiriya
2067,5,4,Colombo,48,2,22000000.0,Colombo,6.0,Athurugiriya
2500,5,1,Colombo,16,2,17000000.0,Colombo,11.0,Kolonnawa
1500,3,3,Colombo,8,2,18500000.0,Colombo,7.5,Malabe
2005,4,4,Colombo,50,2,20500000.0,Colombo,6.0,Malabe
3000,5,3,Colombo,50,2,65000000.0,Colombo,10.0,Battaramulla
2000,3,2,Colombo,8,2,16000000.0,Colombo,6.0,Pannipitiya
2400,4,3,Colombo,35,2,26500000.0,Colombo,7.0,Kottawa
3600,6,4,Colombo,40,3,33500000.0,Colombo,16.2,Kottawa
1600,4,2,Colombo,49,2,14500000.0,Colombo,6.0,Piliyandala
1400,3,1,Colombo,48,2,13500000.0,Colombo,14.0,Piliyandala
2000,4,3,Colombo,3,2,17500000.0,Colombo,6.5,Piliyandala
2200,4,3,Colombo,7,2,26000000.0,Colombo,7.0,Piliyandala
3250,5,3,Colombo,41,2,23500000.0,Colombo,7.0,Piliyandala
2600,4,3,Colombo,13,2,25500000.0,Colombo,6.2,Piliyandala
2500,4,3,Colombo,47,2,26000000.0,Colombo,8.5,Piliyandala
2500,5,4,Colombo,10,2,28500000.0,Colombo,7.7,Piliyandala
1200,3,3,Colombo,29,2,14000000.0,Colombo,12.0,Piliyandala
2400,4,3,Colombo,2,2,24800000.0,Colombo,6.0,Piliyandala
2550,4,3,Colombo,24,2,25500000.0,Colombo,7.5,Piliyandala
650,2,1,Galle,22,1,3800000.0,Galle,10.0,Batapola
1800,4,2,Colombo,36,2,14000000.0,Colombo,12.0,Homagama
1030,3,1,Colombo,40,2,9200000.0,Colombo,6.0,Homagama
2400,6,3,Kandy,14,3,42500000.0,Kandy,10.0,Kandy City
2500,5,3,Galle,48,2,8000000.0,Galle,10.0,Galle City
2200,6,2,Gampaha,11,3,13800000.0,Gampaha,10.0,Ragama
1560,2,1,Colombo,46,1,16500000.0,Colombo,6.0,Dehiwala
1600,3,1,Kandy,19,2,16500000.0,Kandy,21.0,Kandy City
1200,3,2,Gampaha,1,2,12500000.0,Gampaha,7.1,Kadawatha
2200,4,3,Colombo,6,2,9700000.0,Colombo,10.0,Athurugiriya
6500,5,4,Colombo,43,2,44000000.0,Colombo,12.5,Talawatugoda
2200,4,1,Kalutara,45,2,13500000.0,Kalutara,20.0,Panadura
1450,3,2,Gampaha,2,2,8800000.0,Gampaha,17.0,Kadawatha
2600,4,2,Kegalle,9,2,15000000.0,Kegalle,10.0,Mawanella
1789,3,3,Colombo,18,2,43000000.0,Colombo,15.0,Kotte
3850,4,4,Colombo,10,2,33500000.0,Colombo,10.0,Piliyandala
4000,4,2,Galle,37,2,32500000.0,Galle,68.0,Galle City
1200,3,1,Gampaha,3,2,9500000.0,Gampaha,75.0,Negombo
1500,2,1,Matara,11,1,7500000.0,Matara,16.0,Matara City
5500,5,6,Colombo,43,2,100000000.0,Colombo,20.0,Talawatugoda
2550,4,3,Colombo,22,2,25500000.0,Colombo,7.5,Piliyandala
950,2,2,Colombo,49,1,8500000.0,Colombo,6.5,Kesbewa
3200,5,3,Kalutara,6,2,15500000.0,Kalutara,11.0,Wadduwa
1200,3,1,Gampaha,17,2,7500000.0,Gampaha,10.0,Gampaha City
6500,6,5,Colombo,50,3,202890000.0,Colombo,34.0,Battaramulla
900,2,1,Colombo,6,1,8000000.0,Colombo,6.0,Piliyandala
3600,4,3,Colombo,33,2,36000000.0,Colombo,7.8,Malabe
2200,4,3,Colombo,44,2,23000000.0,Colombo,7.0,Athurugiriya
1200,2,1,Kalutara,15,1,9200000.0,Kalutara,10.0,Panadura
800,2,1,Galle,10,1,9800000.0,Galle,7.0,Galle City
1200,3,2,Jaffna,32,2,13600000.0,Jaffna,40.0,Jaffna City
1150,2,1,Hambantota,38,1,4750000.0,Hambantota,18.0,Tissamaharama
3550,2,2,Colombo,6,1,22500000.0,Colombo,12.5,Wellampitiya
2200,4,3,Colombo,50,2,26000000.0,Colombo,7.0,Piliyandala
2600,4,3,Colombo,25,2,25500000.0,Colombo,6.2,Piliyandala
3000,6,3,Colombo,43,3,90000000.0,Colombo,8.0,Colombo 6
2200,4,4,Colombo,42,2,17500000.0,Colombo,6.5,Piliyandala
3750,5,3,Colombo,38,2,45000000.0,Colombo,12.2,Piliyandala
2500,5,3,Galle,33,2,26000000.0,Galle,17.0,Karapitiya
1000,4,1,Kurunegala,34,2,5000000.0,Kurunegala,56.0,Hettipola
1198,3,1,Gampaha,16,2,8000000.0,Gampaha,11.9,Ragama
7200,6,4,Colombo,15,3,69000000.0,Colombo,20.0,Maharagama
1500,2,2,Colombo,18,1,16500000.0,Colombo,6.4,Kolonnawa
2500,5,3,Colombo,9,2,17500000.0,Colombo,10.0,Kottawa
3600,6,5,Colombo,45,3,33500000.0,Colombo,16.0,Kottawa
2900,4,3,Colombo,3,2,33000000.0,Colombo,8.0,Kottawa
3800,6,4,Colombo,3,3,29500000.0,Colombo,13.0,Kottawa
2000,3,3,Colombo,7,2,20500000.0,Colombo,6.5,Athurugiriya
2067,5,2,Colombo,12,2,22000000.0,Colombo,6.0,Athurugiriya
3500,5,4,Colombo,50,2,40000000.0,Colombo,11.0,Talawatugoda
3000,4,4,Colombo,2,2,53000000.0,Colombo,16.0,Talawatugoda
2600,4,4,Colombo,20,2,29000000.0,Colombo,10.0,Malabe
2500,4,3,Colombo,37,2,26000000.0,Colombo,8.5,Piliyandala
2550,4,3,Colombo,6,2,25500000.0,Colombo,7.5,Piliyandala
2800,4,4,Colombo,8,2,28000000.0,Colombo,10.0,Malabe
2500,5,4,Colombo,41,2,28500000.0,Colombo,7.7,Piliyandala
2200,4,3,Colombo,25,2,22500000.0,Colombo,6.3,Malabe
1250,3,2,Colombo,47,2,16500000.0,Colombo,7.5,Malabe
1900,3,2,Colombo,8,2,19000000.0,Colombo,11.4,Malabe
1500,3,3,Colombo,9,2,18500000.0,Colombo,7.5,Malabe
1200,3,3,Colombo,42,2,14500000.0,Colombo,6.0,Athurugiriya
1400,3,1,Colombo,8,2,13500000.0,Colombo,14.0,Piliyandala
1900,3,2,Colombo,11,2,19000000.0,Colombo,11.4,Athurugiriya
1000,3,1,Galle,43,2,4200000.0,Galle,20.0,Elpitiya
3250,5,3,Colombo,31,2,23500000.0,Colombo,7.0,Piliyandala
2000,4,3,Colombo,24,2,17500000.0,Colombo,6.5,Piliyandala
2000,6,1,Galle,18,3,37500000.0,Galle,55.0,Galle City
1500,3,1,Galle,4,2,16000000.0,Galle,60.0,Hikkaduwa
1350,3,2,Kalutara,11,2,12500000.0,Kalutara,12.5,Panadura
2500,4,3,Galle,2,2,17000000.0,Galle,10.0,Galle City
6200,6,5,Colombo,15,3,100000000.0,Colombo,20.0,Talawatugoda
950,3,1,Colombo,23,2,37000000.0,Colombo,12.6,Rajagiriya
1200,4,2,Batticaloa,24,2,17000000.0,Batticaloa,21.0,Batticaloa City
850,2,1,Galle,6,1,3000000.0,Galle,17.0,Batapola
5308,2,1,Gampaha,7,1,9000000.0,Gampaha,19.9,Minuwangoda
3800,3,1,Kalutara,44,2,6800000.0,Kalutara,14.0,Wadduwa
2600,2,1,Colombo,13,1,19000000.0,Colombo,10.0,Boralesgamuwa
2400,5,3,Colombo,33,2,16500000.0,Colombo,12.0,Malabe
1050,3,1,Gampaha,33,2,9800000.0,Gampaha,10.2,Kadawatha
1480,7,3,Gampaha,13,4,48500000.0,Gampaha,15.0,Wattala
12000,3,1,Kandy,31,2,9800000.0,Kandy,17.5,Kandy City
800,2,1,Puttalam,6,1,3500000.0,Puttalam,13.5,Chilaw
1400,2,1,Badulla,20,1,5700000.0,Badulla,10.0,Badulla City
1210,3,1,Kandy,2,2,16500000.0,Kandy,20.0,Menikhinna
2335,3,2,Gampaha,37,2,8000000.0,Gampaha,10.0,Kadawatha
1500,6,4,Colombo,5,3,45000000.0,Colombo,7.9,Rajagiriya
3000,5,4,Colombo,50,2,40000000.0,Colombo,10.0,Piliyandala
2200,4,3,Colombo,5,2,26000000.0,Colombo,7.0,Piliyandala
2500,4,3,Colombo,20,2,26000000.0,Colombo,8.5,Piliyandala
1500,4,2,Colombo,4,2,36000000.0,Colombo,20.0,Rajagiriya
3000,4,4,Colombo,39,2,28500000.0,Colombo,15.0,Piliyandala
2550,4,3,Colombo,30,2,25500000.0,Colombo,7.5,Piliyandala
1500,3,2,Colombo,23,2,14500000.0,Colombo,14.0,Kesbewa
3891,4,2,Gampaha,2,2,10000000.0,Gampaha,10.0,Ja-Ela
4000,6,6,Colombo,10,3,55000000.0,Colombo,12.9,Boralesgamuwa
3200,4,3,Colombo,7,2,30500000.0,Colombo,7.5,Piliyandala
3100,4,4,Colombo,20,2,36000000.0,Colombo,8.5,Piliyandala
2600,4,3,Colombo,43,2,25500000.0,Colombo,6.2,Piliyandala
2500,5,4,Colombo,46,2,28500000.0,Colombo,7.7,Piliyandala
6000,4,1,Kandy,8,2,9000000.0,Kandy,40.0,Nawalapitiya
2900,4,4,Colombo,7,2,44000000.0,Colombo,9.0,Battaramulla
1200,3,1,Kalutara,4,2,6000000.0,Kalutara,9.0,Kalutara City
2750,3,4,Gampaha,15,2,32000000.0,Gampaha,7.3,Wattala
2150,3,3,Colombo,48,2,16500000.0,Colombo,10.1,Talawatugoda
4628,4,2,Kurunegala,21,2,7500000.0,Kurunegala,33.0,Kurunegala City
1800,3,1,Kurunegala,5,2,14900000.0,Kurunegala,17.0,Narammala
916,2,2,Colombo,38,1,6500000.0,Colombo,3.5,Wellampitiya
6000,5,5,Colombo,50,2,120000000.0,Colombo,16.0,Talawatugoda
3200,5,3,Colombo,25,2,54800000.0,Colombo,7.31,Boralesgamuwa
1100,2,1,Colombo,9,1,14600000.0,Colombo,4.8,Kolonnawa
1300,4,2,Colombo,13,2,14300000.0,Colombo,18.0,Piliyandala
4500,4,5,Colombo,22,2,37500000.0,Colombo,14.5,Kottawa
3000,4,3,Colombo,20,2,29500000.0,Colombo,12.0,Kottawa
3600,6,4,Colombo,27,3,33500000.0,Colombo,16.2,Kottawa
5000,4,4,Colombo,10,2,120000000.0,Colombo,92.0,Maharagama
3300,6,4,Colombo,7,3,45000000.0,Colombo,10.0,Maharagama
4000,6,4,Colombo,11,3,26000000.0,Colombo,9.5,Maharagama
1900,3,2,Colombo,6,2,27500000.0,Colombo,13.0,Maharagama
2500,4,2,Colombo,3,2,36000000.0,Colombo,7.0,Maharagama
2750,4,3,Colombo,22,2,27000000.0,Colombo,12.0,Maharagama
2500,3,2,Colombo,6,2,35000000.0,Colombo,10.0,Maharagama
2600,4,3,Colombo,23,2,35000000.0,Colombo,8.2,Maharagama
2300,3,3,Colombo,50,2,45000000.0,Colombo,11.0,Maharagama
2000,3,2,Colombo,1,2,16000000.0,Colombo,6.0,Pannipitiya
2700,5,3,Colombo,1,2,28000000.0,Colombo,10.4,Pannipitiya
2550,4,3,Colombo,10,2,25500000.0,Colombo,7.5,Piliyandala
1800,3,3,Colombo,19,2,23000000.0,Colombo,8.0,Piliyandala
2400,4,3,Colombo,44,2,26000000.0,Colombo,7.0,Piliyandala
1400,3,1,Colombo,2,2,13500000.0,Colombo,14.0,Piliyandala
3250,5,3,Colombo,41,2,23500000.0,Colombo,7.0,Piliyandala
2000,4,3,Colombo,17,2,17500000.0,Colombo,6.5,Piliyandala
6500,5,4,Colombo,9,2,44000000.0,Colombo,12.5,Talawatugoda
3500,6,4,Colombo,49,3,20000000.0,Colombo,20.0,Piliyandala
3000,4,4,Colombo,1,2,58500000.0,Colombo,15.0,Piliyandala
2550,4,3,Colombo,10,2,25500000.0,Colombo,7.5,Piliyandala
800,2,1,Colombo,9,1,5500000.0,Colombo,6.0,Nugegoda
3000,6,3,Gampaha,47,3,22000000.0,Gampaha,22.0,Kandana
4000,5,4,Colombo,12,2,120000000.0,Colombo,15.0,Colombo 8
3000,5,4,Galle,14,2,25500000.0,Galle,10.0,Galle City
2000,4,2,Gampaha,39,2,9500000.0,Gampaha,12.0,Ja-Ela
3100,5,4,Colombo,49,2,32500000.0,Colombo,12.0,Malabe
3550,5,4,Colombo,5,2,52000000.0,Colombo,13.1,Kotte
1900,4,2,Colombo,16,2,19000000.0,Colombo,11.4,Malabe
3600,4,3,Colombo,6,2,36000000.0,Colombo,7.8,Malabe
3000,5,3,Colombo,33,2,37500000.0,Colombo,16.0,Malabe
2000,4,1,Galle,47,2,13500000.0,Galle,31.4,Galle City
5500,5,6,Colombo,21,2,100000000.0,Colombo,20.0,Talawatugoda
5600,5,6,Colombo,35,2,100000000.0,Colombo,21.1,Talawatugoda
2600,4,3,Colombo,5,2,25500000.0,Colombo,6.2,Piliyandala
2500,5,4,Colombo,49,2,28500000.0,Colombo,7.7,Piliyandala
2550,4,3,Colombo,35,2,25500000.0,Colombo,7.5,Piliyandala
3250,5,3,Colombo,18,2,23500000.0,Colombo,7.0,Piliyandala
3000,4,2,Colombo,9,2,22000000.0,Colombo,15.4,Boralesgamuwa
2900,5,4,Colombo,9,2,36000000.0,Colombo,8.5,Piliyandala
4000,4,3,Colombo,7,2,56000000.0,Colombo,18.5,Piliyandala
5000,5,2,Gampaha,8,2,55920000.0,Gampaha,48.0,Kiribathgoda
6200,6,6,Colombo,40,3,120000000.0,Colombo,16.1,Talawatugoda
500,2,1,Gampaha,6,1,7500000.0,Gampaha,10.0,Seeduwa
2500,4,1,Badulla,9,2,6500000.0,Badulla,12.0,Welimada
2200,4,3,Colombo,8,2,22500000.0,Colombo,6.3,Malabe
2600,4,4,Colombo,15,2,29000000.0,Colombo,10.5,Athurugiriya
2800,4,4,Colombo,35,2,28000000.0,Colombo,10.0,Athurugiriya
2000,4,2,Colombo,47,2,20000000.0,Colombo,4.5,Boralesgamuwa
3000,4,4,Colombo,46,2,53000000.0,Colombo,16.0,Talawatugoda
1200,3,2,Colombo,26,2,23000000.0,Colombo,10.0,Boralesgamuwa
3000,6,4,Colombo,25,3,47500000.0,Colombo,10.0,Nugegoda
3000,4,4,Colombo,12,2,60000000.0,Colombo,15.0,Talawatugoda
2500,5,3,Colombo,18,2,17500000.0,Colombo,10.0,Kottawa
2900,4,3,Colombo,32,2,33000000.0,Colombo,8.0,Kottawa
3600,6,5,Colombo,16,3,33500000.0,Colombo,16.0,Kottawa
1461,3,1,Galle,15,2,15000000.0,Galle,12.0,Karapitiya
2600,4,4,Colombo,1,2,23000000.0,Colombo,7.0,Malabe
3000,4,4,Colombo,33,2,36000000.0,Colombo,10.0,Malabe
2000,4,2,Colombo,40,2,16000000.0,Colombo,17.0,Godagama
2005,4,4,Colombo,50,2,21000000.0,Colombo,6.0,Athurugiriya
2067,5,4,Colombo,24,2,22000000.0,Colombo,6.0,Athurugiriya
2800,5,7,Colombo,45,2,64000000.0,Colombo,17.5,Talawatugoda
3500,5,5,Colombo,5,2,40000000.0,Colombo,11.0,Talawatugoda
2000,5,2,Galle,10,2,7200000.0,Galle,20.0,Batapola
2300,3,3,Colombo,36,2,34000000.0,Colombo,6.0,Battaramulla
1500,4,2,Galle,47,2,11000000.0,Galle,34.0,Ambalangoda
1560,3,2,Colombo,20,2,7500000.0,Colombo,3.2,Rajagiriya
2800,4,4,Colombo,45,2,28000000.0,Colombo,10.0,Malabe
2500,5,2,Colombo,9,2,19500000.0,Colombo,14.0,Piliyandala
2800,4,3,Colombo,48,2,27500000.0,Colombo,11.5,Malabe
2200,4,3,Colombo,25,2,22500000.0,Colombo,6.3,Malabe
3000,5,3,Colombo,4,2,75000000.0,Colombo,22.5,Malabe
2300,3,2,Kegalle,15,2,6500000.0,Kegalle,11.0,Mawanella
3870,4,4,Colombo,5,2,42500000.0,Colombo,10.1,Talawatugoda
1200,2,1,Gampaha,37,1,3600000.0,Gampaha,6.5,Ganemulla
3600,7,2,Colombo,24,4,40000000.0,Colombo,9.0,Angoda
900,2,1,Kalutara,5,1,5200000.0,Kalutara,15.5,Horana
3500,5,3,Colombo,10,2,120000000.0,Colombo,16.3,Colombo 5
2000,3,2,Kandy,47,2,21000000.0,Kandy,9.0,Kandy City
2200,5,3,Galle,20,2,20000000.0,Galle,20.35,Ambalangoda
2850,4,3,Colombo,2,2,49500000.0,Colombo,10.12,Malabe
3600,4,3,Colombo,49,2,36000000.0,Colombo,7.8,Malabe
2600,4,3,Colombo,11,2,19000000.0,Colombo,18.2,Athurugiriya
2450,4,2,Gampaha,9,2,24500000.0,Gampaha,10.0,Kelaniya
3150,4,3,Gampaha,1,2,26500000.0,Gampaha,10.5,Negombo
4100,5,4,Colombo,7,2,28500000.0,Colombo,10.0,Kesbewa
2000,4,2,Colombo,36,2,28000000.0,Colombo,10.5,Battaramulla
1500,4,2,Colombo,11,2,14500000.0,Colombo,26.0,Kaduwela
1500,4,2,Colombo,45,2,14500000.0,Colombo,26.0,Hanwella
2259,5,3,Colombo,5,2,16500000.0,Colombo,13.0,Piliyandala
2100,3,1,Kalutara,48,2,7500000.0,Kalutara,8.0,Panadura
1800,3,2,Colombo,2,2,18500000.0,Colombo,9.0,Kaduwela
1200,2,1,Gampaha,12,1,3600000.0,Gampaha,6.5,Ganemulla
2600,4,3,Colombo,13,2,25500000.0,Colombo,6.2,Piliyandala
1400,3,1,Colombo,20,2,13500000.0,Colombo,14.0,Piliyandala
1400,3,1,Colombo,2,2,13500000.0,Colombo,14.0,Piliyandala
2400,4,3,Colombo,5,2,26000000.0,Colombo,7.0,Piliyandala
1700,4,2,Colombo,40,2,20000000.0,Colombo,7.0,Angoda
3800,7,4,Colombo,24,4,27000000.0,Colombo,10.0,Malabe
1800,3,3,Colombo,43,2,23000000.0,Colombo,8.0,Piliyandala
2200,4,2,Colombo,40,2,24000000.0,Colombo,6.5,Nugegoda
2800,5,7,Colombo,4,2,64000000.0,Colombo,17.5,Talawatugoda
2800,4,4,Colombo,36,2,28000000.0,Colombo,10.0,Malabe
2600,4,4,Colombo,10,2,29000000.0,Colombo,10.0,Malabe
1907,3,1,Gampaha,15,2,5800000.0,Gampaha,7.0,Kadawatha
2500,5,3,Colombo,23,2,17500000.0,Colombo,10.0,Kottawa
3600,6,5,Colombo,47,3,33500000.0,Colombo,16.0,Kottawa
8712,4,3,Gampaha,46,2,26500000.0,Gampaha,3200.0,Kadawatha
2750,5,3,Colombo,35,2,52500000.0,Colombo,12.2,Battaramulla
2000,3,3,Colombo,45,2,20500000.0,Colombo,6.5,Athurugiriya
3800,4,4,Colombo,39,2,55000000.0,Colombo,12.2,Battaramulla
2067,5,4,Colombo,23,2,22000000.0,Colombo,6.0,Athurugiriya
4630,5,4,Colombo,36,2,65000000.0,Colombo,7.47,Kolonnawa
2800,5,7,Colombo,1,2,64000000.0,Colombo,17.5,Talawatugoda
2005,4,4,Colombo,50,2,27500000.0,Colombo,11.5,Malabe
2200,4,3,Colombo,25,2,26500000.0,Colombo,6.5,Malabe
2500,5,4,Colombo,21,2,28500000.0,Colombo,7.7,Piliyandala
1900,3,2,Colombo,26,2,19000000.0,Colombo,11.4,Malabe
3100,4,4,Colombo,3,2,36000000.0,Colombo,8.5,Piliyandala
2300,4,3,Colombo,6,2,33500000.0,Colombo,36.5,Talawatugoda
2200,4,3,Colombo,14,2,26000000.0,Colombo,7.0,Piliyandala
3240,4,4,Colombo,9,2,25500000.0,Colombo,7.5,Piliyandala
1099,3,2,Gampaha,26,2,10999999.0,Gampaha,5.0,Wattala
2300,3,3,Colombo,2,2,16500000.0,Colombo,10.1,Talawatugoda
1000,2,1,Kurunegala,14,1,6500000.0,Kurunegala,20.0,Wariyapola
1200,3,1,Gampaha,8,2,6750000.0,Gampaha,15.0,Nittambuwa
1100,3,2,Colombo,15,2,70000000.0,Colombo,7.0,Dehiwala
2750,5,4,Colombo,3,2,44000000.0,Colombo,20.0,Maharagama
1350,2,2,Colombo,11,1,15000000.0,Colombo,5.0,Dehiwala
5000,7,5,Colombo,4,4,58000000.0,Colombo,6.5,Colombo 6
